birthdate,isBlock,injuredDays,up15,photo2,isActive,idTeam,nick,number,insertDatetime,price,height,isNational,isExitLeague,initialPrice,fullName,photo,url,fisicStatus,imageTeam,license,idPlayer,birthplace,nationality,competitionAverage,pointsJourney,numberJourney,keep,imageTeamNegative,position,isExtraCommunity,shortName,nameTeam,age,down15
08/04/1997,TRUE,0,54.9,0000783364_5-6_03.jpg,TRUE,18,Batemon,1,20250227T171936+0000,886154,185,FALSE,FALSE,490000,James Batemon,0000783359_5-6_03.jpg,https://www.acb.com/jugador/todos-sus-partidos/id/30003914,fit,2425HioposLleida_positivo.png,EXT,293,Wisconsin,EE.UU.,17.7,<dbl>,<int>,17.7,https://supermanager.acb.com/files/logo/2425HioposLleida_positivo.png,3,TRUE,J. Batemon,Hiopos Lleida,28,-19.5
29/04/1996,TRUE,0,84.9,0000570204_5-6_03.jpg,TRUE,18,Bozic,8,20240909T093415+0000,732258,200,FALSE,FALSE,580000,Luka Bozic,0000570188_5-6_03.jpg,https://www.acb.com/jugador/todos-sus-partidos/id/30003420,fit,2425HioposLleida_positivo.png,EUR,151,Bjelovar,Croacia,14.6,<dbl>,<int>,14.6,https://supermanager.acb.com/files/logo/2425HioposLleida_positivo.png,3,FALSE,L. Bozic,Hiopos Lleida,29,-55.7
20/10/1994,TRUE,0,55.1,0000770893_5-6_03.jpg,TRUE,16,Geben,12,20250102T183911+0000,664000,208,FALSE,FALSE,400000,Martinas Geben,0000770885_5-6_03.jpg,https://www.acb.com/jugador/todos-sus-partidos/id/30002443,fit,BASQUET-GIRONA-Logonegativo2223.png,EUR,274,Vilnus,Lituania,13.3,<dbl>,<int>,13.3,https://supermanager.acb.com/files/logo/BASQUET-GIRONA-Logonegativo2223.png,5,FALSE,M. Geben,Bàsquet Girona,30,-28.6
20/05/1994,TRUE,0,74.4,0000570251_5-6_03.jpg,TRUE,18,Paulí,5,20240909T093415+0000,625000,201,TRUE,FALSE,390000,Oriol Paulí,0000570243_5-6_03.jpg,https://www.acb.com/jugador/todos-sus-partidos/id/20209098,fit,2425HioposLleida_positivo.png,JFL,154,Girona,España,12.5,<dbl>,<int>,12.5,https://supermanager.acb.com/files/logo/2425HioposLleida_positivo.png,3,FALSE,O. Paulí,Hiopos Lleida,31,-49.4
21/11/2002,TRUE,0,60.3,0000568285_5-6_03.jpg,TRUE,16,Fernández,21,20240909T093414+0000,579630,210,TRUE,FALSE,375000,Juan Fernández,0000568273_5-6_03.jpg,https://www.acb.com/jugador/todos-sus-partidos/id/30000138,doubtful,BASQUET-GIRONA-Logonegativo2223.png,JFL,134,Santa Fe,España,11.6,<dbl>,<int>,11.6,https://supermanager.acb.com/files/logo/BASQUET-GIRONA-Logonegativo2223.png,5,FALSE,J. Fernández,Bàsquet Girona,22,-37.1
25/11/1997,TRUE,0,61.1,0000568317_5-6_03.jpg,TRUE,16,Fjellerup,2,20240909T093414+0000,541000,198,FALSE,FALSE,140000,Maxi Fjellerup,0000568312_5-6_03.jpg,https://www.acb.com/jugador/todos-sus-partidos/id/30001997,injured,BASQUET-GIRONA-Logonegativo2223.png,EUR,130,Tres Arroyos,Argentina,10.8,<dbl>,<int>,10.8,https://supermanager.acb.com/files/logo/BASQUET-GIRONA-Logonegativo2223.png,3,FALSE,M. Fjellerup,Bàsquet Girona,27,-39.5
14/03/1995,TRUE,0,62.7,0000568229_5-6_03.jpg,TRUE,16,Iroegbu,0,20240909T093414+0000,526875,188,FALSE,FALSE,575000,Ike Iroegbu,0000568215_5-6_03.jpg,https://www.acb.com/jugador/todos-sus-partidos/id/30002683,fit,BASQUET-GIRONA-Logonegativo2223.png,COT,127,Sacramento (California),Nigeria,10.5,<dbl>,<int>,10.5,https://supermanager.acb.com/files/logo/BASQUET-GIRONA-Logonegativo2223.png,1,FALSE,I. Iroegbu,Bàsquet Girona,30,-41.6
30/09/1998,TRUE,0,59.8,0000568153_5-6_03.jpg,TRUE,16,Durham,42,20240911T150142+0000,490000,193,FALSE,FALSE,550000,Aljami Durham,0000568142_5-6_03.jpg,https://www.acb.com/jugador/todos-sus-partidos/id/30003360,fit,BASQUET-GIRONA-Logonegativo2223.png,EXT,227,Nueva York,EE.UU.,9.8,<dbl>,<int>,9.8,https://supermanager.acb.com/files/logo/BASQUET-GIRONA-Logonegativo2223.png,1,TRUE,A. Durham,Bàsquet Girona,26,-40.2
09/08/2004,TRUE,0,59.2,0000570305_5-6_03.jpg,TRUE,18,Villar,4,20240909T093415+0000,485455,191,TRUE,FALSE,220000,Rafael Villar,0000570293_5-6_03.jpg,https://www.acb.com/jugador/todos-sus-partidos/id/30001243,fit,2425HioposLleida_positivo.png,JFL,152,Barcelona,España,9.7,<dbl>,<int>,9.7,https://supermanager.acb.com/files/logo/2425HioposLleida_positivo.png,1,FALSE,R. Villar,Hiopos Lleida,20,-39.8
06/07/2000,TRUE,0,45.4,0000568301_5-6_03.jpg,TRUE,16,Marcos,6,20240909T093414+0000,436667,190,FALSE,FALSE,400000,Juani Marcos,0000568291_5-6_03.jpg,https://www.acb.com/jugador/todos-sus-partidos/id/30000108,fit,BASQUET-GIRONA-Logonegativo2223.png,EUR,131,Rosario,Italia,8.7,<dbl>,<int>,8.7,https://supermanager.acb.com/files/logo/BASQUET-GIRONA-Logonegativo2223.png,1,FALSE,J. Marcos,Bàsquet Girona,24,-27.9
25/09/1992,TRUE,0,52.6,0000570276_5-6_03.jpg,TRUE,18,Oriola,29,20240909T093415+0000,431212,208,TRUE,FALSE,280000,Pierre Oriola,0000570267_5-6_03.jpg,https://www.acb.com/jugador/todos-sus-partidos/id/20202164,fit,2425HioposLleida_positivo.png,JFL,153,Tárrega,España,8.6,<dbl>,<int>,8.6,https://supermanager.acb.com/files/logo/2425HioposLleida_positivo.png,5,FALSE,P. Oriola,Hiopos Lleida,32,-35.4
17/08/1991,TRUE,0,44.1,0000570335_5-6_03.jpg,TRUE,18,Bropleh,3,20240909T093415+0000,370312,196,FALSE,FALSE,380000,Thomas Bropleh,0000570319_5-6_03.jpg,https://www.acb.com/jugador/todos-sus-partidos/id/30001994,fit,2425HioposLleida_positivo.png,COT,149,New York,Liberia,7.4,<dbl>,<int>,7.4,https://supermanager.acb.com/files/logo/2425HioposLleida_positivo.png,3,FALSE,T. Bropleh,Hiopos Lleida,33,-29.3
02/03/1999,TRUE,0,40.9,0000770903_5-6_03.jpg,TRUE,16,Busquets,4,20240909T093413+0000,362333,201,TRUE,FALSE,180000,Pep Busquets,0000770897_5-6_03.jpg,https://www.acb.com/jugador/todos-sus-partidos/id/20211754,fit,BASQUET-GIRONA-Logonegativo2223.png,JFL,125,Granollers,España,7.2,<dbl>,<int>,7.2,https://supermanager.acb.com/files/logo/BASQUET-GIRONA-Logonegativo2223.png,3,FALSE,P. Busquets,Bàsquet Girona,26,-26.5
10/05/1999,TRUE,0,35.1,0000568395_5-6_03.jpg,TRUE,16,Martínez,23,20240909T093414+0000,337407,202,TRUE,FALSE,420000,Sergi Martínez,0000568379_5-6_03.jpg,https://www.acb.com/jugador/todos-sus-partidos/id/20210335,fit,BASQUET-GIRONA-Logonegativo2223.png,JFL,133,Rubí,España,6.7,<dbl>,<int>,6.7,https://supermanager.acb.com/files/logo/BASQUET-GIRONA-Logonegativo2223.png,3,FALSE,S. Martínez,Bàsquet Girona,26,-21.6
05/08/1992,TRUE,0,40.1,0000570047_5-6_03.jpg,TRUE,18,Walden,2,20240909T150147+0000,336875,188,FALSE,FALSE,300000,Corey Walden,0000570038_5-6_03.jpg,https://www.acb.com/jugador/todos-sus-partidos/id/30003406,fit,2425HioposLleida_positivo.png,EUR,225,Daytona Beach (Florida),Serbia,6.7,<dbl>,<int>,6.7,https://supermanager.acb.com/files/logo/2425HioposLleida_positivo.png,3,FALSE,C. Walden,Hiopos Lleida,32,-26.6
27/11/1991,TRUE,0,32.7,0000574826_5-6_03.jpg,TRUE,18,Muric,10,20240926T164042+0000,297241,202,FALSE,FALSE,340000,Edo Muric,0000574818_5-6_03.jpg,https://www.acb.com/jugador/todos-sus-partidos/id/30003503,doubtful,2425HioposLleida_positivo.png,EUR,232,Ljubljana,Eslovenia,5.9,<dbl>,<int>,5.9,https://supermanager.acb.com/files/logo/2425HioposLleida_positivo.png,5,FALSE,E. Muric,Hiopos Lleida,33,-20.8
22/02/1995,TRUE,0,31.4,0000568339_5-6_03.jpg,TRUE,16,Susinskas,29,20240909T093414+0000,278000,204,FALSE,FALSE,250000,Mindaugas Susinskas,0000568336_5-6_03.jpg,https://www.acb.com/jugador/todos-sus-partidos/id/30002674,fit,BASQUET-GIRONA-Logonegativo2223.png,EUR,129,Alytus,Lituania,5.6,<dbl>,<int>,5.6,https://supermanager.acb.com/files/logo/BASQUET-GIRONA-Logonegativo2223.png,3,FALSE,M. Susinskas,Bàsquet Girona,30,-20.3
03/02/1994,TRUE,0,14.2,0000781885_5-6_03.jpg,TRUE,18,Hamilton,7,20250111T215611+0000,267000,213,FALSE,FALSE,400000,Johnny Hamilton,0000781877_5-6_03.jpg,NA,fit,2425HioposLleida_positivo.png,COT,278,Rio Claro,Trinidad y Tobago,5.3,<dbl>,<int>,5.3,https://supermanager.acb.com/files/logo/2425HioposLleida_positivo.png,5,FALSE,J. Hamilton,Hiopos Lleida,31,-3.5
01/02/1999,TRUE,0,6,0000808637_5-6_03.jpg,TRUE,18,Sanz,14,20250403T112000+0000,203045,199,TRUE,FALSE,250000,Mikel Sanz,0000808632_5-6_03.jpg,https://www.acb.com/jugador/todos-sus-partidos/id/20212478,fit,2425HioposLleida_positivo.png,JFL,310,,España,4.4,<dbl>,<int>,2.4,https://supermanager.acb.com/files/logo/2425HioposLleida_positivo.png,5,FALSE,M. Sanz,Hiopos Lleida,26,-1.3
10/08/1997,TRUE,0,12.5,0000808652_5-6_03.jpg,TRUE,18,Wiggins,0,20250404T142813+0000,231342,206,FALSE,FALSE,450000,Demajeo Wiggins,0000808642_5-6_03.jpg,https://www.acb.com/jugador/todos-sus-partidos/id/30003928,fit,2425HioposLleida_positivo.png,EXT,312,Ohio,EE.UU.,4.4,<dbl>,<int>,6.2,https://supermanager.acb.com/files/logo/2425HioposLleida_positivo.png,5,TRUE,D. Wiggins,Hiopos Lleida,27,0
14/08/1986,TRUE,0,23.6,0000570171_5-6_03.jpg,TRUE,18,Hasbrouck,41,20240920T150142+0000,214483,191,FALSE,FALSE,290000,Kenny Hasbrouck,0000570164_5-6_03.jpg,https://www.acb.com/jugador/todos-sus-partidos/id/20204140,fit,2425HioposLleida_positivo.png,EUR,231,Washington DC,EE.UU.,4.3,<dbl>,<int>,4.3,https://supermanager.acb.com/files/logo/2425HioposLleida_positivo.png,3,FALSE,K. Hasbrouck,Hiopos Lleida,38,-15
07/05/1999,TRUE,0,14.1,0000568415_5-6_03.jpg,TRUE,16,Pons,5,20240909T093414+0000,198125,200,FALSE,FALSE,395000,Yves Pons,0000568398_5-6_03.jpg,https://www.acb.com/jugador/todos-sus-partidos/id/30002671,fit,BASQUET-GIRONA-Logonegativo2223.png,EUR,128,Puerto Príncipe,Francia,4,<dbl>,<int>,4,https://supermanager.acb.com/files/logo/BASQUET-GIRONA-Logonegativo2223.png,5,FALSE,Y. Pons,Bàsquet Girona,26,-6.1
19/05/2000,TRUE,0,8.8,0000568173_5-6_03.jpg,TRUE,16,Caffaro,22,20240909T093414+0000,170666,216,FALSE,FALSE,290000,Francisco Caffaro,0000568169_5-6_03.jpg,https://www.acb.com/jugador/todos-sus-partidos/id/30003407,fit,BASQUET-GIRONA-Logonegativo2223.png,EUR,132,San Jorge,Italia,3.7,<dbl>,<int>,-3.5,https://supermanager.acb.com/files/logo/BASQUET-GIRONA-Logonegativo2223.png,5,FALSE,F. Caffaro,Bàsquet Girona,25,-15.8
08/01/2002,TRUE,0,15.2,0000568202_5-6_03.jpg,TRUE,16,Ferrando,9,20240909T093414+0000,159583,184,TRUE,FALSE,170000,Guillem Ferrando,0000568191_5-6_03.jpg,https://www.acb.com/jugador/todos-sus-partidos/id/20212102,fit,BASQUET-GIRONA-Logonegativo2223.png,JFL,137,Benifairo de la Valldigna,España,3.2,<dbl>,<int>,3.2,https://supermanager.acb.com/files/logo/BASQUET-GIRONA-Logonegativo2223.png,1,FALSE,G. Ferrando,Bàsquet Girona,23,-8.8
26/01/1995,TRUE,0,17.8,0000570014_5-6_03.jpg,TRUE,18,Madsen,20,20240909T093415+0000,161379,208,FALSE,FALSE,320000,Alexander Madsen,0000570007_5-6_03.jpg,https://www.acb.com/jugador/todos-sus-partidos/id/30003234,fit,2425HioposLleida_positivo.png,EUR,150,Valkeala,Finlandia,3.2,<dbl>,<int>,3.2,https://supermanager.acb.com/files/logo/2425HioposLleida_positivo.png,5,FALSE,A. Madsen,Hiopos Lleida,30,-11.3
07/12/1999,TRUE,0,11.3,0000800636_5-6_03.jpg,TRUE,16,Lucas,11,20250404T111935+0000,96172,190,FALSE,FALSE,300000,Jarod Lucas,0000800625_5-6_03.jpg,https://www.acb.com/jugador/todos-sus-partidos/id/30003924,fit,BASQUET-GIRONA-Logonegativo2223.png,EXT,311,California,EE.UU.,0.9,<dbl>,<int>,9,https://supermanager.acb.com/files/logo/BASQUET-GIRONA-Logonegativo2223.png,3,TRUE,J. Lucas,Bàsquet Girona,25,6.7
18/08/2005,TRUE,0,2.3,0000605302_5-6_03.jpg,TRUE,16,Campeny,8,20241012T235150+0000,100000,195,TRUE,FALSE,100000,Pol Campeny,0000605296_5-6_03.jpg,NA,fit,BASQUET-GIRONA-Logonegativo2223.png,JFL,240,Fornells de la Selva,España,0,<NULL>,<int>,2,https://supermanager.acb.com/files/logo/BASQUET-GIRONA-Logonegativo2223.png,3,FALSE,P. Campeny,Bàsquet Girona,19,1.7
30/09/2007,TRUE,0,4.9,0000606962_5-6_03.jpg,TRUE,18,Mauri,52,20241104T144556+0000,85000,190,TRUE,FALSE,100000,Ferran Mauri,0000606956_5-6_03.jpg,NA,fit,2425HioposLleida_positivo.png,JFL,249,Lleida,España,-1,<NULL>,<int>,4.4,https://supermanager.acb.com/files/logo/2425HioposLleida_positivo.png,3,FALSE,F. Mauri,Hiopos Lleida,17,3.9
13/04/1998,TRUE,0,108,0000568567_5-6_03.jpg,TRUE,1,Harding,10,20240909T093353+0000,955333,185,FALSE,FALSE,480000,Jerrick Harding,0000568557_5-6_03.jpg,https://www.acb.com/jugador/todos-sus-partidos/id/30002017,injured,75593.png,EXT,7,Kansas,EE.UU.,19.1,<dbl>,<int>,19.1,https://supermanager.acb.com/files/logo/75539.png,3,TRUE,J. Harding,MoraBanc Andorra,27,-69.7
07/02/1997,TRUE,0,107.7,0000564473_5-6_03.jpg,TRUE,4,Noua,17,20240909T093400+0000,905000,202,FALSE,FALSE,440000,Amine Noua,0000564460_5-6_03.jpg,https://www.acb.com/jugador/todos-sus-partidos/id/30001137,injured,2425CoviranGranadapositivo.png,EUR,43,Lyon,Francia,18.1,<dbl>,<int>,18.1,https://supermanager.acb.com/files/logo/2425CoviranGranadanegativo.png,5,FALSE,A. Noua,Coviran Granada,28,-71.5
19/07/1994,TRUE,0,81,0000568716_5-6_03.jpg,TRUE,1,Evans,0,20240909T093353+0000,778889,185,FALSE,FALSE,600000,Shannon Evans,0000568705_5-6_03.jpg,https://www.acb.com/jugador/todos-sus-partidos/id/30001134,fit,75593.png,COT,3,Connecticut,Guinea,15.6,<dbl>,<int>,15.6,https://supermanager.acb.com/files/logo/75539.png,1,FALSE,S. Evans,MoraBanc Andorra,30,-49.8
04/10/2000,TRUE,0,74.7,0000568642_5-6_03.jpg,TRUE,1,Chougkaz,33,20240909T093353+0000,661333,208,FALSE,FALSE,325000,Nikos Chougkaz,0000568636_5-6_03.jpg,https://www.acb.com/jugador/todos-sus-partidos/id/30003410,fit,75593.png,EUR,5,Atenas,Grecia,13.2,<dbl>,<int>,13.2,https://supermanager.acb.com/files/logo/75539.png,5,FALSE,N. Chougkaz,MoraBanc Andorra,24,-48.3
12/11/1995,TRUE,0,62.7,0000568471_5-6_03.jpg,TRUE,1,Lammers,44,20240909T093353+0000,554667,208,FALSE,FALSE,450000,Ben Lammers,0000568465_5-6_03.jpg,https://www.acb.com/jugador/todos-sus-partidos/id/30000062,fit,75593.png,EXT,8,San Antonio (Texas),EE.UU.,11.1,<dbl>,<int>,11.1,https://supermanager.acb.com/files/logo/75539.png,5,TRUE,B. Lammers,MoraBanc Andorra,29,-40.5
23/12/2000,TRUE,0,61.5,0000568693_5-6_03.jpg,TRUE,1,Doumbouya,45,20240909T093353+0000,544667,206,FALSE,FALSE,550000,Sekou Doumbouya,0000568682_5-6_03.jpg,https://www.acb.com/jugador/todos-sus-partidos/id/30003411,fit,75593.png,EUR,4,Conakri,Francia,10.9,<dbl>,<int>,10.9,https://supermanager.acb.com/files/logo/75539.png,3,FALSE,S. Doumbouya,MoraBanc Andorra,24,-39.8
26/09/2001,TRUE,0,19.9,0000799759_5-6_03.jpg,TRUE,4,Griffin,4,20250321T135526+0000,538333,190,FALSE,FALSE,520000,Sam Griffin,0000799744_5-6_03.jpg,https://www.acb.com/jugador/todos-sus-partidos/id/30003923,injured,2425CoviranGranadapositivo.png,EXT,304,Florida,EE.UU.,10.5,<NULL>,<int>,11.8,https://supermanager.acb.com/files/logo/2425CoviranGranadanegativo.png,3,TRUE,S. Griffin,Coviran Granada,23,3.8
17/02/1997,TRUE,0,53.8,0000564764_5-6_03.jpg,TRUE,4,García,10,20240909T093400+0000,517407,193,TRUE,FALSE,500000,Sergi García,0000564746_5-6_03.jpg,https://www.acb.com/jugador/todos-sus-partidos/id/20210685,fit,2425CoviranGranadapositivo.png,JFL,46,Palma de Mallorca,España,10.3,<dbl>,<int>,10.3,https://supermanager.acb.com/files/logo/2425CoviranGranadanegativo.png,1,FALSE,S. García,Coviran Granada,28,-33.1
11/06/1999,TRUE,0,58.2,0000564546_5-6_03.jpg,TRUE,4,Valtonen,11,20240909T093400+0000,501613,200,FALSE,FALSE,250000,Elias Valtonen,0000564531_5-6_03.jpg,https://www.acb.com/jugador/todos-sus-partidos/id/30001214,fit,2425CoviranGranadapositivo.png,EUR,42,Eura,Finlandia,10,<dbl>,<int>,10,https://supermanager.acb.com/files/logo/2425CoviranGranadanegativo.png,3,FALSE,E. Valtonen,Coviran Granada,25,-38.1
07/02/1990,TRUE,0,57.6,0000564648_5-6_03.jpg,TRUE,4,Rousselle,2,20240909T093400+0000,472424,192,FALSE,FALSE,420000,Jonathan Rousselle,0000564631_5-6_03.jpg,https://www.acb.com/jugador/todos-sus-partidos/id/30000063,fit,2425CoviranGranadapositivo.png,EUR,41,Seclin,Francia,9.4,<dbl>,<int>,9.4,https://supermanager.acb.com/files/logo/2425CoviranGranadanegativo.png,1,FALSE,J. Rousselle,Coviran Granada,35,-38.7
25/08/1989,TRUE,0,54.7,0000568589_5-6_03.jpg,TRUE,1,Kuric,24,20240909T093353+0000,448182,193,FALSE,FALSE,350000,Kyle Kuric,0000568585_5-6_03.jpg,https://www.acb.com/jugador/todos-sus-partidos/id/20210232,fit,75593.png,EUR,6,Evansville (Indiana),Eslovaquia,9,<dbl>,<int>,9,https://supermanager.acb.com/files/logo/75539.png,3,FALSE,K. Kuric,MoraBanc Andorra,35,-36.8
08/10/1998,TRUE,0,23.1,0000799783_5-6_03.jpg,TRUE,4,Visconti,33,20250329T105037+0000,435000,197,FALSE,FALSE,230000,Riccardo Visconti,0000799769_5-6_03.jpg,NA,fit,2425CoviranGranadapositivo.png,EUR,307,Torino,Italia,8.7,<dbl>,<int>,8.7,https://supermanager.acb.com/files/logo/2425CoviranGranadanegativo.png,3,FALSE,R. Visconti,Coviran Granada,26,-5.7
12/08/1989,TRUE,0,37.2,0000564737_5-6_03.jpg,TRUE,4,Bamforth,7,20240909T093400+0000,380000,188,FALSE,FALSE,390000,Scott Bamforth,0000564720_5-6_03.jpg,https://www.acb.com/jugador/todos-sus-partidos/id/20210661,fit,2425CoviranGranadapositivo.png,EXT,44,Albuquerque (Nuevo México),EE.UU.,7.6,<dbl>,<int>,7.6,https://supermanager.acb.com/files/logo/2425CoviranGranadanegativo.png,3,TRUE,S. Bamforth,Coviran Granada,35,-22
11/02/1992,TRUE,0,32.2,0000568668_5-6_03.jpg,TRUE,1,Luz,5,20240909T093353+0000,374286,188,TRUE,FALSE,230000,Rafa Luz,0000568656_5-6_03.jpg,https://www.acb.com/jugador/todos-sus-partidos/id/20200274,fit,75593.png,JFL,9,Araçatuba,España,7.5,<dbl>,<int>,7.5,https://supermanager.acb.com/files/logo/75539.png,1,FALSE,R. Luz,MoraBanc Andorra,33,-17.2
26/11/1993,TRUE,0,29.4,0000564593_5-6_03.jpg,TRUE,4,Clavell,3,20240909T093400+0000,367368,193,FALSE,FALSE,400000,Gian Clavell,0000564577_5-6_03.jpg,https://www.acb.com/jugador/todos-sus-partidos/id/20212977,injured,2425CoviranGranadapositivo.png,EUR,45,Caguas,EE.UU.,7.3,<NULL>,<int>,7.3,https://supermanager.acb.com/files/logo/2425CoviranGranadanegativo.png,3,FALSE,G. Clavell,Coviran Granada,31,-14.7
30/04/1998,TRUE,0,44,0000568521_5-6_03.jpg,TRUE,1,Dos Anjos,23,20240909T093353+0000,351765,218,TRUE,FALSE,340000,Felipe Dos Anjos,0000568506_5-6_03.jpg,https://www.acb.com/jugador/todos-sus-partidos/id/20210122,fit,75593.png,JFL,13,Osasco (Sao Paulo),España,7,<dbl>,<int>,7,https://supermanager.acb.com/files/logo/75539.png,5,FALSE,F. Dos Anjos,MoraBanc Andorra,27,-29.9
10/04/1991,TRUE,0,40.9,0000568742_5-6_03.jpg,TRUE,1,Okoye,11,20240909T093353+0000,327353,198,FALSE,FALSE,270000,Stan Okoye,0000568738_5-6_03.jpg,https://www.acb.com/jugador/todos-sus-partidos/id/20212966,fit,75593.png,COT,2,Raleigh (Carolina del Norte),Nigeria,6.5,<dbl>,<int>,6.5,https://supermanager.acb.com/files/logo/75539.png,3,FALSE,S. Okoye,MoraBanc Andorra,34,-27.8
29/04/1992,TRUE,0,32,0000568541_5-6_03.jpg,TRUE,1,Bassas,20,20240909T093353+0000,317308,181,TRUE,FALSE,240000,Ferran Bassas,0000568532_5-6_03.jpg,https://www.acb.com/jugador/todos-sus-partidos/id/20200243,fit,75593.png,JFL,12,Barcelona,España,6.3,<dbl>,<int>,6.3,https://supermanager.acb.com/files/logo/75539.png,1,FALSE,F. Bassas,MoraBanc Andorra,33,-19.4
19/07/2003,TRUE,0,32.7,0000564440_5-6_03.jpg,TRUE,4,Ubal,12,20240909T093401+0000,296897,198,TRUE,FALSE,150000,Agustín Ubal,0000564427_5-6_03.jpg,https://www.acb.com/jugador/todos-sus-partidos/id/30001332,fit,2425CoviranGranadapositivo.png,JFL,51,Montevideo,Italia,5.9,<dbl>,<int>,5.9,https://supermanager.acb.com/files/logo/2425CoviranGranadanegativo.png,3,FALSE,A. Ubal,Coviran Granada,21,-20.8
05/11/1998,TRUE,0,15.3,0000791265_5-6_03.jpg,TRUE,4,Silverio,51,20250115T215509+0000,259167,190,FALSE,FALSE,280000,Omar Silverio,0000791258_5-6_03.jpg,https://www.acb.com/jugador/todos-sus-partidos/id/30003816,injured,2425CoviranGranadapositivo.png,COT,279,Santiago,República Dominicana,5.2,<dbl>,<int>,5.2,https://supermanager.acb.com/files/logo/2425CoviranGranadanegativo.png,3,FALSE,O. Silverio,Coviran Granada,26,-4.9
13/08/1997,TRUE,0,28.1,0000568491_5-6_03.jpg,TRUE,1,Ortega,13,20240909T093353+0000,225000,190,TRUE,FALSE,280000,Chumi Ortega,0000568484_5-6_03.jpg,https://www.acb.com/jugador/todos-sus-partidos/id/20210959,fit,75593.png,JFL,11,Yecla,España,4.5,<dbl>,<int>,4.5,https://supermanager.acb.com/files/logo/75539.png,3,FALSE,C. Ortega,MoraBanc Andorra,27,-19.1
16/11/1998,TRUE,0,13,0000791294_5-6_03.jpg,TRUE,4,Bezhanishvil,9,20250314T200422+0000,220833,208,FALSE,FALSE,370000,Giorgi Bezhanishvili,0000791291_5-6_03.jpg,https://www.acb.com/jugador/todos-sus-partidos/id/30003921,fit,2425CoviranGranadapositivo.png,EUR,302,Rustavi,Austria,4.4,<dbl>,<int>,4.4,https://supermanager.acb.com/files/logo/2425CoviranGranadanegativo.png,5,FALSE,G.Bezhanishvili,Coviran Granada,26,-4.2
22/10/1995,TRUE,0,26.5,0000564705_5-6_03.jpg,TRUE,4,Guerrero,32,20240909T093401+0000,216970,213,TRUE,FALSE,200000,Rubén Guerrero,0000564692_5-6_03.jpg,https://www.acb.com/jugador/todos-sus-partidos/id/20210707,fit,2425CoviranGranadapositivo.png,JFL,47,Marbella,España,4.3,<dbl>,<int>,4.3,https://supermanager.acb.com/files/logo/2425CoviranGranadanegativo.png,5,FALSE,R. Guerrero,Coviran Granada,29,-17.8
09/05/1991,TRUE,0,16.3,0000568621_5-6_03.jpg,TRUE,1,Llovet,9,20240909T093353+0000,189048,202,TRUE,FALSE,170000,Nacho Llovet,0000568609_5-6_03.jpg,https://www.acb.com/jugador/todos-sus-partidos/id/20203810,injured,75593.png,JFL,10,Barcelona,España,3.8,<dbl>,<int>,3.8,https://supermanager.acb.com/files/logo/75539.png,5,FALSE,N. Llovet,MoraBanc Andorra,34,-8.7
19/03/2004,TRUE,0,14.5,0000791270_5-6_03.jpg,TRUE,4,Ndiaye,46,20240909T150133+0000,175000,210,FALSE,FALSE,180000,Ousmane Ndiaye,0000791268_5-6_03.jpg,https://www.acb.com/jugador/todos-sus-partidos/id/30002069,fit,2425CoviranGranadapositivo.png,COT,169,Guediawaye,Senegal,3.5,<dbl>,<int>,3.5,https://supermanager.acb.com/files/logo/2425CoviranGranadanegativo.png,5,FALSE,O. Ndiaye,Coviran Granada,21,-7.5
19/11/1995,TRUE,0,12.4,0000570637_5-6_03.jpg,TRUE,4,Aurrecoechea,15,20240909T093401+0000,139091,204,TRUE,FALSE,240000,Iván Aurrecoechea,0000570623_5-6_03.jpg,https://www.acb.com/jugador/todos-sus-partidos/id/20210887,fit,2425CoviranGranadapositivo.png,JFL,49,Alcalá de Henares (Madrid),España,2.8,<dbl>,<int>,2.8,https://supermanager.acb.com/files/logo/2425CoviranGranadanegativo.png,5,FALSE,I. Aurrecoechea,Coviran Granada,29,-6.8
25/04/1994,TRUE,0,6.6,0000602232_5-6_03.jpg,TRUE,1,Radicevic,31,20241108T204547+0000,132222,197,FALSE,FALSE,375000,Nikola Radicevic,0000602245_5-6_03.jpg,https://www.acb.com/jugador/todos-sus-partidos/id/30001914,fit,75593.png,EUR,250,Cacak,Serbia,2.6,<NULL>,<int>,2.6,https://supermanager.acb.com/files/logo/75539.png,1,FALSE,N. Radicevic,MoraBanc Andorra,30,-1.3
26/11/1998,TRUE,0,5.8,0000783302_5-6_03.jpg,TRUE,1,Goudou-Sinha,3,20250228T104259+0000,123750,182,FALSE,FALSE,330000,Enzo Goudou-Sinha,0000783295_5-6_03.jpg,https://www.acb.com/jugador/todos-sus-partidos/id/30003913,fit,75593.png,EUR,294,Cahors,Francia,2.5,<dbl>,<int>,2.5,https://supermanager.acb.com/files/logo/75539.png,1,FALSE,E. Goudou-Sinha,MoraBanc Andorra,26,-0.9
25/03/2004,TRUE,0,5.8,0000568457_5-6_03.jpg,TRUE,1,Ganal,8,20240909T093353+0000,98070,185,TRUE,FALSE,105000,Aaron Ganal,0000568453_5-6_03.jpg,https://www.acb.com/jugador/todos-sus-partidos/id/30003442,fit,75593.png,JFL,1,Andorra la Vella,Andorra,1.7,<dbl>,<int>,3.7,https://supermanager.acb.com/files/logo/75539.png,1,FALSE,A. Ganal,MoraBanc Andorra,21,1.7
05/09/1989,TRUE,0,5.4,0000564678_5-6_03.jpg,TRUE,4,Tomàs,19,20240909T093401+0000,63524,200,TRUE,FALSE,185000,Pere Tomàs,0000564666_5-6_03.jpg,https://www.acb.com/jugador/todos-sus-partidos/id/20203675,fit,2425CoviranGranadapositivo.png,JFL,48,Llucmajor (Mallorca),España,1.3,<dbl>,<int>,1,https://supermanager.acb.com/files/logo/2425CoviranGranadanegativo.png,3,FALSE,P. Tomàs,Coviran Granada,35,-3.4
29/05/2006,TRUE,0,2.3,0000606996_5-6_03.jpg,TRUE,4,Medal,25,20250308T231928+0000,100000,189,TRUE,FALSE,100000,Luca Medal,0000606985_5-6_03.jpg,NA,fit,2425CoviranGranadapositivo.png,JFL,299,Puerto de la Cruz,España,0,<NULL>,<int>,2,https://supermanager.acb.com/files/logo/2425CoviranGranadanegativo.png,3,FALSE,L. Medal,Coviran Granada,19,1.7
04/06/2005,TRUE,0,4.9,0000607016_5-6_03.jpg,TRUE,4,Cerdá,34,20241116T204549+0000,85000,216,FALSE,FALSE,100000,Osi Cerdá,0000606999_5-6_03.jpg,NA,fit,2425CoviranGranadapositivo.png,JFL,253,Madrid,España,-1,<dbl>,<int>,4.4,https://supermanager.acb.com/files/logo/2425CoviranGranadanegativo.png,5,FALSE,O. Cerdá,Coviran Granada,20,3.9
12/06/1998,TRUE,0,107.1,0000568088_5-6_03.jpg,TRUE,6,Forrest,11,20240909T150134+0000,948000,194,FALSE,FALSE,420000,Trent Forrest,0000568068_5-6_03.jpg,https://www.acb.com/jugador/todos-sus-partidos/id/30003408,fit,baskonia_00.png,EXT,181,Dotham (Alabama),EE.UU.,19,<dbl>,<int>,19,https://supermanager.acb.com/files/logo/baskonia_00.png,1,TRUE,T. Forrest,Baskonia,26,-69.2
17/01/1998,TRUE,0,93.2,0000568012_5-6_03.jpg,TRUE,6,Sedekerskis,8,20240909T150134+0000,923077,206,TRUE,FALSE,640000,Tadas Sedekerskis,0000568004_5-6_03.jpg,https://www.acb.com/jugador/todos-sus-partidos/id/20210830,fit,baskonia_00.png,JFL,176,Nida,Lituania,18.5,<dbl>,<int>,18.5,https://supermanager.acb.com/files/logo/baskonia_00.png,3,FALSE,T. Sedekerskis,Baskonia,27,-56.3
24/12/1995,TRUE,0,99.1,0000567691_5-6_03.jpg,TRUE,6,Moneke,95,20240909T150133+0000,877333,198,FALSE,FALSE,950000,Chima Moneke,0000567667_5-6_03.jpg,https://www.acb.com/jugador/todos-sus-partidos/id/30001128,fit,baskonia_00.png,COT,170,Abuja,Nigeria,17.5,<dbl>,<int>,17.5,https://supermanager.acb.com/files/logo/baskonia_00.png,5,FALSE,C. Moneke,Baskonia,29,-64
07/08/1997,TRUE,0,86.7,0000567715_5-6_03.jpg,TRUE,6,Hall,45,20240909T150133+0000,728438,208,FALSE,FALSE,380000,Donta Hall,0000567699_5-6_03.jpg,https://www.acb.com/jugador/todos-sus-partidos/id/30003387,fit,baskonia_00.png,EUR,172,Luverne (Alabama),Azerbaiyán,14.6,<dbl>,<int>,14.6,https://supermanager.acb.com/files/logo/baskonia_00.png,5,FALSE,D. Hall,Baskonia,27,-57.5
29/05/1990,TRUE,0,64,0000571352_5-6_03.jpg,TRUE,17,Thompkins,33,20240909T150146+0000,652800,208,FALSE,FALSE,360000,Trey Thompkins,0000571334_5-6_03.jpg,https://www.acb.com/jugador/todos-sus-partidos/id/20211615,fit,2425BCoruna.png,EXT,224,Nueva York,EE.UU.,13.1,<dbl>,<int>,13.1,https://supermanager.acb.com/files/logo/2425BCoruna.png,5,TRUE,T. Thompkins,Leyma Coruña,35,-37.9
17/10/1998,TRUE,0,11,defaultBody.jpg,TRUE,17,Verge,11,20250516T141755+0000,532306,191,FALSE,FALSE,350000,Alonzo Verge Jr.,0000813145_5-6_03.jpg,NA,fit,2425BCoruna.png,EXT,318,Illinois,EE.UU.,12.7,<dbl>,<int>,4.6,https://supermanager.acb.com/files/logo/2425BCoruna.png,1,TRUE,A. Verge,Leyma Coruña,26,-1.8
26/03/1992,TRUE,0,64.5,0000571196_5-6_03.jpg,TRUE,17,Huskic,8,20240909T093414+0000,603214,210,FALSE,FALSE,320000,Goran Huskic,0000571186_5-6_03.jpg,https://www.acb.com/jugador/todos-sus-partidos/id/20210647,fit,2425BCoruna.png,EUR,141,Belgrado,Serbia,12.1,<dbl>,<int>,12.1,https://supermanager.acb.com/files/logo/2425BCoruna.png,5,FALSE,G. Huskic,Leyma Coruña,33,-40.4
03/03/1999,TRUE,0,63.4,0000567855_5-6_03.jpg,TRUE,6,Howard,0,20240909T150134+0000,533125,179,FALSE,FALSE,670000,Markus Howard,0000567839_5-6_03.jpg,https://www.acb.com/jugador/todos-sus-partidos/id/30001957,fit,baskonia_00.png,EXT,180,New Jersey,EE.UU.,10.7,<dbl>,<int>,10.7,https://supermanager.acb.com/files/logo/baskonia_00.png,3,TRUE,M. Howard,Baskonia,26,-42.1
09/05/1995,TRUE,0,55.6,0000568063_5-6_03.jpg,TRUE,6,Luwawu,9,20240909T150133+0000,492333,198,FALSE,FALSE,400000,Timothé Luwawu-Cabarrot,0000568035_5-6_03.jpg,https://www.acb.com/jugador/todos-sus-partidos/id/30003351,fit,baskonia_00.png,EUR,173,Cannes,Francia,9.8,<dbl>,<int>,9.8,https://supermanager.acb.com/files/logo/baskonia_00.png,3,FALSE,Luwawu-Cabarrot,Baskonia,30,-35.9
03/01/1994,TRUE,0,54.1,0000571147_5-6_03.jpg,TRUE,17,Burjanadze,77,20240909T093414+0000,466774,201,TRUE,FALSE,280000,Beqa Burjanadze,0000571133_5-6_03.jpg,https://www.acb.com/jugador/todos-sus-partidos/id/20204145,fit,2425BCoruna.png,JFL,145,Tbilisi,Georgia,9.3,<dbl>,<int>,9.3,https://supermanager.acb.com/files/logo/2425BCoruna.png,5,FALSE,B. Burjanadze,Leyma Coruña,31,-35.5
27/06/2001,TRUE,0,50,0000567885_5-6_03.jpg,TRUE,6,Rogkavopulos,17,20240909T150134+0000,454138,201,FALSE,FALSE,220000,Nikos Rogkavopoulos,0000567867_5-6_03.jpg,https://www.acb.com/jugador/todos-sus-partidos/id/30002650,fit,baskonia_00.png,EUR,174,Marousi,Grecia,9.1,<dbl>,<int>,9.1,https://supermanager.acb.com/files/logo/baskonia_00.png,3,FALSE,N.Rogkavopoulos,Baskonia,23,-31.8
21/11/1999,TRUE,0,40.5,0000571264_5-6_03.jpg,TRUE,17,Lundqvist,9,20240909T093414+0000,440435,201,FALSE,FALSE,290000,Olle Lundqvist,0000571256_5-6_03.jpg,https://www.acb.com/jugador/todos-sus-partidos/id/30003449,fit,2425BCoruna.png,EUR,142,Brunflo,Suecia,8.8,<dbl>,<int>,8.8,https://supermanager.acb.com/files/logo/2425BCoruna.png,3,FALSE,O. Lundqvist,Leyma Coruña,25,-22.9
15/09/1997,TRUE,0,30.1,0000567771_5-6_03.jpg,TRUE,6,Baldwin,44,20240909T150134+0000,423750,183,FALSE,FALSE,600000,Kamar Baldwin,0000567763_5-6_03.jpg,https://www.acb.com/jugador/todos-sus-partidos/id/30003350,fit,baskonia_00.png,EUR,175,Georgia,Georgia,8.5,<dbl>,<int>,8.5,https://supermanager.acb.com/files/logo/baskonia_00.png,1,FALSE,K. Baldwin,Baskonia,27,-13.1
22/07/1997,TRUE,0,21,0000784100_5-6_03.jpg,TRUE,17,Silins,25,20250307T140432+0000,411700,211,FALSE,FALSE,450000,Karlis Silins,0000784086_5-6_03.jpg,https://www.acb.com/jugador/todos-sus-partidos/id/30003918,fit,2425BCoruna.png,EUR,298,Riga,Letonia,8.4,<dbl>,<int>,6.2,https://supermanager.acb.com/files/logo/2425BCoruna.png,5,FALSE,K. Silins,Leyma Coruña,27,-8.6
31/12/1998,TRUE,0,48,0000571108_5-6_03.jpg,TRUE,17,Diagne,12,20240909T093414+0000,413548,215,TRUE,FALSE,200000,Atoumane Diagne,0000571093_5-6_03.jpg,https://www.acb.com/jugador/todos-sus-partidos/id/20211460,fit,2425BCoruna.png,JFL,139,Dakar,Senegal,8.3,<dbl>,<int>,8.3,https://supermanager.acb.com/files/logo/2425BCoruna.png,5,FALSE,A. Diagne,Leyma Coruña,26,-31.4
27/11/1992,TRUE,0,44.1,0000571303_5-6_03.jpg,TRUE,17,Scrubb,6,20240909T093414+0000,412500,194,FALSE,FALSE,440000,Phil Scrubb,0000571294_5-6_03.jpg,https://www.acb.com/jugador/todos-sus-partidos/id/30000058,fit,2425BCoruna.png,EUR,140,Vancouver,Reino Unido,8.3,<dbl>,<int>,8.3,https://supermanager.acb.com/files/logo/2425BCoruna.png,3,FALSE,P. Scrubb,Leyma Coruña,32,-27.6
17/09/1991,TRUE,0,27.7,0000571117_5-6_03.jpg,TRUE,17,Lima,31,20240909T093414+0000,407333,209,TRUE,FALSE,430000,Augusto Lima,0000571114_5-6_03.jpg,https://www.acb.com/jugador/todos-sus-partidos/id/20200277,fit,2425BCoruna.png,JFL,146,Río de Janeiro,España,8.1,<dbl>,<int>,8.1,https://supermanager.acb.com/files/logo/2425BCoruna.png,5,FALSE,A. Lima,Leyma Coruña,33,-11.4
15/01/2002,TRUE,0,42.5,0000567798_5-6_03.jpg,TRUE,6,Diop,18,20240909T150134+0000,356875,215,TRUE,FALSE,280000,Khalifa Diop,0000567786_5-6_03.jpg,https://www.acb.com/jugador/todos-sus-partidos/id/20212905,fit,baskonia_00.png,JFL,179,Guediawaye,Senegal,7.1,<dbl>,<int>,7.1,https://supermanager.acb.com/files/logo/baskonia_00.png,5,FALSE,K. Diop,Baskonia,23,-28.2
15/04/1993,TRUE,0,41.4,0000571374_5-6_03.jpg,TRUE,17,Barrueta,23,20240909T150146+0000,356774,196,FALSE,FALSE,410000,Yunio Barrueta,0000571357_5-6_03.jpg,https://www.acb.com/jugador/todos-sus-partidos/id/30003435,fit,2425BCoruna.png,EUR,223,Miami,EE.UU.,7.1,<dbl>,<int>,7.1,https://supermanager.acb.com/files/logo/2425BCoruna.png,3,FALSE,Y. Barrueta,Leyma Coruña,32,-27.1
09/01/2000,TRUE,0,26.9,0000773298_5-6_03.jpg,TRUE,6,Samanic,99,20250102T183902+0000,348889,208,FALSE,FALSE,375000,Luka Samanic,0000773295_5-6_03.jpg,https://www.acb.com/jugador/todos-sus-partidos/id/20212330,injured,baskonia_00.png,EUR,273,Zagreb,Croacia,7,<dbl>,<int>,7,https://supermanager.acb.com/files/logo/baskonia_00.png,5,FALSE,L. Samanic,Baskonia,25,-12.9
11/03/1998,TRUE,0,16.5,0000571071_5-6_03.jpg,TRUE,17,Font,22,20240909T093414+0000,163462,194,TRUE,FALSE,190000,Aleix Font,0000571066_5-6_03.jpg,https://www.acb.com/jugador/todos-sus-partidos/id/20210147,fit,2425BCoruna.png,JFL,148,Barcelona,España,3.3,<dbl>,<int>,3.3,https://supermanager.acb.com/files/logo/2425BCoruna.png,3,FALSE,A. Font,Leyma Coruña,27,-10
18/04/1993,TRUE,0,16.3,0000571216_5-6_03.jpg,TRUE,17,Jakovics,7,20240909T093414+0000,148276,186,FALSE,FALSE,300000,Ingus Jakovics,0000571207_5-6_03.jpg,https://www.acb.com/jugador/todos-sus-partidos/id/30003423,fit,2425BCoruna.png,EUR,143,Madona,Letonia,3,<dbl>,<int>,3,https://supermanager.acb.com/files/logo/2425BCoruna.png,1,FALSE,I. Jakovics,Leyma Coruña,32,-10.4
13/04/2002,TRUE,0,5.3,0000567968_5-6_03.jpg,TRUE,6,Savkov,6,20240909T150134+0000,150000,200,TRUE,FALSE,120000,Pavel Savkov,0000567954_5-6_03.jpg,https://www.acb.com/jugador/todos-sus-partidos/id/30000111,fit,baskonia_00.png,JFL,178,Moscow,Rusia,3,<dbl>,<int>,3,https://supermanager.acb.com/files/logo/baskonia_00.png,3,FALSE,P. Savkov,Baskonia,23,0.7
01/09/1995,TRUE,0,9,0000567907_5-6_03.jpg,TRUE,6,Jaramaz,10,20240909T150133+0000,89231,193,FALSE,FALSE,210000,Ognjen Jaramaz,0000567898_5-6_03.jpg,https://www.acb.com/jugador/todos-sus-partidos/id/20212947,fit,baskonia_00.png,EUR,171,Krusevac,Serbia,1.8,<dbl>,<int>,1.8,https://supermanager.acb.com/files/logo/baskonia_00.png,1,FALSE,O. Jaramaz,Baskonia,29,-5.4
31/03/1999,TRUE,0,-1.8,0000567993_5-6_03.jpg,TRUE,6,Raieste,2,20240909T150134+0000,64400,201,TRUE,FALSE,130000,Sander Raieste,0000567979_5-6_03.jpg,https://www.acb.com/jugador/todos-sus-partidos/id/20212239,fit,baskonia_00.png,JFL,177,Tallín,Estonia,1.6,<dbl>,<int>,-6.1,https://supermanager.acb.com/files/logo/baskonia_00.png,3,FALSE,S. Raieste,Baskonia,26,-10.3
09/10/1992,TRUE,0,11.8,0000781977_5-6_03.jpg,TRUE,17,Núñez,1,20250228T111935+0000,116917,203,FALSE,FALSE,310000,Angel Núñez,0000781949_5-6_03.jpg,https://www.acb.com/jugador/todos-sus-partidos/id/30003882,injured,2425BCoruna.png,COT,296,Santo Domingo,República Dominicana,1.2,<dbl>,<int>,9.4,https://supermanager.acb.com/files/logo/2425BCoruna.png,3,FALSE,A. Núñez,Leyma Coruña,32,6.9
24/03/2004,TRUE,0,3.3,0000571325_5-6_03.jpg,TRUE,17,Martinez,18,20241228T183909+0000,93500,192,TRUE,FALSE,110000,Santiago Martinez,0000571316_5-6_03.jpg,NA,fit,2425BCoruna.png,JFL,270,A coruña,España,1,<dbl>,<int>,2.7,https://supermanager.acb.com/files/logo/2425BCoruna.png,3,FALSE,S. Martinez,Leyma Coruña,21,2.2
12/02/1990,TRUE,0,3.3,0000571086_5-6_03.jpg,TRUE,17,Hernández,30,20240909T093414+0000,45258,189,TRUE,FALSE,120000,Alex Hernández,0000571077_5-6_03.jpg,https://www.acb.com/jugador/todos-sus-partidos/id/20203802,injured,2425BCoruna.png,JFL,147,Murcia,España,0.7,<dbl>,<int>,2.3,https://supermanager.acb.com/files/logo/2425BCoruna.png,1,FALSE,A. Hernández,Leyma Coruña,35,1.4
30/12/2005,TRUE,0,2.9,0000567827_5-6_03.jpg,TRUE,6,Faye,39,20240929T104034+0000,125000,208,TRUE,FALSE,125000,Seydina Faye,0000567814_5-6_03.jpg,https://www.acb.com/jugador/todos-sus-partidos/id/30001252,fit,baskonia_00.png,JFL,236,Dakar,Senegal,0,<NULL>,<int>,2.5,https://supermanager.acb.com/files/logo/baskonia_00.png,5,FALSE,S. Faye,Baskonia,19,2.1
01/03/2006,TRUE,0,2.5,0000568113_5-6_03.jpg,TRUE,6,Hrabar,33,20241012T235144+0000,110000,204,FALSE,FALSE,110000,Vit Hrabar,0000568102_5-6_03.jpg,NA,fit,baskonia_00.png,EUR,239,Izola,Eslovenia,0,<dbl>,<int>,2.2,https://supermanager.acb.com/files/logo/baskonia_00.png,5,FALSE,V. Hrabar,Baskonia,19,1.9
01/01/2003,TRUE,0,2.3,0000567753_5-6_03.jpg,TRUE,6,Querejeta,4,20241026T192348+0000,100000,186,TRUE,FALSE,100000,Joseba Querejeta,0000567739_5-6_03.jpg,NA,fit,baskonia_00.png,JFL,243,Vitoria-Gasteiz,España,0,<NULL>,<int>,2,https://supermanager.acb.com/files/logo/baskonia_00.png,1,FALSE,J. Querejeta,Baskonia,22,1.7
06/09/2004,TRUE,0,2.3,0000571249_5-6_03.jpg,TRUE,17,Cebrián,3,20250110T155513+0000,100000,186,TRUE,FALSE,100000,Niko Cebrián,0000571240_5-6_03.jpg,NA,fit,2425BCoruna.png,JFL,277,Madrid,España,0,<NULL>,<int>,2,https://supermanager.acb.com/files/logo/2425BCoruna.png,1,FALSE,N. Cebrián,Leyma Coruña,20,1.7
14/10/2004,TRUE,0,9.5,0000571290_5-6_03.jpg,TRUE,17,Thiam,0,20240930T044039+0000,92119,192,TRUE,FALSE,150000,Omar Thiam,0000571277_5-6_03.jpg,https://www.acb.com/jugador/todos-sus-partidos/id/30003479,fit,2425BCoruna.png,JFL,237,Barcelona,España,-0.3,<NULL>,<int>,8.4,https://supermanager.acb.com/files/logo/2425BCoruna.png,5,FALSE,O. Thiam,Leyma Coruña,20,7.3
22/03/1997,TRUE,0,63.4,0000565471_5-6_03.jpg,TRUE,12,Metu,10,20240909T093408+0000,792105,208,FALSE,FALSE,440000,Chimezie Metu,0000565462_5-6_03.jpg,https://www.acb.com/jugador/todos-sus-partidos/id/30003392,injured,2324BarcaLogoweb.png,COT,90,Los Ángeles (California),Nigeria,15.8,<NULL>,<int>,15.8,https://supermanager.acb.com/files/logo/2324BarcaLogoweb.png,5,FALSE,C. Metu,Barça,28,-31.7
15/03/1995,TRUE,0,86.2,0000565533_5-6_03.jpg,TRUE,12,Parker,22,20240909T093409+0000,742903,203,FALSE,FALSE,540000,Jabari Parker,0000565526_5-6_03.jpg,https://www.acb.com/jugador/todos-sus-partidos/id/30002721,fit,2324BarcaLogoweb.png,EXT,97,Chicago (Illinois),EE.UU.,14.9,<dbl>,<int>,14.9,https://supermanager.acb.com/files/logo/2324BarcaLogoweb.png,5,TRUE,J. Parker,Barça,30,-56.5
10/04/2000,TRUE,0,91.4,0000568967_5-6_03.jpg,TRUE,13,Pantzar,19,20240909T093411+0000,731176,190,TRUE,FALSE,530000,Melwin Pantzar,0000568953_5-6_03.jpg,https://www.acb.com/jugador/todos-sus-partidos/id/20212357,fit,logo_surnebb_pos.png,JFL,112,Valsta,Suecia,14.6,<dbl>,<int>,14.6,https://supermanager.acb.com/files/logo/logo_surnebb_neg.png,1,FALSE,M. Pantzar,Surne Bilbao Basket,25,-62.2
04/04/2000,TRUE,0,77.1,0000565578_5-6_03.jpg,TRUE,12,Parra,44,20240909T093410+0000,720357,202,TRUE,FALSE,250000,Joel Parra,0000565565_5-6_03.jpg,https://www.acb.com/jugador/todos-sus-partidos/id/20212265,fit,2324BarcaLogoweb.png,JFL,98,Barcelona,España,14.4,<dbl>,<int>,14.4,https://supermanager.acb.com/files/logo/2324BarcaLogoweb.png,3,FALSE,J. Parra,Barça,25,-48.3
28/10/1997,TRUE,0,72.9,0000569088_5-6_03.jpg,TRUE,13,Hlinason,32,20240909T093411+0000,721538,215,FALSE,FALSE,500000,Tryggvi Hlinason,0000569076_5-6_03.jpg,https://www.acb.com/jugador/todos-sus-partidos/id/20212461,injured,logo_surnebb_pos.png,EUR,105,Akureyri,Islandia,14.4,<NULL>,<int>,14.4,https://supermanager.acb.com/files/logo/logo_surnebb_neg.png,5,FALSE,T. Hlinason,Surne Bilbao Basket,27,-44
25/06/1993,TRUE,0,77.8,0000565635_5-6_03.jpg,TRUE,12,Punter,0,20240909T093409+0000,688333,193,FALSE,FALSE,560000,Kevin Punter,0000565622_5-6_03.jpg,https://www.acb.com/jugador/todos-sus-partidos/id/30003361,fit,2324BarcaLogoweb.png,EUR,91,New York,Serbia,13.8,<dbl>,<int>,13.8,https://supermanager.acb.com/files/logo/2324BarcaLogoweb.png,3,FALSE,K. Punter,Barça,31,-50.2
27/05/1994,TRUE,0,73.9,0000565707_5-6_03.jpg,TRUE,12,Hernangómez,14,20240909T093410+0000,690714,210,TRUE,FALSE,700000,Willy Hernangómez,0000565689_5-6_03.jpg,https://www.acb.com/jugador/todos-sus-partidos/id/20209187,fit,2324BarcaLogoweb.png,JFL,99,Madrid,España,13.8,<dbl>,<int>,13.8,https://supermanager.acb.com/files/logo/2324BarcaLogoweb.png,5,FALSE,W. Hernangómez,Barça,31,-46.3
30/10/1991,TRUE,0,78,0000565684_5-6_03.jpg,TRUE,12,Satoransky,13,20240909T093409+0000,672581,201,FALSE,FALSE,470000,Tomas Satoransky,0000565665_5-6_03.jpg,https://www.acb.com/jugador/todos-sus-partidos/id/20202163,fit,2324BarcaLogoweb.png,EUR,93,Praga,Chequia,13.5,<dbl>,<int>,13.5,https://supermanager.acb.com/files/logo/2324BarcaLogoweb.png,1,FALSE,T. Satoransky,Barça,33,-51.1
08/11/1994,TRUE,0,64.5,0000565506_5-6_03.jpg,TRUE,12,Brizuela,8,20240909T093410+0000,571000,188,TRUE,FALSE,220000,Darío Brizuela,0000565502_5-6_03.jpg,https://www.acb.com/jugador/todos-sus-partidos/id/20209919,fit,2324BarcaLogoweb.png,JFL,100,San Sebastián,España,11.4,<dbl>,<int>,11.4,https://supermanager.acb.com/files/logo/2324BarcaLogoweb.png,3,FALSE,D. Brizuela,Barça,30,-41.7
31/01/1990,TRUE,0,2.4,0000565646_5-6_03.jpg,TRUE,12,Laprovittola,20,20240909T093409+0000,410867,190,FALSE,FALSE,430000,Nico Laprovittola,0000565641_5-6_03.jpg,https://www.acb.com/jugador/todos-sus-partidos/id/20211947,injured,2324BarcaLogoweb.png,EUR,94,Castelar,Italia,11.2,<NULL>,<int>,-3.7,https://supermanager.acb.com/files/logo/2324BarcaLogoweb.png,1,FALSE,N. Laprovittola,Barça,35,-9.9
27/05/1997,TRUE,0,64.6,0000568863_5-6_03.jpg,TRUE,13,Frey,3,20240909T093411+0000,517059,188,FALSE,FALSE,390000,Harald Frey,0000568845_5-6_03.jpg,https://www.acb.com/jugador/todos-sus-partidos/id/30003398,fit,logo_surnebb_pos.png,EUR,103,Oslo,Noruega,10.3,<dbl>,<int>,10.3,https://supermanager.acb.com/files/logo/logo_surnebb_neg.png,1,FALSE,H. Frey,Surne Bilbao Basket,28,-43.9
31/01/2003,TRUE,0,61.7,0000569046_5-6_03.jpg,TRUE,13,De Ridder,11,20240909T093411+0000,505455,203,FALSE,FALSE,300000,Thijs De Ridder,0000569033_5-6_03.jpg,https://www.acb.com/jugador/todos-sus-partidos/id/30002687,fit,logo_surnebb_pos.png,EUR,102,Brasschaat,Bélgica,10.1,<dbl>,<int>,10.1,https://supermanager.acb.com/files/logo/logo_surnebb_neg.png,5,FALSE,T. De Ridder,Surne Bilbao Basket,22,-41.4
24/04/1990,TRUE,0,32,0000565550_5-6_03.jpg,TRUE,12,Vesely,6,20240909T093409+0000,470000,210,FALSE,FALSE,460000,Jan Vesely,0000565545_5-6_03.jpg,https://www.acb.com/jugador/todos-sus-partidos/id/30001949,injured,2324BarcaLogoweb.png,EUR,95,Ostrava,Chequia,9.4,<NULL>,<int>,9.4,https://supermanager.acb.com/files/logo/2324BarcaLogoweb.png,5,FALSE,J. Vesely,Barça,35,-13.2
29/12/1993,TRUE,0,54.1,0000568950_5-6_03.jpg,TRUE,13,Jones,17,20240909T093411+0000,455000,213,FALSE,FALSE,430000,Marvin Jones,0000568924_5-6_03.jpg,https://www.acb.com/jugador/todos-sus-partidos/id/30003399,fit,logo_surnebb_pos.png,EXT,109,Ilinois,EE.UU.,9.1,<dbl>,<int>,9.1,https://supermanager.acb.com/files/logo/logo_surnebb_neg.png,5,TRUE,M. Jones,Surne Bilbao Basket,31,-35.9
04/06/2004,TRUE,0,35.2,0000565598_5-6_03.jpg,TRUE,12,Núñez,17,20240909T093408+0000,440526,191,TRUE,FALSE,480000,Juan Núñez,0000565586_5-6_03.jpg,https://www.acb.com/jugador/todos-sus-partidos/id/30000093,injured,2324BarcaLogoweb.png,JFL,88,Madrid,España,8.8,<NULL>,<int>,8.8,https://supermanager.acb.com/files/logo/2324BarcaLogoweb.png,1,FALSE,J. Núñez,Barça,21,-17.6
01/09/1994,TRUE,0,52.2,0000568998_5-6_03.jpg,TRUE,13,A.-Rahkman,5,20240909T093411+0000,417941,196,FALSE,FALSE,380000,Muhammad-Ali Abdur-Rahkman,0000569003_5-6_03.jpg,https://www.acb.com/jugador/todos-sus-partidos/id/30003400,fit,logo_surnebb_pos.png,EXT,108,Pensilvania,EE.UU.,8.4,<dbl>,<int>,8.4,https://supermanager.acb.com/files/logo/logo_surnebb_neg.png,3,TRUE,Abdur-Rahkman,Surne Bilbao Basket,30,-35.5
19/11/1993,TRUE,0,44,0000565609_5-6_03.jpg,TRUE,12,Anderson,1,20240909T093409+0000,411429,198,FALSE,FALSE,330000,Justin Anderson,0000565605_5-6_03.jpg,https://www.acb.com/jugador/todos-sus-partidos/id/30002865,fit,2324BarcaLogoweb.png,EXT,96,Montross (Virginia),EE.UU.,8.2,<dbl>,<int>,8.2,https://supermanager.acb.com/files/logo/2324BarcaLogoweb.png,3,TRUE,J. Anderson,Barça,31,-27.6
22/06/1989,TRUE,0,50.1,0000569137_5-6_03.jpg,TRUE,13,Dragic,30,20240909T093411+0000,401176,196,FALSE,FALSE,340000,Zoran Dragic,0000569120_5-6_03.jpg,https://www.acb.com/jugador/todos-sus-partidos/id/20210258,fit,logo_surnebb_pos.png,EUR,104,Liubliana,Eslovenia,8,<dbl>,<int>,8,https://supermanager.acb.com/files/logo/logo_surnebb_neg.png,3,FALSE,Z. Dragic,Surne Bilbao Basket,35,-34.1
12/01/1995,TRUE,0,42.4,0000565730_5-6_03.jpg,TRUE,12,Fall,19,20240909T093409+0000,396071,221,FALSE,FALSE,360000,Youssoupha Fall,0000565714_5-6_03.jpg,https://www.acb.com/jugador/todos-sus-partidos/id/30000037,fit,2324BarcaLogoweb.png,EUR,92,Dakar,Francia,7.9,<dbl>,<int>,7.9,https://supermanager.acb.com/files/logo/2324BarcaLogoweb.png,5,FALSE,Y. Fall,Barça,30,-26.5
04/01/1993,TRUE,0,47,0000569065_5-6_03.jpg,TRUE,13,Gielo,12,20240909T093411+0000,375882,205,FALSE,FALSE,150000,Tomasz Gielo,0000569054_5-6_03.jpg,https://www.acb.com/jugador/todos-sus-partidos/id/20212214,fit,logo_surnebb_pos.png,EUR,106,Szczecin,Polonia,7.5,<dbl>,<int>,7.5,https://supermanager.acb.com/files/logo/logo_surnebb_neg.png,5,FALSE,T. Gielo,Surne Bilbao Basket,32,-32
01/08/1993,TRUE,0,38.5,0000565440_5-6_03.jpg,TRUE,12,Abrines,21,20240909T093410+0000,350345,198,TRUE,FALSE,230000,Álex Abrines,0000565432_5-6_03.jpg,https://www.acb.com/jugador/todos-sus-partidos/id/20209223,injured,2324BarcaLogoweb.png,JFL,101,Palma de Mallorca,España,7,<dbl>,<int>,7,https://supermanager.acb.com/files/logo/2324BarcaLogoweb.png,3,FALSE,A. Abrines,Barça,31,-24.5
10/09/2006,TRUE,0,9.8,0000568820_5-6_03.jpg,TRUE,13,Bagayoko,13,20250330T165043+0000,306077,207,TRUE,FALSE,180000,Bassala Bagayoko,0000568803_5-6_03.jpg,NA,fit,logo_surnebb_pos.png,JFL,309,Bamako,Malí,6.7,<dbl>,<int>,1.5,https://supermanager.acb.com/files/logo/logo_surnebb_neg.png,5,FALSE,B. Bagayoko,Surne Bilbao Basket,18,-6.8
27/08/2001,TRUE,0,15.2,0000784048_5-6_03.jpg,TRUE,13,Cazalon,7,20250226T111934+0000,301628,198,FALSE,FALSE,290000,Malcolm Cazalon,0000784047_5-6_03.jpg,https://www.acb.com/jugador/todos-sus-partidos/id/30003912,fit,logo_surnebb_pos.png,EUR,291,Roanne,Francia,6,<dbl>,<int>,6.1,https://supermanager.acb.com/files/logo/logo_surnebb_neg.png,3,FALSE,M. Cazalon,Surne Bilbao Basket,23,-2.9
23/01/2003,TRUE,0,26.4,0000569023_5-6_03.jpg,TRUE,13,Domínguez,9,20240909T093411+0000,239655,197,TRUE,FALSE,215000,Rubén Domínguez,0000569011_5-6_03.jpg,https://www.acb.com/jugador/todos-sus-partidos/id/20212114,fit,logo_surnebb_pos.png,JFL,110,Puerto Real,España,4.8,<dbl>,<int>,4.8,https://supermanager.acb.com/files/logo/logo_surnebb_neg.png,3,FALSE,R. Domínguez,Surne Bilbao Basket,22,-16.8
13/10/2007,TRUE,0,11.9,0000809285_5-6_03.jpg,TRUE,12,Villar,45,20241209T113336+0000,201667,190,TRUE,FALSE,100000,Raúl Villar,0000809179_5-6_03.jpg,NA,fit,2324BarcaLogoweb.png,JFL,264,Barcelona,España,4,<dbl>,<int>,4,https://supermanager.acb.com/files/logo/2324BarcaLogoweb.png,1,FALSE,R. Villar,Barça,17,-3.8
01/10/2001,TRUE,0,13.3,0000568799_5-6_03.jpg,TRUE,13,Sylla,43,20240909T093411+0000,187500,206,TRUE,FALSE,330000,Amar Sylla,0000568787_5-6_03.jpg,https://www.acb.com/jugador/todos-sus-partidos/id/30002005,fit,logo_surnebb_pos.png,JFL,113,Dakar,Senegal,3.8,<dbl>,<int>,3.8,https://supermanager.acb.com/files/logo/logo_surnebb_neg.png,5,FALSE,A. Sylla,Surne Bilbao Basket,23,-5.8
25/05/1999,TRUE,0,17.8,0000568911_5-6_03.jpg,TRUE,13,Kullamae,77,20240909T093411+0000,187500,193,FALSE,FALSE,310000,Kristian Kullamae,0000568902_5-6_03.jpg,https://www.acb.com/jugador/todos-sus-partidos/id/30001225,injured,logo_surnebb_pos.png,EUR,107,Tallin,Estonia,3.7,<dbl>,<int>,3.8,https://supermanager.acb.com/files/logo/logo_surnebb_neg.png,3,FALSE,K. Kullamae,Surne Bilbao Basket,26,-10.3
24/02/1989,TRUE,0,-0.6,0000569105_5-6_03.jpg,TRUE,13,Rabaseda,22,20240909T093411+0000,50255,196,TRUE,FALSE,200000,Xavi Rabaseda,0000569095_5-6_03.jpg,https://www.acb.com/jugador/todos-sus-partidos/id/20203590,fit,logo_surnebb_pos.png,JFL,111,Ripoll,España,1.2,<dbl>,<int>,-4.1,https://supermanager.acb.com/files/logo/logo_surnebb_neg.png,3,FALSE,X. Rabaseda,Surne Bilbao Basket,36,-7.6
01/03/2008,TRUE,0,4.3,0000809286_5-6_03.jpg,TRUE,12,Keita,41,20250224T111931+0000,70624,212,TRUE,FALSE,100000,Sayon Keita,0000809177_5-6_03.jpg,NA,fit,2324BarcaLogoweb.png,JFL,289,Bamako,Malí,1,<dbl>,<int>,3.3,https://supermanager.acb.com/files/logo/2324BarcaLogoweb.png,5,FALSE,S. Keita,Barça,17,2.2
27/03/2007,TRUE,0,2.5,defaultBody.jpg,TRUE,12,Butajevas,43,20241201T113335+0000,110000,206,FALSE,FALSE,110000,Arturas Butajevas,defaultFace.jpg,NA,fit,2324BarcaLogoweb.png,EUR,256,Lietuva,Lituania,0,<NULL>,<int>,2.2,https://supermanager.acb.com/files/logo/2324BarcaLogoweb.png,3,FALSE,A. Butajevas,Barça,18,1.9
05/05/2004,TRUE,0,4.9,0000568878_5-6_03.jpg,TRUE,13,Chacón,10,20241118T144553+0000,85000,187,TRUE,FALSE,100000,Iker Chacón,0000568872_5-6_03.jpg,NA,fit,logo_surnebb_pos.png,JFL,254,Bilbao,España,-1,<NULL>,<int>,4.4,https://supermanager.acb.com/files/logo/logo_surnebb_neg.png,1,FALSE,I. Chacón,Surne Bilbao Basket,21,3.9
02/06/2007,TRUE,0,9.6,0000809284_5-6_03.jpg,TRUE,12,Grujicic,46,20250406T162158+0000,61412,196,FALSE,FALSE,100000,Mathieu Grujicic,0000809178_5-6_03.jpg,NA,fit,2324BarcaLogoweb.png,EUR,314,Arles,Alemania,-1.3,<dbl>,<int>,8.9,https://supermanager.acb.com/files/logo/2324BarcaLogoweb.png,5,FALSE,M. Grujicic,Barça,18,8.2
05/09/1995,TRUE,0,112.8,0000566057_5-6_03.jpg,TRUE,3,Bell-Haynes,2,20240909T093357+0000,947500,188,FALSE,FALSE,620000,Trae Bell-Haynes,0000566040_5-6_03.jpg,https://www.acb.com/jugador/todos-sus-partidos/id/30001171,fit,2425CasademontZaragoza.png,COT,28,Toronto,Jamaica,19,<dbl>,<int>,18.9,https://supermanager.acb.com/files/logo/2425CasademontZaragoza.png,1,FALSE,T. Bell-Haynes,Casademont Zaragoza,29,-74.9
08/05/1999,TRUE,0,92.3,0000569349_5-6_03.jpg,TRUE,15,Musa,13,20240909T150145+0000,914231,205,FALSE,FALSE,690000,Dzanan Musa,0000569335_5-6_03.jpg,https://www.acb.com/jugador/todos-sus-partidos/id/30001170,injured,2324RealMadrid_Logoweb.png,EUR,215,Bihac,Bosnia y Herzegovina,18.3,<dbl>,<int>,18.3,https://supermanager.acb.com/files/logo/RealMadridLogo202223.png,3,FALSE,D. Musa,Real Madrid,26,-55.8
13/07/1995,TRUE,0,95.4,0000565818_5-6_03.jpg,TRUE,3,Sulejmanovic,19,20240909T093358+0000,844333,205,FALSE,FALSE,400000,Emir Sulejmanovic,0000565804_5-6_03.jpg,https://www.acb.com/jugador/todos-sus-partidos/id/20210828,fit,2425CasademontZaragoza.png,EUR,33,Luka Zepa,Finlandia,16.9,<dbl>,<int>,16.9,https://supermanager.acb.com/files/logo/2425CasademontZaragoza.png,5,FALSE,E. Sulejmanovic,Casademont Zaragoza,29,-61.6
25/02/1995,TRUE,0,95.5,0000569487_5-6_03.jpg,TRUE,15,Hezonja,11,20240909T150145+0000,845333,202,TRUE,FALSE,470000,Mario Hezonja,0000569476_5-6_03.jpg,https://www.acb.com/jugador/todos-sus-partidos/id/20210501,fit,2324RealMadrid_Logoweb.png,JFL,216,Dubrovnik,Croacia,16.9,<dbl>,<int>,16.9,https://supermanager.acb.com/files/logo/RealMadridLogo202223.png,3,FALSE,M. Hezonja,Real Madrid,30,-61.7
23/03/1991,TRUE,0,94.1,0000569403_5-6_03.jpg,TRUE,15,Campazzo,7,20240909T150145+0000,832333,181,FALSE,FALSE,700000,Facu Campazzo,0000569383_5-6_03.jpg,https://www.acb.com/jugador/todos-sus-partidos/id/20211331,fit,2324RealMadrid_Logoweb.png,EUR,222,Córdoba,España,16.6,<dbl>,<int>,16.6,https://supermanager.acb.com/files/logo/RealMadridLogo202223.png,1,FALSE,F. Campazzo,Real Madrid,34,-60.8
22/03/1992,TRUE,0,95.8,0000569583_5-6_03.jpg,TRUE,15,Tavares,22,20240909T150145+0000,825484,220,TRUE,FALSE,850000,Edy Tavares,0000569567_5-6_03.jpg,https://www.acb.com/jugador/todos-sus-partidos/id/20209407,fit,2324RealMadrid_Logoweb.png,JFL,210,Maio,Cabo Verde,16.5,<dbl>,<int>,16.5,https://supermanager.acb.com/files/logo/RealMadridLogo202223.png,5,FALSE,W. Tavares,Real Madrid,33,-62.7
24/10/1991,TRUE,0,73.4,0000565785_5-6_03.jpg,TRUE,3,Dubljevic,14,20240909T093358+0000,772917,205,FALSE,FALSE,630000,Bojan Dubljevic,0000565773_5-6_03.jpg,https://www.acb.com/jugador/todos-sus-partidos/id/20210254,fit,2425CasademontZaragoza.png,EUR,30,Niksic,Montenegro,15.5,<dbl>,<int>,15.5,https://supermanager.acb.com/files/logo/2425CasademontZaragoza.png,5,FALSE,B. Dubljevic,Casademont Zaragoza,33,-42.5
15/08/1998,TRUE,0,36.3,0000776351_5-6_03.jpg,TRUE,15,Fernando,20,20250131T155509+0000,586154,208,FALSE,FALSE,470000,Bruno Fernando,0000776340_5-6_03.jpg,https://www.acb.com/jugador/todos-sus-partidos/id/30003852,fit,2324RealMadrid_Logoweb.png,COT,284,Luanda,Angola,11.7,<dbl>,<int>,11.7,https://supermanager.acb.com/files/logo/RealMadridLogo202223.png,5,FALSE,B. Fernando,Real Madrid,26,-12.9
28/04/1997,TRUE,0,64.1,0000566023_5-6_03.jpg,TRUE,3,Yusta,4,20240909T093359+0000,538750,200,TRUE,FALSE,480000,Santi Yusta,0000566004_5-6_03.jpg,https://www.acb.com/jugador/todos-sus-partidos/id/20210918,fit,2425CasademontZaragoza.png,JFL,36,Madrid,España,10.8,<dbl>,<int>,10.8,https://supermanager.acb.com/files/logo/2425CasademontZaragoza.png,3,FALSE,S. Yusta,Casademont Zaragoza,28,-42.6
05/02/1995,TRUE,0,61.9,0000565954_5-6_03.jpg,TRUE,3,Spissu,0,20240909T093358+0000,520313,184,FALSE,FALSE,390000,Marco Spissu,0000565940_5-6_03.jpg,https://www.acb.com/jugador/todos-sus-partidos/id/30001155,fit,2425CasademontZaragoza.png,EUR,31,Sassari,Italia,10.4,<dbl>,<int>,10.4,https://supermanager.acb.com/files/logo/2425CasademontZaragoza.png,1,FALSE,M. Spissu,Casademont Zaragoza,30,-41.1
08/02/1995,TRUE,0,41.1,0000569431_5-6_03.jpg,TRUE,15,Deck,14,20240909T150145+0000,513158,198,FALSE,FALSE,350000,Gabriel Deck,0000569415_5-6_03.jpg,https://www.acb.com/jugador/todos-sus-partidos/id/20212952,injured,2324RealMadrid_Logoweb.png,EXT,214,Colonia Dora,Argentina,10.3,<NULL>,<int>,10.3,https://supermanager.acb.com/files/logo/RealMadridLogo202223.png,3,TRUE,G. Deck,Real Madrid,30,-20.5
18/09/1989,TRUE,0,38.6,0000569515_5-6_03.jpg,TRUE,15,Ibaka,18,20240909T150145+0000,482632,207,FALSE,FALSE,430000,Serge Ibaka,0000569504_5-6_03.jpg,https://www.acb.com/jugador/todos-sus-partidos/id/20203832,injured,2324RealMadrid_Logoweb.png,EUR,211,Brazzaville,España,9.7,<dbl>,<int>,9.7,https://supermanager.acb.com/files/logo/RealMadridLogo202223.png,5,FALSE,S. Ibaka,Real Madrid,35,-19.3
15/11/1987,TRUE,0,52.8,0000569540_5-6_03.jpg,TRUE,15,Llull,23,20240909T150145+0000,467667,190,TRUE,FALSE,240000,Sergio Llull,0000569524_5-6_03.jpg,https://www.acb.com/jugador/todos-sus-partidos/id/20201774,fit,2324RealMadrid_Logoweb.png,JFL,218,Mahón,España,9.4,<dbl>,<int>,9.4,https://supermanager.acb.com/files/logo/RealMadridLogo202223.png,3,FALSE,S. Llull,Real Madrid,37,-34.1
15/12/1995,TRUE,0,56.6,0000569283_5-6_03.jpg,TRUE,15,Abalde,6,20240909T150145+0000,464242,202,TRUE,FALSE,195000,Alberto Abalde,0000569277_5-6_03.jpg,https://www.acb.com/jugador/todos-sus-partidos/id/20210088,fit,2324RealMadrid_Logoweb.png,JFL,219,Ferrol,España,9.3,<dbl>,<int>,9.3,https://supermanager.acb.com/files/logo/RealMadridLogo202223.png,3,FALSE,A. Abalde,Real Madrid,29,-38.1
15/07/1997,TRUE,0,46.9,0000569310_5-6_03.jpg,TRUE,15,Feliz,24,20240909T150145+0000,437857,188,FALSE,FALSE,500000,Andrés Feliz,0000569295_5-6_03.jpg,https://www.acb.com/jugador/todos-sus-partidos/id/30001114,fit,2324RealMadrid_Logoweb.png,EUR,221,Santo Domingo,España,8.8,<dbl>,<int>,8.8,https://supermanager.acb.com/files/logo/RealMadridLogo202223.png,1,FALSE,A. Feliz,Real Madrid,27,-29.3
09/03/2002,TRUE,0,34.8,0000569561_5-6_03.jpg,TRUE,15,Garuba,16,20240909T150145+0000,378696,203,TRUE,FALSE,600000,Usman Garuba,0000569548_5-6_03.jpg,https://www.acb.com/jugador/todos-sus-partidos/id/20212174,fit,2324RealMadrid_Logoweb.png,JFL,213,Azuqueca de Henares,España,7.6,<dbl>,<int>,7.6,https://supermanager.acb.com/files/logo/RealMadridLogo202223.png,5,FALSE,U. Garuba,Real Madrid,23,-19.7
20/03/1999,TRUE,0,37.9,0000565985_5-6_03.jpg,TRUE,3,González,7,20240909T093359+0000,318438,203,TRUE,FALSE,180000,Miguel González,0000565968_5-6_03.jpg,https://www.acb.com/jugador/todos-sus-partidos/id/20212476,fit,2425CasademontZaragoza.png,JFL,37,Valladolid,España,6.4,<dbl>,<int>,6.4,https://supermanager.acb.com/files/logo/2425CasademontZaragoza.png,3,FALSE,M. González,Casademont Zaragoza,26,-25.2
05/02/2006,TRUE,0,33.1,0000569460_5-6_03.jpg,TRUE,15,González,9,20240909T150145+0000,309643,198,TRUE,FALSE,200000,Hugo González,0000569444_5-6_03.jpg,https://www.acb.com/jugador/todos-sus-partidos/id/20213252,fit,2324RealMadrid_Logoweb.png,JFL,217,Madrid,España,6.2,<dbl>,<int>,6.2,https://supermanager.acb.com/files/logo/RealMadridLogo202223.png,3,FALSE,H. González,Real Madrid,19,-20.7
23/09/1997,TRUE,0,32.6,0000566087_5-6_03.jpg,TRUE,3,Mencía,8,20240909T093358+0000,305000,198,FALSE,FALSE,250000,Yoanki Mencía,0000566070_5-6_03.jpg,https://www.acb.com/jugador/todos-sus-partidos/id/30002829,fit,2425CasademontZaragoza.png,EXT,35,Sancti Spiritus,Cuba,6.1,<dbl>,<int>,6.1,https://supermanager.acb.com/files/logo/2425CasademontZaragoza.png,5,TRUE,Y. Mencía,Casademont Zaragoza,27,-20.4
18/10/1998,TRUE,0,17.4,0000782013_5-6_03.jpg,TRUE,3,Watson,9,20250227T171927+0000,285583,208,FALSE,FALSE,470000,Nate Watson,0000782010_5-6_03.jpg,https://www.acb.com/jugador/todos-sus-partidos/id/30003905,fit,2425CasademontZaragoza.png,EXT,292,Virginia,EE.UU.,5.7,<dbl>,<int>,5.4,https://supermanager.acb.com/files/logo/2425CasademontZaragoza.png,5,TRUE,N. Watson,Casademont Zaragoza,26,-6.6
03/08/1987,TRUE,0,28.8,0000565765_5-6_03.jpg,TRUE,3,Slaughter,3,20240909T093358+0000,254667,191,FALSE,FALSE,350000,AJ Slaughter,0000565754_5-6_03.jpg,https://www.acb.com/jugador/todos-sus-partidos/id/30000031,fit,2425CasademontZaragoza.png,EUR,34,Louisville (Kentucky),Polonia,5.1,<dbl>,<int>,5.1,https://supermanager.acb.com/files/logo/2425CasademontZaragoza.png,3,FALSE,AJ Slaughter,Casademont Zaragoza,37,-18.6
15/07/2000,TRUE,0,21.3,0000572573_5-6_03.jpg,TRUE,3,Fernández,10,20240909T093359+0000,247143,206,TRUE,FALSE,120000,Jaime Fernández,0000572556_5-6_03.jpg,https://www.acb.com/jugador/todos-sus-partidos/id/20212348,injured,2425CasademontZaragoza.png,JFL,39,Zaragoza,España,4.9,<NULL>,<int>,4.9,https://supermanager.acb.com/files/logo/2425CasademontZaragoza.png,5,FALSE,J. Fernández,Casademont Zaragoza,24,-11.4
12/10/2007,TRUE,0,-0.4,0000569359_5-6_03.jpg,TRUE,15,Gueye,15,20241020T133546+0000,152088,207,TRUE,FALSE,100000,Sidi Gueye,0000569355_5-6_03.jpg,NA,fit,2324RealMadrid_Logoweb.png,JFL,242,Guediawaye,Senegal,4.8,<NULL>,<int>,-2.2,https://supermanager.acb.com/files/logo/RealMadridLogo202223.png,5,FALSE,S. Gueye,Real Madrid,17,-4.1
26/06/2004,TRUE,0,23.7,0000569373_5-6_03.jpg,TRUE,15,Ndiaye,30,20240909T150145+0000,227778,204,TRUE,FALSE,150000,Eli John Ndiaye,0000569361_5-6_03.jpg,https://www.acb.com/jugador/todos-sus-partidos/id/30001229,fit,2324RealMadrid_Logoweb.png,JFL,212,Guediawaye,España,4.6,<dbl>,<int>,4.6,https://supermanager.acb.com/files/logo/RealMadridLogo202223.png,5,FALSE,E. Ndiaye,Real Madrid,20,-14.6
29/04/1994,TRUE,0,21.9,0000570966_5-6_03.jpg,TRUE,15,Rathan-Mayes,8,20240909T150145+0000,216923,191,FALSE,FALSE,360000,Xavier Rathan-Mayes,0000569590_5-6_03.jpg,https://www.acb.com/jugador/todos-sus-partidos/id/30003363,fit,2324RealMadrid_Logoweb.png,EXT,220,Markham,Canadá,4.3,<dbl>,<int>,4.3,https://supermanager.acb.com/files/logo/RealMadridLogo202223.png,3,TRUE,X. Rathan-Mayes,Real Madrid,31,-13.2
02/01/1994,TRUE,0,9,0000781937_5-6_03.jpg,TRUE,3,Dimsa,33,20250228T104303+0000,169000,196,FALSE,FALSE,260000,Tomas Dimsa,0000781925_5-6_03.jpg,https://www.acb.com/jugador/todos-sus-partidos/id/30000748,fit,2425CasademontZaragoza.png,EUR,295,Kaunas,Lituania,3.4,<dbl>,<int>,3.4,https://supermanager.acb.com/files/logo/2425CasademontZaragoza.png,3,FALSE,T. Dimsa,Casademont Zaragoza,31,-2.2
26/12/2006,TRUE,0,8,defaultBody.jpg,TRUE,3,Traoré,23,20250518T201745+0000,173400,205,TRUE,FALSE,240000,Youssouf Traoré,defaultFace.jpg,NA,fit,2425CasademontZaragoza.png,JFL,319,Bamako,Malí,2,<dbl>,<int>,6.4,https://supermanager.acb.com/files/logo/2425CasademontZaragoza.png,5,FALSE,Y. Traoré,Casademont Zaragoza,18,4.8
05/10/2003,TRUE,0,3.1,0000572612_5-6_03.jpg,TRUE,3,Muñoz,32,20241207T173331+0000,97750,205,TRUE,FALSE,100000,Daniel Muñoz,0000572590_5-6_03.jpg,NA,fit,2425CasademontZaragoza.png,JFL,263,Zaragoza,España,1.8,<dbl>,<int>,2.3,https://supermanager.acb.com/files/logo/2425CasademontZaragoza.png,5,FALSE,D. Muñoz,Casademont Zaragoza,21,1.4
12/01/2007,TRUE,0,2.3,0000569334_5-6_03.jpg,TRUE,15,Duru,2,20241103T204554+0000,100000,200,TRUE,FALSE,100000,Declan Duru,0000569329_5-6_03.jpg,NA,fit,2324RealMadrid_Logoweb.png,JFL,247,Munich,Alemania,0,<NULL>,<int>,2,https://supermanager.acb.com/files/logo/RealMadridLogo202223.png,3,FALSE,D. Duru,Real Madrid,18,1.7
12/01/2007,TRUE,0,2.3,0000569442_5-6_03.jpg,TRUE,15,Giménez,1,20241103T204554+0000,100000,197,TRUE,FALSE,100000,Gildas Giménez,0000569439_5-6_03.jpg,NA,fit,2324RealMadrid_Logoweb.png,JFL,248,Ouagadougou,España,0,<NULL>,<int>,2,https://supermanager.acb.com/files/logo/RealMadridLogo202223.png,3,FALSE,G. Giménez,Real Madrid,18,1.7
19/09/2002,TRUE,0,2.8,defaultBody.jpg,TRUE,3,Ling,55,20241115T204548+0000,120000,219,FALSE,FALSE,120000,Haydn Ling,defaultFace.jpg,NA,fit,2425CasademontZaragoza.png,EUR,252,Welwyn Garden City,Reino Unido,0,<NULL>,<int>,2.4,https://supermanager.acb.com/files/logo/2425CasademontZaragoza.png,5,FALSE,H. Ling,Casademont Zaragoza,22,2
13/09/2007,TRUE,0,2.3,0000798180_5-6_03.jpg,TRUE,3,Minzer,11,20250323T171927+0000,100000,196,FALSE,FALSE,100000,Felipe Minzer,0000798169_5-6_03.jpg,NA,fit,2425CasademontZaragoza.png,EUR,305,Galvez,Italia,0,<NULL>,<int>,2,https://supermanager.acb.com/files/logo/2425CasademontZaragoza.png,3,FALSE,F. Minzer,Casademont Zaragoza,17,1.7
18/02/2004,TRUE,0,14.2,0000607064_5-6_03.jpg,TRUE,3,Moreno,28,20241204T113331+0000,88741,193,TRUE,FALSE,200000,Álex Moreno,0000607050_5-6_03.jpg,NA,fit,2425CasademontZaragoza.png,JFL,259,Zaragoza,España,-0.4,<dbl>,<int>,12.6,https://supermanager.acb.com/files/logo/2425CasademontZaragoza.png,1,FALSE,A. Moreno,Casademont Zaragoza,21,11.1
17/02/1987,TRUE,0,139,0000566185_5-6_03.jpg,TRUE,14,Tomic,44,20240909T093412+0000,1168125,217,FALSE,FALSE,700000,Ante Tomic,0000566167_5-6_03.jpg,https://www.acb.com/jugador/todos-sus-partidos/id/20202172,fit,1453195579.png,EUR,118,Dubrovnik,Croacia,23.4,<dbl>,<int>,23.4,https://supermanager.acb.com/files/logo/1453195579.png,5,FALSE,A. Tomic,Joventut Badalona,38,-92.3
02/08/1999,TRUE,0,91,0000566231_5-6_03.jpg,TRUE,14,Dotson,2,20240909T093412+0000,746061,188,FALSE,FALSE,430000,Devon Dotson,0000566218_5-6_03.jpg,https://www.acb.com/jugador/todos-sus-partidos/id/30003339,fit,1453195579.png,EXT,121,Chicago (Illinois),EE.UU.,14.9,<dbl>,<int>,14.9,https://supermanager.acb.com/files/logo/1453195579.png,1,TRUE,D. Dotson,Joventut Badalona,25,-61.2
05/10/1994,TRUE,0,84.3,0000564122_5-6_03.jpg,TRUE,2,Taylor,6,20240909T093356+0000,708438,198,FALSE,FALSE,510000,Kameron Taylor,0000564110_5-6_03.jpg,https://www.acb.com/jugador/todos-sus-partidos/id/30001981,fit,2324UnicajaLogo.png,EXT,22,Maryland,EE.UU.,14.2,<dbl>,<int>,14.2,https://supermanager.acb.com/files/logo/2324UnicajaLogo.png,3,TRUE,K. Taylor,Unicaja,30,-56
25/06/1992,TRUE,0,86.5,0000566198_5-6_03.jpg,TRUE,14,Pustovyi,13,20240909T093411+0000,708788,219,FALSE,FALSE,540000,Artem Pustovyi,0000566188_5-6_03.jpg,https://www.acb.com/jugador/todos-sus-partidos/id/20211643,fit,1453195579.png,EUR,116,Sofiyivka,Ucrania,14.2,<dbl>,<int>,14.2,https://supermanager.acb.com/files/logo/1453195579.png,5,FALSE,A. Pustovyi,Joventut Badalona,32,-58.1
20/04/1994,TRUE,0,81.6,0000566330_5-6_03.jpg,TRUE,14,Robertson,30,20240909T093411+0000,703871,190,FALSE,FALSE,360000,Kassius Robertson,0000566312_5-6_03.jpg,https://www.acb.com/jugador/todos-sus-partidos/id/30000287,injured,1453195579.png,COT,115,Toronto,Jamaica,14.1,<dbl>,<int>,14.1,https://supermanager.acb.com/files/logo/1453195579.png,3,FALSE,K. Robertson,Joventut Badalona,31,-53.5
23/12/1992,TRUE,0,83.1,0000564150_5-6_03.jpg,TRUE,2,Perry,55,20240909T093354+0000,680909,183,FALSE,FALSE,500000,Kendrick Perry,0000564136_5-6_03.jpg,https://www.acb.com/jugador/todos-sus-partidos/id/30001977,fit,2324UnicajaLogo.png,EUR,16,Atlanta,Montenegro,13.6,<dbl>,<int>,13.6,https://supermanager.acb.com/files/logo/2324UnicajaLogo.png,1,FALSE,K. Perry,Unicaja,32,-55.8
14/01/1998,TRUE,0,77.4,0000564350_5-6_03.jpg,TRUE,2,Carter,11,20240909T093355+0000,650000,193,FALSE,FALSE,430000,Tyson Carter,0000564330_5-6_03.jpg,https://www.acb.com/jugador/todos-sus-partidos/id/30001978,injured,2324UnicajaLogo.png,EXT,21,Mississippi,EE.UU.,13,<dbl>,<int>,13,https://supermanager.acb.com/files/logo/2324UnicajaLogo.png,1,TRUE,T. Carter,Unicaja,27,-51.4
06/05/1994,TRUE,0,63,0000604561_5-6_03.jpg,TRUE,14,Dekker,17,20241115T144554+0000,642800,206,FALSE,FALSE,400000,Sam Dekker,0000604555_5-6_03.jpg,https://www.acb.com/jugador/todos-sus-partidos/id/30003529,fit,1453195579.png,EXT,251,Wisconsin,EE.UU.,12.9,<dbl>,<int>,12.9,https://supermanager.acb.com/files/logo/1453195579.png,5,TRUE,S. Dekker,Joventut Badalona,31,-37.3
08/08/1996,TRUE,0,71.1,0000564051_5-6_03.jpg,TRUE,2,Osetkowski,1,20240909T093355+0000,629000,206,FALSE,FALSE,600000,Dylan Osetkowski,0000564043_5-6_03.jpg,https://www.acb.com/jugador/todos-sus-partidos/id/30001979,fit,2324UnicajaLogo.png,EUR,18,La Jolla (California),Alemania,12.6,<dbl>,<int>,12.6,https://supermanager.acb.com/files/logo/2324UnicajaLogo.png,5,FALSE,D. Osetkowski,Unicaja,28,-45.9
29/01/1996,TRUE,0,59.6,0000564371_5-6_03.jpg,TRUE,2,Tyson,0,20240909T093356+0000,572963,202,TRUE,FALSE,440000,Tyson Pérez,0000564362_5-6_03.jpg,https://www.acb.com/jugador/todos-sus-partidos/id/30000053,injured,2324UnicajaLogo.png,JFL,25,Santo Domingo,España,11.5,<dbl>,<int>,11.5,https://supermanager.acb.com/files/logo/2324UnicajaLogo.png,5,FALSE,T. Pérez,Unicaja,29,-36.7
12/04/1989,TRUE,0,60.1,0000566138_5-6_03.jpg,TRUE,14,Hanga,88,20240909T093412+0000,493030,201,FALSE,FALSE,340000,Adam Hanga,0000566132_5-6_03.jpg,https://www.acb.com/jugador/todos-sus-partidos/id/20209836,fit,1453195579.png,EUR,119,Budapest,Hungría,9.9,<dbl>,<int>,9.9,https://supermanager.acb.com/files/logo/1453195579.png,3,FALSE,A. Hanga,Joventut Badalona,36,-40.4
23/04/1994,TRUE,0,52.3,0000563991_5-6_03.jpg,TRUE,2,Díaz,9,20240909T093356+0000,488929,190,TRUE,FALSE,460000,Alberto Díaz,0000563988_5-6_03.jpg,https://www.acb.com/jugador/todos-sus-partidos/id/20209226,fit,2324UnicajaLogo.png,JFL,27,Málaga,España,9.8,<dbl>,<int>,9.8,https://supermanager.acb.com/files/logo/2324UnicajaLogo.png,1,FALSE,A. Díaz,Unicaja,31,-32.8
05/03/1998,TRUE,0,48.2,0000564178_5-6_03.jpg,TRUE,2,Tillie,33,20240909T093355+0000,477308,208,FALSE,FALSE,290000,Killian Tillie,0000564171_5-6_03.jpg,https://www.acb.com/jugador/todos-sus-partidos/id/30003424,fit,2324UnicajaLogo.png,EUR,17,Paris,Francia,9.5,<dbl>,<int>,9.5,https://supermanager.acb.com/files/logo/2324UnicajaLogo.png,5,FALSE,K. Tillie,Unicaja,27,-29.1
12/09/1992,TRUE,0,49.5,0000564030_5-6_03.jpg,TRUE,2,Kravish,45,20240909T093355+0000,475556,208,FALSE,FALSE,320000,David Kravish,0000564021_5-6_03.jpg,https://www.acb.com/jugador/todos-sus-partidos/id/30000023,fit,2324UnicajaLogo.png,EUR,19,Jolliet (Illinois),Bulgaria,9.5,<dbl>,<int>,9.5,https://supermanager.acb.com/files/logo/2324UnicajaLogo.png,5,FALSE,D. Kravish,Unicaja,32,-30.4
16/10/2002,TRUE,0,50.9,0000566509_5-6_03.jpg,TRUE,14,Kraag,1,20240909T093413+0000,407059,202,TRUE,FALSE,210000,Yannick Kraag,0000566490_5-6_03.jpg,https://www.acb.com/jugador/todos-sus-partidos/id/30000095,fit,1453195579.png,JFL,122,Amsterdam,Países Bajos,8.1,<dbl>,<int>,8.1,https://supermanager.acb.com/files/logo/1453195579.png,3,FALSE,Y. Kraag,Joventut Badalona,22,-34.6
19/12/1992,TRUE,0,46.7,0000564316_5-6_03.jpg,TRUE,2,Kalinoski,4,20240909T093355+0000,392500,193,FALSE,FALSE,280000,Tyler Kalinoski,0000564308_5-6_03.jpg,https://www.acb.com/jugador/todos-sus-partidos/id/30001169,fit,2324UnicajaLogo.png,EUR,20,Ohio,EE.UU.,7.9,<dbl>,<int>,7.8,https://supermanager.acb.com/files/logo/2324UnicajaLogo.png,3,FALSE,T. Kalinoski,Unicaja,32,-31
21/07/1993,TRUE,0,17.6,0000807419_5-6_03.jpg,TRUE,14,Grazulis,24,20250404T202809+0000,351111,203,FALSE,FALSE,300000,Andrejs Grazulis,0000807413_5-6_03.jpg,https://www.acb.com/jugador/todos-sus-partidos/id/30003927,fit,1453195579.png,EUR,313,Aizkraukle,Letonia,7,<dbl>,<int>,7,https://supermanager.acb.com/files/logo/1453195579.png,5,FALSE,A. Grazulis,Joventut Badalona,31,-3.5
12/01/1990,TRUE,0,26.3,0000564292_5-6_03.jpg,TRUE,2,Djedovic,14,20240909T093356+0000,328947,197,TRUE,FALSE,300000,Nihad Djedovic,0000564279_5-6_03.jpg,https://www.acb.com/jugador/todos-sus-partidos/id/20202039,fit,2324UnicajaLogo.png,JFL,23,Visegrad,Alemania,6.6,<dbl>,<int>,6.6,https://supermanager.acb.com/files/logo/2324UnicajaLogo.png,3,FALSE,N. Djedovic,Unicaja,35,-13.2
19/11/2000,TRUE,0,29.5,0000567353_5-6_03.jpg,TRUE,2,Balcerowski,2,20240909T093354+0000,276071,216,TRUE,FALSE,330000,Olek Balcerowski,0000567338_5-6_03.jpg,https://www.acb.com/jugador/todos-sus-partidos/id/20212243,fit,2324UnicajaLogo.png,JFL,14,Swidnica,Polonia,5.5,<dbl>,<int>,5.5,https://supermanager.acb.com/files/logo/2324UnicajaLogo.png,5,FALSE,A. Balcerowski,Unicaja,24,-18.5
16/01/1997,TRUE,0,27.2,0000564098_5-6_03.jpg,TRUE,2,Barreiro,7,20240909T093356+0000,261852,203,TRUE,FALSE,190000,Jonathan Barreiro,0000564081_5-6_03.jpg,https://www.acb.com/jugador/todos-sus-partidos/id/20200191,fit,2324UnicajaLogo.png,JFL,26,Cerceda (A Coruña),España,5.2,<dbl>,<int>,5.2,https://supermanager.acb.com/files/logo/2324UnicajaLogo.png,3,FALSE,J. Barreiro,Unicaja,28,-16.8
28/07/1996,TRUE,0,26.4,0000564399_5-6_03.jpg,TRUE,2,Sima,77,20240909T093356+0000,254074,211,TRUE,FALSE,220000,Yankuba Sima,0000564388_5-6_03.jpg,https://www.acb.com/jugador/todos-sus-partidos/id/20213230,fit,2324UnicajaLogo.png,JFL,24,Girona,España,5.1,<dbl>,<int>,5.1,https://supermanager.acb.com/files/logo/2324UnicajaLogo.png,5,FALSE,Y. Sima,Unicaja,28,-16.3
04/03/1991,TRUE,0,21.2,0000564256_5-6_03.jpg,TRUE,2,Ejim,3,20240909T093354+0000,210000,201,FALSE,FALSE,270000,Melvin Ejim,0000564241_5-6_03.jpg,https://www.acb.com/jugador/todos-sus-partidos/id/30000049,fit,2324UnicajaLogo.png,COT,15,Toronto,Nigeria,4.2,<dbl>,<int>,4.2,https://supermanager.acb.com/files/logo/2324UnicajaLogo.png,3,FALSE,M. Ejim,Unicaja,34,-12.8
16/06/1993,TRUE,0,19.3,0000566264_5-6_03.jpg,TRUE,14,Vives,16,20240909T093413+0000,170667,192,TRUE,FALSE,220000,Guillem Vives,0000566248_5-6_03.jpg,https://www.acb.com/jugador/todos-sus-partidos/id/20204158,fit,1453195579.png,JFL,126,Barcelona,España,3.4,<dbl>,<int>,3.4,https://supermanager.acb.com/files/logo/1453195579.png,1,FALSE,G. Vives,Joventut Badalona,31,-12.5
02/03/1987,TRUE,0,15.5,0000566439_5-6_03.jpg,TRUE,14,Ribas,4,20240909T093413+0000,145000,196,TRUE,FALSE,240000,Pau Ribas,0000566427_5-6_03.jpg,https://www.acb.com/jugador/todos-sus-partidos/id/20200836,fit,1453195579.png,JFL,123,Barcelona,España,2.9,<dbl>,<int>,2.9,https://supermanager.acb.com/files/logo/1453195579.png,3,FALSE,P. Ribas,Joventut Badalona,38,-9.7
04/10/2006,TRUE,0,3.6,0000566384_5-6_03.jpg,TRUE,14,Ruzic,23,20240909T093411+0000,88406,206,FALSE,FALSE,250000,Michael Ruzic,0000566373_5-6_03.jpg,https://www.acb.com/jugador/todos-sus-partidos/id/30002869,fit,1453195579.png,EUR,114,Besancon,Croacia,1.9,<dbl>,<int>,-1.2,https://supermanager.acb.com/files/logo/1453195579.png,5,FALSE,M. Ruzic,Joventut Badalona,18,-5.9
10/05/2003,TRUE,0,3.5,0000566408_5-6_03.jpg,TRUE,14,Allen,21,20240909T093413+0000,150000,205,TRUE,FALSE,150000,Miguel Allen,0000566397_5-6_03.jpg,https://www.acb.com/jugador/todos-sus-partidos/id/20212073,injured,1453195579.png,JFL,124,La Aldea de San Nicolás,España,0,<NULL>,<int>,3,https://supermanager.acb.com/files/logo/1453195579.png,5,FALSE,M. Allen,Joventut Badalona,22,2.5
03/11/2007,TRUE,0,6.6,0000566279_5-6_03.jpg,TRUE,14,Platteeuw,19,20240918T090139+0000,57421,210,TRUE,FALSE,110000,Ian Platteeuw,0000566273_5-6_03.jpg,https://www.acb.com/jugador/todos-sus-partidos/id/20213414,fit,1453195579.png,JFL,230,Barcelona,España,0,<dbl>,<int>,5.7,https://supermanager.acb.com/files/logo/1453195579.png,5,FALSE,I. Platteeuw,Joventut Badalona,17,4.9
15/04/2005,TRUE,0,3.9,0000566425_5-6_03.jpg,TRUE,14,Majoral,20,20241102T204553+0000,85000,187,TRUE,FALSE,100000,Pau Majoral,0000566420_5-6_03.jpg,NA,fit,1453195579.png,JFL,246,Badalona,España,0,<dbl>,<int>,3.4,https://supermanager.acb.com/files/logo/1453195579.png,1,FALSE,P. Majoral,Joventut Badalona,20,2.9
20/03/2007,TRUE,0,2.3,0000564223_5-6_03.jpg,TRUE,2,Trujillo,51,20250125T215502+0000,100000,194,TRUE,FALSE,100000,Manuel Trujillo,0000564211_5-6_03.jpg,NA,fit,2324UnicajaLogo.png,JFL,281,Málaga,España,0,<NULL>,<int>,2,https://supermanager.acb.com/files/logo/2324UnicajaLogo.png,1,FALSE,M. Trujillo,Unicaja,18,1.7
12/09/2006,TRUE,0,5,0000776974_5-6_03.jpg,TRUE,14,Torres,18,20250127T155509+0000,72250,203,TRUE,FALSE,100000,Adrián Torres,0000776967_5-6_03.jpg,NA,fit,1453195579.png,JFL,282,Bunyola,España,0,<dbl>,<int>,4.3,https://supermanager.acb.com/files/logo/1453195579.png,3,FALSE,A. Torres,Joventut Badalona,18,3.7
03/07/2003,TRUE,0,121.8,0000566693_5-6_03.jpg,TRUE,9,Montero,8,20240909T150136+0000,1138214,188,FALSE,FALSE,625000,Jean Montero,0000566675_5-6_03.jpg,https://www.acb.com/jugador/todos-sus-partidos/id/30000514,fit,1654748673.png,COT,183,Santo Domingo,República Dominicana,22.8,<dbl>,<int>,22.8,https://supermanager.acb.com/files/logo/1654748673.png,1,FALSE,J. Montero,Valencia Basket,21,-76.3
05/08/1993,TRUE,0,96.7,0000566754_5-6_03.jpg,TRUE,9,Costello,24,20240909T150136+0000,812813,208,FALSE,FALSE,540000,Matt Costello,0000566734_5-6_03.jpg,https://www.acb.com/jugador/todos-sus-partidos/id/30000032,fit,1654748673.png,COT,182,Linwood (Míchigan),Costa de Marfil,16.3,<dbl>,<int>,16.3,https://supermanager.acb.com/files/logo/1654748673.png,5,FALSE,M. Costello,Valencia Basket,31,-64.2
10/04/1993,TRUE,0,72.3,0000605825_5-6_03.jpg,TRUE,9,Jones,7,20240909T150138+0000,811818,188,FALSE,FALSE,500000,Chris Jones,0000566624_5-6_03.jpg,https://www.acb.com/jugador/todos-sus-partidos/id/30002048,fit,1654748673.png,EUR,194,Garland (Texas),Armenia,16.2,<dbl>,<int>,16.2,https://supermanager.acb.com/files/logo/1654748673.png,1,FALSE,C. Jones,Valencia Basket,32,-39.8
03/01/2001,TRUE,0,78.2,0000566666_5-6_03.jpg,TRUE,9,Pradilla,4,20240909T150138+0000,657500,202,TRUE,FALSE,280000,Jaime Pradilla,0000566655_5-6_03.jpg,https://www.acb.com/jugador/todos-sus-partidos/id/20211129,fit,1654748673.png,JFL,193,Zaragoza,España,13.2,<dbl>,<int>,13.1,https://supermanager.acb.com/files/logo/1654748673.png,5,FALSE,J. Pradilla,Valencia Basket,24,-51.9
03/02/1998,TRUE,0,23.8,0000570719_5-6_03.jpg,TRUE,11,Moore,2,20240909T093407+0000,605188,185,FALSE,FALSE,575000,Charlie Moore,0000570711_5-6_03.jpg,https://www.acb.com/jugador/todos-sus-partidos/id/30003393,injured,breogan_00.png,EXT,87,Ilinois,EE.UU.,12.8,<NULL>,<int>,5.6,https://supermanager.acb.com/files/logo/breogan_00.png,1,TRUE,C. Moore,Río Breogán,27,-12.5
30/03/2001,TRUE,0,56.8,0000770626_5-6_03.jpg,TRUE,11,Grant,3,20241220T183905+0000,617391,188,FALSE,FALSE,400000,Dae Dae Grant,0000770619_5-6_03.jpg,https://www.acb.com/jugador/todos-sus-partidos/id/30003818,fit,breogan_00.png,EXT,268,Ohio,EE.UU.,12.3,<dbl>,<int>,12.3,https://supermanager.acb.com/files/logo/breogan_00.png,1,TRUE,D. Grant,Río Breogán,24,-32.1
05/12/1994,TRUE,0,70.3,0000566828_5-6_03.jpg,TRUE,9,Ojeleye,37,20240909T150136+0000,606129,201,FALSE,FALSE,575000,Semi Ojeleye,0000566811_5-6_03.jpg,https://www.acb.com/jugador/todos-sus-partidos/id/30002811,fit,1654748673.png,COT,184,Kansas,Nigeria,12.1,<dbl>,<int>,12.1,https://supermanager.acb.com/files/logo/1654748673.png,3,FALSE,S. Ojeleye,Valencia Basket,30,-46.1
15/06/1994,TRUE,0,57.2,0000607096_5-6_03.jpg,TRUE,11,Mavra,19,20241206T113336+0000,583600,195,FALSE,FALSE,275000,Dominik Mavra,0000607092_5-6_03.jpg,https://www.acb.com/jugador/todos-sus-partidos/id/20212431,fit,breogan_00.png,EUR,262,Zadar,Croacia,11.7,<dbl>,<int>,11.7,https://supermanager.acb.com/files/logo/breogan_00.png,1,FALSE,D. Mavra,Río Breogán,30,-33.8
17/02/1999,TRUE,0,64.2,0000566619_5-6_03.jpg,TRUE,9,Badio,0,20240909T150136+0000,553871,191,FALSE,FALSE,430000,Brancou Badio,0000566600_5-6_03.jpg,https://www.acb.com/jugador/todos-sus-partidos/id/30000107,fit,1654748673.png,COT,185,Rufisque,Senegal,11.1,<dbl>,<int>,11.1,https://supermanager.acb.com/files/logo/1654748673.png,3,FALSE,B. Badio,Valencia Basket,26,-42.1
04/04/1997,TRUE,0,60,0000570882_5-6_03.jpg,TRUE,11,Sakho,18,20240909T093407+0000,531000,207,TRUE,FALSE,290000,Jordan Sakho,0000570867_5-6_03.jpg,https://www.acb.com/jugador/todos-sus-partidos/id/20212244,injured,breogan_00.png,JFL,83,Kinshasa,Rep. Democrática del Congo,10.6,<dbl>,<int>,10.6,https://supermanager.acb.com/files/logo/breogan_00.png,5,FALSE,J. Sakho,Río Breogán,28,-38.8
01/06/1999,TRUE,0,57.7,0000570925_5-6_03.jpg,TRUE,11,Nakic,99,20240909T093407+0000,524483,201,FALSE,FALSE,300000,Toni Nakic,0000570911_5-6_03.jpg,https://www.acb.com/jugador/todos-sus-partidos/id/30001899,fit,breogan_00.png,EUR,80,Sibenik,Croacia,10.5,<dbl>,<int>,10.5,https://supermanager.acb.com/files/logo/breogan_00.png,5,FALSE,T. Nakic,Río Breogán,26,-36.7
30/01/2000,TRUE,0,7.9,0000814041_5-6_03.jpg,TRUE,9,Soriano,12,20250522T081749+0000,379500,208,FALSE,FALSE,330000,Joel Soriano,0000814035_5-6_03.jpg,NA,fit,1654748673.png,COT,320,Nueva York,República Dominicana,9.6,<dbl>,<int>,5.6,https://supermanager.acb.com/files/logo/1654748673.png,5,FALSE,J. Soriano,Valencia Basket,25,3.3
08/03/1999,TRUE,0,55.3,0000566717_5-6_03.jpg,TRUE,9,Puerto,2,20240909T150138+0000,465000,199,TRUE,FALSE,150000,Josep Puerto,0000566702_5-6_03.jpg,https://www.acb.com/jugador/todos-sus-partidos/id/20210392,fit,1654748673.png,JFL,192,Almussafes,España,9.3,<dbl>,<int>,9.3,https://supermanager.acb.com/files/logo/1654748673.png,3,FALSE,J. Puerto,Valencia Basket,26,-36.7
30/09/1998,TRUE,0,44.6,0000566769_5-6_03.jpg,TRUE,9,Reuvers,3,20240909T150137+0000,428519,211,FALSE,FALSE,170000,Nate Reuvers,0000566757_5-6_03.jpg,https://www.acb.com/jugador/todos-sus-partidos/id/30002724,fit,1654748673.png,EUR,188,Minnesota,Hungría,8.6,<dbl>,<int>,8.6,https://supermanager.acb.com/files/logo/1654748673.png,5,FALSE,N. Reuvers,Valencia Basket,26,-27.4
19/05/1997,TRUE,0,45.6,0000566908_5-6_03.jpg,TRUE,9,López-A.,6,20240909T150137+0000,414828,200,TRUE,FALSE,330000,Xabi López-Arostegui,0000566892_5-6_03.jpg,https://www.acb.com/jugador/todos-sus-partidos/id/20211660,fit,1654748673.png,JFL,190,Getxo,España,8.3,<dbl>,<int>,8.3,https://supermanager.acb.com/files/logo/1654748673.png,3,FALSE,López-Arostegui,Valencia Basket,28,-29
04/12/2005,TRUE,0,35.2,0000566845_5-6_03.jpg,TRUE,9,De Larrea ,5,20240909T150138+0000,409048,198,TRUE,FALSE,120000,Sergio de Larrea,0000566835_5-6_03.jpg,https://www.acb.com/jugador/todos-sus-partidos/id/30001360,fit,1654748673.png,JFL,191,Valladolid,España,8.2,<dbl>,<int>,8.2,https://supermanager.acb.com/files/logo/1654748673.png,1,FALSE,S. de Larrea,Valencia Basket,19,-18.8
19/01/1997,TRUE,0,39.1,0000570781_5-6_03.jpg,TRUE,11,Atic,7,20240909T093407+0000,399200,201,FALSE,FALSE,190000,Edin Atic,0000570764_5-6_03.jpg,https://www.acb.com/jugador/todos-sus-partidos/id/30003430,injured,breogan_00.png,EUR,79,Bugojno,Bosnia y Herzegovina,8,<dbl>,<int>,8,https://supermanager.acb.com/files/logo/breogan_00.png,3,FALSE,E. Atic,Río Breogán,28,-23.2
12/05/1997,TRUE,0,41.1,0000566786_5-6_03.jpg,TRUE,9,Sestina,77,20240909T150137+0000,354194,205,FALSE,FALSE,300000,Nate Sestina,0000566778_5-6_03.jpg,https://www.acb.com/jugador/todos-sus-partidos/id/30003405,fit,1654748673.png,EXT,189,St. Marys (Pensilvania),EE.UU.,7.1,<dbl>,<int>,7.1,https://supermanager.acb.com/files/logo/1654748673.png,5,TRUE,N. Sestina,Valencia Basket,28,-26.9
03/10/1995,TRUE,0,43.3,0000570758_5-6_03.jpg,TRUE,11,Apic,8,20240909T150142+0000,355152,206,FALSE,FALSE,390000,Dragan Apic,0000570747_5-6_03.jpg,https://www.acb.com/jugador/todos-sus-partidos/id/30000194,fit,breogan_00.png,EUR,209,Novi Sad,Serbia,7.1,<dbl>,<int>,7.1,https://supermanager.acb.com/files/logo/breogan_00.png,5,FALSE,D. Apic,Río Breogán,29,-29.1
24/01/1998,TRUE,0,38.7,0000570708_5-6_03.jpg,TRUE,11,Aranitovic,17,20240909T093407+0000,351379,195,FALSE,FALSE,420000,Aleksandar Aranitovic,0000570693_5-6_03.jpg,https://www.acb.com/jugador/todos-sus-partidos/id/30003394,fit,breogan_00.png,EUR,81,Belgrado,Croacia,7,<dbl>,<int>,7,https://supermanager.acb.com/files/logo/breogan_00.png,3,FALSE,A. Aranitovic,Río Breogán,27,-24.6
11/02/1994,TRUE,0,35.2,0000605846_5-6_03.jpg,TRUE,9,Brimah,35,20240927T104037+0000,348846,213,FALSE,FALSE,370000,Amida Brimah,0000605835_5-6_03.jpg,https://www.acb.com/jugador/todos-sus-partidos/id/30003505,injured,1654748673.png,COT,234,Accra,Ghana,7,<dbl>,<int>,7,https://supermanager.acb.com/files/logo/1654748673.png,5,FALSE,A. Brimah,Valencia Basket,31,-21.3
03/11/1990,TRUE,0,29.7,0000566880_5-6_03.jpg,TRUE,9,Jovic,16,20240909T150137+0000,345714,198,FALSE,FALSE,270000,Stefan Jovic,0000566863_5-6_03.jpg,https://www.acb.com/jugador/todos-sus-partidos/id/30002442,injured,1654748673.png,EUR,186,Nis,Serbia,6.9,<dbl>,<int>,6.9,https://supermanager.acb.com/files/logo/1654748673.png,1,FALSE,S. Jovic,Valencia Basket,34,-15.9
31/12/1995,TRUE,0,20.3,0000783340_5-6_03.jpg,TRUE,11,Touré,21,20250207T165658+0000,326923,213,FALSE,FALSE,370000,Boubacar Touré,0000783335_5-6_03.jpg,https://www.acb.com/jugador/todos-sus-partidos/id/30002729,fit,breogan_00.png,COT,288,Dakar,Senegal,6.5,<dbl>,<int>,6.5,https://supermanager.acb.com/files/logo/breogan_00.png,5,FALSE,B. Touré,Río Breogán,29,-7.2
19/01/2000,TRUE,0,27.9,0000775437_5-6_03.jpg,TRUE,11,Kurucs,47,20240909T150133+0000,275769,193,TRUE,FALSE,110000,Arturs Kurucs,0000775436_5-6_03.jpg,https://www.acb.com/jugador/todos-sus-partidos/id/20211887,fit,breogan_00.png,JFL,167,Cesis,Letonia,5.5,<dbl>,<int>,5.5,https://supermanager.acb.com/files/logo/breogan_00.png,3,FALSE,A. Kurucs,Río Breogán,25,-16.8
15/05/1998,TRUE,0,31.2,0000570814_5-6_03.jpg,TRUE,11,Vila,4,20240909T150142+0000,256061,209,TRUE,FALSE,200000,Eric Vila,0000570800_5-6_03.jpg,https://www.acb.com/jugador/todos-sus-partidos/id/20211456,fit,breogan_00.png,JFL,208,Girona,España,5.1,<dbl>,<int>,5.1,https://supermanager.acb.com/files/logo/breogan_00.png,5,FALSE,E. Vila,Río Breogán,27,-21
17/08/1991,TRUE,0,13.4,0000570831_5-6_03.jpg,TRUE,11,Quintela,23,20240909T093407+0000,145217,184,TRUE,FALSE,130000,Erik Quintela,0000570818_5-6_03.jpg,https://www.acb.com/jugador/todos-sus-partidos/id/30001182,fit,breogan_00.png,JFL,85,Lugo,España,2.9,<dbl>,<int>,2.9,https://supermanager.acb.com/files/logo/breogan_00.png,1,FALSE,E. Quintela,Río Breogán,33,-7.6
10/03/1998,TRUE,0,17.2,0000809841_5-6_03.jpg,TRUE,11,Hughes,11,20250418T111932+0000,112202,198,FALSE,FALSE,350000,Elijah Hughes,0000809831_5-6_03.jpg,NA,fit,breogan_00.png,EXT,316,New York,EE.UU.,0.5,<dbl>,<int>,14.6,https://supermanager.acb.com/files/logo/breogan_00.png,3,TRUE,E. Hughes,Río Breogán,27,11.9
22/02/2006,TRUE,0,2.3,0000566929_5-6_03.jpg,TRUE,9,Carot,10,20241201T174123+0000,100000,203,TRUE,FALSE,100000,Jorge Carot,0000566924_5-6_03.jpg,NA,fit,1654748673.png,JFL,258,Valencia,España,0,<NULL>,<int>,2,https://supermanager.acb.com/files/logo/1654748673.png,5,FALSE,J. Carot,Valencia Basket,19,1.7
07/05/1996,TRUE,0,41.6,0000566644_5-6_03.jpg,TRUE,9,Happ,22,20240909T150137+0000,297282,208,FALSE,FALSE,670000,Ethan Happ,0000566638_5-6_03.jpg,https://www.acb.com/jugador/todos-sus-partidos/id/30001954,injured,1654748673.png,EUR,187,Milan (Illinois),Macedonia del Norte,-0.1,<NULL>,<int>,36.3,https://supermanager.acb.com/files/logo/1654748673.png,5,FALSE,E. Happ,Valencia Basket,29,30.9
20/10/2005,TRUE,0,10,0000566941_5-6_03.jpg,TRUE,9,Marí,23,20241201T174123+0000,72250,197,TRUE,FALSE,100000,Lucas Marí,0000566931_5-6_03.jpg,NA,fit,1654748673.png,JFL,257,Valencia,España,-2.5,<NULL>,<int>,9.3,https://supermanager.acb.com/files/logo/1654748673.png,1,FALSE,L. Marí,Valencia Basket,19,8.7
02/04/1989,TRUE,0,120.9,0000564894_5-6_03.jpg,TRUE,7,Shermadini,19,20240909T093402+0000,1042581,217,FALSE,FALSE,800000,Giorgi Shermadini,0000564886_5-6_03.jpg,https://www.acb.com/jugador/todos-sus-partidos/id/20210659,fit,2425LaLagunaTenerifeLogo.png,EUR,54,Mtskheta,Georgia,20.9,<dbl>,<int>,20.9,https://supermanager.acb.com/files/logo/2425LaLagunaTenerifeLogoneg.png,5,FALSE,G. Shermadini,La Laguna Tenerife,36,-79.2
25/05/1983,TRUE,0,113.6,0000569150_5-6_03.jpg,TRUE,7,Huertas,9,20240909T093403+0000,1005333,191,FALSE,FALSE,600000,Marcelinho Huertas,0000569143_5-6_03.jpg,https://www.acb.com/jugador/todos-sus-partidos/id/20201760,fit,2425LaLagunaTenerifeLogo.png,EUR,56,Sao Paulo,Italia,20.1,<dbl>,<int>,20.1,https://supermanager.acb.com/files/logo/2425LaLagunaTenerifeLogoneg.png,1,FALSE,M. Huertas,La Laguna Tenerife,42,-73.4
17/09/1997,TRUE,0,112.4,0000567117_5-6_03.jpg,TRUE,10,Alston,21,20240909T150140+0000,898824,206,FALSE,FALSE,600000,Derrick Alston Jr.,0000567112_5-6_03.jpg,https://www.acb.com/jugador/todos-sus-partidos/id/30003416,fit,75632.png,EXT,200,Texas,EE.UU.,18,<dbl>,<int>,18,https://supermanager.acb.com/files/logo/75575.png,5,TRUE,D. Alston Jr.,BAXI Manresa,27,-76.4
23/12/1992,TRUE,0,63.5,0000564880_5-6_03.jpg,TRUE,7,Guerra,35,20240909T093404+0000,765500,214,TRUE,FALSE,360000,Fran Guerra,0000564866_5-6_03.jpg,https://www.acb.com/jugador/todos-sus-partidos/id/20209934,injured,2425LaLagunaTenerifeLogo.png,JFL,65,Las Palmas de Gran Canaria,España,15.3,<NULL>,<int>,15.3,https://supermanager.acb.com/files/logo/2425LaLagunaTenerifeLogoneg.png,5,FALSE,F. Guerra,La Laguna Tenerife,32,-32.9
25/08/1997,TRUE,0,80.7,0000567041_5-6_03.jpg,TRUE,10,Hunt,24,20240909T150140+0000,695484,191,FALSE,FALSE,400000,Cameron Hunt,0000567032_5-6_03.jpg,https://www.acb.com/jugador/todos-sus-partidos/id/30003415,fit,75632.png,EXT,201,Nebraska,EE.UU.,13.9,<dbl>,<int>,13.9,https://supermanager.acb.com/files/logo/75575.png,3,TRUE,C. Hunt,BAXI Manresa,27,-52.9
02/08/1991,TRUE,0,67.3,0000564827_5-6_03.jpg,TRUE,7,Fitipaldo,6,20240909T093403+0000,646667,183,FALSE,FALSE,210000,Bruno Fitipaldo,0000564816_5-6_03.jpg,https://www.acb.com/jugador/todos-sus-partidos/id/20212972,fit,2425LaLagunaTenerifeLogo.png,EUR,58,Montevideo,Italia,12.9,<dbl>,<int>,12.9,https://supermanager.acb.com/files/logo/2425LaLagunaTenerifeLogoneg.png,1,FALSE,B. Fitipaldo,La Laguna Tenerife,33,-41.4
14/01/1997,TRUE,0,65.5,0000564851_5-6_03.jpg,TRUE,7,Kramer,1,20240909T093403+0000,580000,196,FALSE,FALSE,220000,David Kramer,0000564842_5-6_03.jpg,https://www.acb.com/jugador/todos-sus-partidos/id/30002716,fit,2425LaLagunaTenerifeLogo.png,EUR,57,Myjava,Alemania,11.6,<dbl>,<int>,11.6,https://supermanager.acb.com/files/logo/2425LaLagunaTenerifeLogoneg.png,3,FALSE,D. Kramer,La Laguna Tenerife,28,-42.3
30/07/1997,TRUE,0,71.5,0000567150_5-6_03.jpg,TRUE,10,Cate,97,20240909T150141+0000,572059,207,TRUE,FALSE,540000,Emanuel Cate,0000567141_5-6_03.jpg,https://www.acb.com/jugador/todos-sus-partidos/id/20210914,fit,75632.png,JFL,205,Bucarest,Rumanía,11.4,<dbl>,<int>,11.4,https://supermanager.acb.com/files/logo/75575.png,5,FALSE,E. Cate,BAXI Manresa,27,-48.6
05/12/1985,TRUE,0,63.9,0000564802_5-6_03.jpg,TRUE,7,Doornekamp,42,20240909T093402+0000,550968,201,FALSE,FALSE,215000,Aaron Doornekamp,0000564799_5-6_03.jpg,https://www.acb.com/jugador/todos-sus-partidos/id/20212189,fit,2425LaLagunaTenerifeLogo.png,EUR,52,Napanee,Países Bajos,11,<dbl>,<int>,11,https://supermanager.acb.com/files/logo/2425LaLagunaTenerifeLogoneg.png,3,FALSE,A. Doornekamp,La Laguna Tenerife,39,-41.9
26/09/1991,TRUE,0,59.5,0000565044_5-6_03.jpg,TRUE,7,Scrubb,11,20240909T093402+0000,512903,198,FALSE,FALSE,625000,Thomas Scrubb,0000565038_5-6_03.jpg,https://www.acb.com/jugador/todos-sus-partidos/id/30001166,fit,2425LaLagunaTenerifeLogo.png,EUR,53,Montreal,Reino Unido,10.3,<dbl>,<int>,10.3,https://supermanager.acb.com/files/logo/2425LaLagunaTenerifeLogoneg.png,3,FALSE,T. Scrubb,La Laguna Tenerife,33,-39
17/09/1989,TRUE,0,52.9,0000565070_5-6_03.jpg,TRUE,7,Abromaitis,21,20240909T093403+0000,455806,203,FALSE,FALSE,350000,Tim Abromaitis,0000565058_5-6_03.jpg,https://www.acb.com/jugador/todos-sus-partidos/id/20211625,fit,2425LaLagunaTenerifeLogo.png,EUR,55,Waterbury (Connecticut),EE.UU.,9.1,<dbl>,<int>,9.1,https://supermanager.acb.com/files/logo/2425LaLagunaTenerifeLogoneg.png,5,FALSE,T. Abromaitis,La Laguna Tenerife,35,-34.6
04/06/1993,TRUE,0,32.3,0000564937_5-6_03.jpg,TRUE,7,Fernández,3,20240909T093404+0000,455625,186,TRUE,FALSE,370000,Jaime Fernández,0000564927_5-6_03.jpg,https://www.acb.com/jugador/todos-sus-partidos/id/20204124,fit,2425LaLagunaTenerifeLogo.png,JFL,63,Madrid,España,9.1,<dbl>,<int>,9.1,https://supermanager.acb.com/files/logo/2425LaLagunaTenerifeLogoneg.png,3,FALSE,J. Fernández,La Laguna Tenerife,32,-14.1
14/04/2006,TRUE,0,54.3,0000567241_5-6_03.jpg,TRUE,10,Saint-Supery,17,20240909T150140+0000,445455,194,TRUE,FALSE,140000,Mario Saint-Supery,0000567230_5-6_03.jpg,https://www.acb.com/jugador/todos-sus-partidos/id/20213210,fit,75632.png,JFL,203,Málaga,España,8.9,<dbl>,<int>,8.9,https://supermanager.acb.com/files/logo/75575.png,1,FALSE,M. Saint-Supery,BAXI Manresa,19,-36.5
06/07/1993,TRUE,0,52.9,0000567306_5-6_03.jpg,TRUE,10,Obasohan,32,20240909T150139+0000,433333,191,FALSE,FALSE,350000,Retin Obasohan,0000567284_5-6_03.jpg,https://www.acb.com/jugador/todos-sus-partidos/id/30003414,fit,75632.png,EUR,197,Borgerhout,Bélgica,8.7,<dbl>,<int>,8.7,https://supermanager.acb.com/files/logo/75575.png,1,FALSE,R. Obasohan,BAXI Manresa,31,-35.5
17/12/1993,TRUE,0,44.1,0000566990_5-6_03.jpg,TRUE,10,Reyes,8,20240909T150141+0000,412500,202,TRUE,FALSE,200000,Álex Reyes,0000566978_5-6_03.jpg,https://www.acb.com/jugador/todos-sus-partidos/id/20204133,fit,75632.png,JFL,207,Cáceres,España,8.3,<dbl>,<int>,8.3,https://supermanager.acb.com/files/logo/75575.png,3,FALSE,A. Reyes,BAXI Manresa,31,-27.6
21/10/1997,TRUE,0,41,0000567026_5-6_03.jpg,TRUE,10,Massa,11,20240909T150140+0000,383571,208,FALSE,FALSE,450000,Bodian Massa,0000567016_5-6_03.jpg,https://www.acb.com/jugador/todos-sus-partidos/id/30003419,fit,75632.png,EUR,199,Marseille,Francia,7.7,<dbl>,<int>,7.7,https://supermanager.acb.com/files/logo/75575.png,5,FALSE,B. Massa,BAXI Manresa,27,-25.7
23/01/2003,TRUE,0,13.4,0000783319_5-6_03.jpg,TRUE,10,Traore,94,20250228T171931+0000,352000,203,FALSE,FALSE,480000,Armel Traore,0000783312_5-6_03.jpg,https://www.acb.com/jugador/todos-sus-partidos/id/30003917,injured,75632.png,EUR,297,Creteil,Francia,7,<dbl>,<int>,7,https://supermanager.acb.com/files/logo/75575.png,5,FALSE,A. Traore,BAXI Manresa,22,0.7
28/02/1990,TRUE,0,40.4,0000567104_5-6_03.jpg,TRUE,10,Pérez,55,20240909T150141+0000,322941,184,TRUE,FALSE,310000,Dani Pérez,0000567081_5-6_03.jpg,https://www.acb.com/jugador/todos-sus-partidos/id/20203826,fit,75632.png,JFL,206,L'Hospitalet de Llobregat,España,6.5,<dbl>,<int>,6.5,https://supermanager.acb.com/files/logo/75575.png,1,FALSE,D. Pérez,BAXI Manresa,35,-27.5
10/12/1991,TRUE,0,30.6,0000564961_5-6_03.jpg,TRUE,7,Sastre,15,20240909T093404+0000,302692,201,TRUE,FALSE,200000,Joan Sastre,0000564949_5-6_03.jpg,https://www.acb.com/jugador/todos-sus-partidos/id/20203882,fit,2425LaLagunaTenerifeLogo.png,JFL,62,Inca,España,6.1,<dbl>,<int>,6.1,https://supermanager.acb.com/files/logo/2425LaLagunaTenerifeLogoneg.png,3,FALSE,J. Sastre,La Laguna Tenerife,33,-18.5
28/08/2001,TRUE,0,36.5,0000567228_5-6_03.jpg,TRUE,10,Steinbergs,12,20240909T150140+0000,299091,208,FALSE,FALSE,260000,Marcis Steinbergs,0000567213_5-6_03.jpg,https://www.acb.com/jugador/todos-sus-partidos/id/30000133,fit,75632.png,EUR,198,Riga,Letonia,6,<dbl>,<int>,6,https://supermanager.acb.com/files/logo/75575.png,5,FALSE,M. Steinbergs,BAXI Manresa,23,-24.5
15/07/1997,TRUE,0,20.7,0000567194_5-6_03.jpg,TRUE,10,Jou,5,20240909T150141+0000,291875,195,TRUE,FALSE,160000,Guillem Jou,0000567176_5-6_03.jpg,https://www.acb.com/jugador/todos-sus-partidos/id/20210815,fit,75632.png,JFL,204,Llagostera,España,5.8,<dbl>,<int>,5.8,https://supermanager.acb.com/files/logo/75575.png,3,FALSE,G. Jou,BAXI Manresa,27,-9
14/09/2001,TRUE,0,21.4,0000567325_5-6_03.jpg,TRUE,10,Vescovi,4,20240909T150139+0000,225000,191,FALSE,FALSE,220000,Santiago Vescovi,0000567309_5-6_03.jpg,https://www.acb.com/jugador/todos-sus-partidos/id/30003418,fit,75632.png,EUR,196,Montevideo,Italia,4.5,<dbl>,<int>,4.5,https://supermanager.acb.com/files/logo/75575.png,3,FALSE,S. Vescovi,BAXI Manresa,23,-12.4
13/02/2003,TRUE,0,26.2,0000567272_5-6_03.jpg,TRUE,10,Sagnia,13,20240909T150140+0000,214545,201,TRUE,FALSE,250000,Musa Sagnia,0000567262_5-6_03.jpg,https://www.acb.com/jugador/todos-sus-partidos/id/30000645,fit,75632.png,JFL,202,Fajara,Gambia,4.3,<dbl>,<int>,4.3,https://supermanager.acb.com/files/logo/75575.png,3,FALSE,M. Sagnia,BAXI Manresa,22,-17.6
25/04/2000,TRUE,0,8.3,0000795075_5-6_03.jpg,TRUE,7,Drell,7,20250320T135527+0000,176250,206,FALSE,FALSE,360000,Henri Drell,0000795078_5-6_03.jpg,https://www.acb.com/jugador/todos-sus-partidos/id/30003922,fit,2425LaLagunaTenerifeLogo.png,EUR,303,Tallin,Estonia,3.5,<dbl>,<int>,3.5,https://supermanager.acb.com/files/logo/2425LaLagunaTenerifeLogoneg.png,5,FALSE,H. Drell,La Laguna Tenerife,25,-1.2
13/10/2002,TRUE,0,12.7,0000809300_5-6_03.jpg,TRUE,7,Badji,16,20250411T100923+0000,218167,215,TRUE,FALSE,300000,Ibou Badji,0000809296_5-6_03.jpg,https://www.acb.com/jugador/todos-sus-partidos/id/30000106,injured,2425LaLagunaTenerifeLogo.png,JFL,315,Thionck Essyl,Senegal,3.1,<dbl>,<int>,9.4,https://supermanager.acb.com/files/logo/2425LaLagunaTenerifeLogoneg.png,5,FALSE,I. Badji,La Laguna Tenerife,22,6.1
25/03/2003,TRUE,0,6.2,0000564988_5-6_03.jpg,TRUE,7,Kostadinov,2,20240909T093403+0000,91333,203,TRUE,FALSE,110000,Kostas Kostadinov,0000564974_5-6_03.jpg,https://www.acb.com/jugador/todos-sus-partidos/id/30003367,fit,2425LaLagunaTenerifeLogo.png,JFL,61,Burgas,Bulgaria,1.8,<dbl>,<int>,1.8,https://supermanager.acb.com/files/logo/2425LaLagunaTenerifeLogoneg.png,5,FALSE,K. Kostadinov,La Laguna Tenerife,22,-2.6
27/02/1993,TRUE,0,6.2,0000564998_5-6_03.jpg,TRUE,7,Costa,13,20240909T093403+0000,69545,187,TRUE,FALSE,400000,Lluís Costa,0000564987_5-6_03.jpg,https://www.acb.com/jugador/todos-sus-partidos/id/20209470,fit,2425LaLagunaTenerifeLogo.png,JFL,60,Sant Just Desvern,España,1.4,<dbl>,<int>,1.4,https://supermanager.acb.com/files/logo/2425LaLagunaTenerifeLogoneg.png,1,FALSE,L. Costa,La Laguna Tenerife,32,-3.4
03/01/2006,TRUE,0,2.7,0000567258_5-6_03.jpg,TRUE,10,Gaspà,28,20241206T113335+0000,85000,190,TRUE,FALSE,100000,Max Gaspà,0000567254_5-6_03.jpg,NA,fit,75632.png,JFL,261,Barcelona,España,1.2,<NULL>,<int>,2.2,https://supermanager.acb.com/files/logo/75575.png,3,FALSE,M. Gaspà,BAXI Manresa,19,1.7
18/02/1997,TRUE,0,3.1,0000775411_5-6_03.jpg,TRUE,10,Sorolla,35,20240909T093414+0000,47143,211,TRUE,FALSE,150000,Jaume Sorolla,0000775399_5-6_03.jpg,https://www.acb.com/jugador/todos-sus-partidos/id/20210852,injured,75632.png,JFL,135,Roquetes (Tarragona),España,0.9,<dbl>,<int>,0.9,https://supermanager.acb.com/files/logo/75575.png,5,FALSE,J. Sorolla,BAXI Manresa,28,-1.2
22/09/2006,TRUE,0,2.3,0000784632_5-6_03.jpg,TRUE,7,Rodríguez,22,20250203T151438+0000,100000,183,TRUE,FALSE,100000,Rafael Rodríguez,0000784637_5-6_03.jpg,NA,fit,2425LaLagunaTenerifeLogo.png,JFL,286,San Cristobal de la Laguna,España,0,<NULL>,<int>,2,https://supermanager.acb.com/files/logo/2425LaLagunaTenerifeLogoneg.png,1,FALSE,R. Rodríguez,La Laguna Tenerife,18,1.7
28/09/2006,TRUE,0,2.3,0000784370_5-6_03.jpg,TRUE,10,Bergseng,29,20250309T111931+0000,100000,208,FALSE,FALSE,100000,Ludvik Bergseng,0000784371_5-6_03.jpg,NA,fit,75632.png,EUR,300,Oslo,Noruega,0,<NULL>,<int>,2,https://supermanager.acb.com/files/logo/75575.png,5,FALSE,L. Bergseng,BAXI Manresa,18,1.7
06/09/2005,TRUE,0,2.3,0000784633_5-6_03.jpg,TRUE,7,Riga,90,20250310T140424+0000,100000,201,TRUE,FALSE,100000,Louis Riga,0000784636_5-6_03.jpg,NA,fit,2425LaLagunaTenerifeLogo.png,JFL,301,Paris,Francia,0,<NULL>,<int>,2,https://supermanager.acb.com/files/logo/2425LaLagunaTenerifeLogoneg.png,3,FALSE,L. Riga,La Laguna Tenerife,19,1.7
26/12/1991,TRUE,0,108.1,0000569702_5-6_03.jpg,TRUE,5,Ennis,31,20240909T150133+0000,864412,188,FALSE,FALSE,550000,Dylan Ennis,0000569688_5-6_03.jpg,https://www.acb.com/jugador/todos-sus-partidos/id/20212941,fit,2425UCAMMurciapositivo.png,EUR,158,Toronto,Serbia,17.3,<dbl>,<int>,17.3,https://supermanager.acb.com/files/logo/2425UCAMMurcianegativo.png,3,FALSE,D. Ennis,UCAM Murcia,33,-73.5
02/03/1993,TRUE,0,93.6,0000565359_5-6_03.jpg,TRUE,8,Brussino,9,20240909T093405+0000,767576,205,FALSE,FALSE,675000,Nico Brussino,0000565354_5-6_03.jpg,https://www.acb.com/jugador/todos-sus-partidos/id/20212648,fit,75611.png,EUR,69,Las Parejas,Italia,15.4,<dbl>,<int>,15.4,https://supermanager.acb.com/files/logo/75557.png,3,FALSE,N. Brussino,Dreamland Gran Canaria,32,-62.9
27/11/1996,TRUE,0,77.7,0000565138_5-6_03.jpg,TRUE,8,Homesley,5,20240909T093405+0000,669677,198,FALSE,FALSE,550000,Caleb Homesley,0000565125_5-6_03.jpg,https://www.acb.com/jugador/todos-sus-partidos/id/30003377,fit,75611.png,EXT,66,Carolina del Norte,EE.UU.,13.4,<dbl>,<int>,13.4,https://supermanager.acb.com/files/logo/75557.png,3,TRUE,C. Homesley,Dreamland Gran Canaria,28,-50.9
23/10/1997,TRUE,0,70.7,0000569920_5-6_03.jpg,TRUE,5,Birgander,35,20240909T150133+0000,660714,209,FALSE,FALSE,640000,Simon Birgander,0000569905_5-6_03.jpg,https://www.acb.com/jugador/todos-sus-partidos/id/20212423,fit,2425UCAMMurciapositivo.png,EUR,160,Kvistofta,Suecia,13.2,<dbl>,<int>,13.2,https://supermanager.acb.com/files/logo/2425UCAMMurcianegativo.png,5,FALSE,S. Birgander,UCAM Murcia,27,-44.3
05/02/1998,TRUE,0,76.5,0000569884_5-6_03.jpg,TRUE,5,Kurucs,0,20240909T150133+0000,642812,203,TRUE,FALSE,400000,Rodions Kurucs,0000569880_5-6_03.jpg,https://www.acb.com/jugador/todos-sus-partidos/id/20211797,fit,2425UCAMMurciapositivo.png,JFL,163,Cesis,Letonia,12.9,<dbl>,<int>,12.9,https://supermanager.acb.com/files/logo/2425UCAMMurcianegativo.png,3,FALSE,R. Kurucs,UCAM Murcia,27,-50.8
10/10/1994,TRUE,0,76.5,0000565317_5-6_03.jpg,TRUE,8,Tobey,18,20240909T093405+0000,626970,213,FALSE,FALSE,540000,Mike Tobey,0000565311_5-6_03.jpg,https://www.acb.com/jugador/todos-sus-partidos/id/20212399,fit,75611.png,EUR,70,Monroe (Nueva York),Eslovenia,12.5,<dbl>,<int>,12.5,https://supermanager.acb.com/files/logo/75557.png,5,FALSE,M. Tobey,Dreamland Gran Canaria,30,-51.4
08/11/1996,TRUE,0,54.4,0000775386_5-6_03.jpg,TRUE,5,Gates,4,20240909T093412+0000,611364,201,FALSE,FALSE,420000,Kaiser Gates,0000775376_5-6_03.jpg,https://www.acb.com/jugador/todos-sus-partidos/id/30003422,doubtful,2425UCAMMurciapositivo.png,EXT,120,Georgia,EE.UU.,12.2,<dbl>,<int>,12.2,https://supermanager.acb.com/files/logo/2425UCAMMurcianegativo.png,5,TRUE,K. Gates,UCAM Murcia,28,-30
22/08/2000,TRUE,0,71.2,0000565193_5-6_03.jpg,TRUE,8,Conditt,4,20240909T093406+0000,583939,211,FALSE,FALSE,500000,George Conditt IV,0000565187_5-6_03.jpg,https://www.acb.com/jugador/todos-sus-partidos/id/30003388,fit,75611.png,EXT,73,Chicago,EE.UU.,11.7,<dbl>,<int>,11.7,https://supermanager.acb.com/files/logo/75557.png,5,TRUE,G. Conditt,Dreamland Gran Canaria,24,-47.9
21/03/1990,TRUE,0,61.2,0000565111_5-6_03.jpg,TRUE,8,Albicy,6,20240909T093406+0000,514062,178,FALSE,FALSE,300000,Andrew Albicy,0000565106_5-6_03.jpg,https://www.acb.com/jugador/todos-sus-partidos/id/20212190,fit,75611.png,EUR,72,Sévres,Francia,10.3,<dbl>,<int>,10.3,https://supermanager.acb.com/files/logo/75557.png,1,FALSE,A. Albicy,Dreamland Gran Canaria,35,-40.6
22/03/1996,TRUE,0,61.4,0000569788_5-6_03.jpg,TRUE,5,Hakanson,22,20240909T150133+0000,503636,189,TRUE,FALSE,350000,Ludde Hakanson,0000569782_5-6_03.jpg,https://www.acb.com/jugador/todos-sus-partidos/id/20210498,fit,2425UCAMMurciapositivo.png,JFL,168,Matteus (Estocolmo),Suecia,10.1,<dbl>,<int>,10.1,https://supermanager.acb.com/files/logo/2425UCAMMurcianegativo.png,1,FALSE,L. Hakanson,UCAM Murcia,29,-41.3
16/08/1993,TRUE,0,54.8,0000565239_5-6_03.jpg,TRUE,8,Thomasson,32,20240909T093405+0000,460625,193,FALSE,FALSE,520000,Joe Thomasson,0000565233_5-6_03.jpg,https://www.acb.com/jugador/todos-sus-partidos/id/30001127,fit,75611.png,EUR,67,Ohio,Georgia,9.2,<dbl>,<int>,9.2,https://supermanager.acb.com/files/logo/75557.png,3,FALSE,J. Thomasson,Dreamland Gran Canaria,31,-36.4
30/12/2000,TRUE,0,34.2,0000565147_5-6_03.jpg,TRUE,8,Alocén,12,20240909T093407+0000,461765,194,TRUE,FALSE,340000,Carlos Alocén,0000565142_5-6_03.jpg,https://www.acb.com/jugador/todos-sus-partidos/id/20210357,injured,75611.png,JFL,77,Zaragoza,España,9.2,<NULL>,<int>,9.2,https://supermanager.acb.com/files/logo/75557.png,1,FALSE,C. Alocén,Dreamland Gran Canaria,24,-15.7
30/04/1990,TRUE,0,49.8,0000565259_5-6_03.jpg,TRUE,8,Shurna,14,20240909T093405+0000,452414,204,FALSE,FALSE,440000,John Shurna,0000565253_5-6_03.jpg,https://www.acb.com/jugador/todos-sus-partidos/id/20210670,fit,75611.png,EUR,71,Glen Ellyn (Illinois),Lituania,9,<dbl>,<int>,9,https://supermanager.acb.com/files/logo/75557.png,5,FALSE,J. Shurna,Dreamland Gran Canaria,35,-31.7
13/02/1991,TRUE,0,46.2,0000569740_5-6_03.jpg,TRUE,5,Sant-Roos,8,20240909T150133+0000,444444,201,FALSE,FALSE,460000,Howard Sant-Roos,0000569724_5-6_03.jpg,https://www.acb.com/jugador/todos-sus-partidos/id/30002036,fit,2425UCAMMurciapositivo.png,EUR,161,La Habana,Cuba,8.9,<dbl>,<int>,8.9,https://supermanager.acb.com/files/logo/2425UCAMMurcianegativo.png,3,FALSE,H. Sant-Roos,UCAM Murcia,34,-28.4
17/06/1997,TRUE,0,48.1,0000569765_5-6_03.jpg,TRUE,5,Radebaugh,12,20240909T150133+0000,384412,191,FALSE,FALSE,300000,Jonah Radebaugh,0000569766_5-6_03.jpg,https://www.acb.com/jugador/todos-sus-partidos/id/30001917,fit,2425UCAMMurciapositivo.png,EUR,157,Denver ,Montenegro,7.7,<dbl>,<int>,7.7,https://supermanager.acb.com/files/logo/2425UCAMMurcianegativo.png,3,FALSE,J. Radebaugh,UCAM Murcia,27,-32.7
16/08/1992,TRUE,0,46.2,0000565382_5-6_03.jpg,TRUE,8,Pelos,13,20240909T093405+0000,379091,205,FALSE,FALSE,310000,Pierre Pelos,0000565376_5-6_03.jpg,https://www.acb.com/jugador/todos-sus-partidos/id/30002718,fit,75611.png,EUR,68,Noire,Francia,7.6,<dbl>,<int>,7.6,https://supermanager.acb.com/files/logo/75557.png,5,FALSE,P. Pelos,Dreamland Gran Canaria,32,-31.1
20/11/1997,TRUE,0,22.8,0000784067_5-6_03.jpg,TRUE,5,Anteto.,37,20250226T111928+0000,350714,208,FALSE,FALSE,460000,Kostas Antetokounmpo,0000784060_5-6_03.jpg,https://www.acb.com/jugador/todos-sus-partidos/id/30003910,fit,2425UCAMMurciapositivo.png,EUR,290,Athenas,Grecia,7,<dbl>,<int>,7,https://supermanager.acb.com/files/logo/2425UCAMMurcianegativo.png,5,FALSE,K.Antetokounmpo,UCAM Murcia,27,-8.8
03/11/1994,TRUE,0,38.3,0000565336_5-6_03.jpg,TRUE,8,Salvó,10,20240909T093406+0000,313939,205,TRUE,FALSE,280000,Miquel Salvó,0000565332_5-6_03.jpg,https://www.acb.com/jugador/todos-sus-partidos/id/20212441,fit,75611.png,JFL,74,Vilanova i la Geltrú,España,6.3,<dbl>,<int>,6.3,https://supermanager.acb.com/files/logo/75557.png,3,FALSE,M. Salvó,Dreamland Gran Canaria,30,-25.7
06/03/1994,TRUE,0,28.3,0000569848_5-6_03.jpg,TRUE,5,Diagné,21,20240909T150133+0000,264286,211,TRUE,FALSE,200000,Moussa Diagne,0000569833_5-6_03.jpg,https://www.acb.com/jugador/todos-sus-partidos/id/20210278,fit,2425UCAMMurciapositivo.png,JFL,166,Guediawaye,España,5.3,<dbl>,<int>,5.3,https://supermanager.acb.com/files/logo/2425UCAMMurcianegativo.png,5,FALSE,M. Diagné,UCAM Murcia,31,-17.7
19/12/1990,TRUE,0,18,0000769926_5-6_03.jpg,TRUE,5,Stephens,30,20241229T003900+0000,265333,198,FALSE,FALSE,400000,DJ Stephens,0000769923_5-6_03.jpg,NA,injured,2425UCAMMurciapositivo.png,EXT,271,Germany,EE.UU.,5.3,<dbl>,<int>,5.3,https://supermanager.acb.com/files/logo/2425UCAMMurcianegativo.png,3,TRUE,D.J. Stephens,UCAM Murcia,34,-7.4
26/01/2001,TRUE,0,17.4,0000776330_5-6_03.jpg,TRUE,8,Samar,15,20250129T155505+0000,256000,197,TRUE,FALSE,350000,Ziga Samar,0000776329_5-6_03.jpg,https://www.acb.com/jugador/todos-sus-partidos/id/30000291/temporada_id/2024/casa_fuera_id/0/victorias_derrotas_id/0/mes_id/0#cuerpo,fit,75611.png,JFL,283,Jesenice,Eslovenia,5.1,<dbl>,<int>,5.1,https://supermanager.acb.com/files/logo/75557.png,1,FALSE,Z. Samar,Dreamland Gran Canaria,24,-7.2
11/11/1991,TRUE,0,25.8,0000569860_5-6_03.jpg,TRUE,5,Radovic,11,20240909T150133+0000,234483,208,FALSE,FALSE,280000,Nemanja Radovic,0000569856_5-6_03.jpg,https://www.acb.com/jugador/todos-sus-partidos/id/20211263,fit,2425UCAMMurciapositivo.png,EUR,156,Berane,Montenegro,4.7,<dbl>,<int>,4.7,https://supermanager.acb.com/files/logo/2425UCAMMurcianegativo.png,5,FALSE,N. Radovic,UCAM Murcia,33,-16.4
30/01/1998,TRUE,0,7.9,0000569674_5-6_03.jpg,TRUE,5,García,6,20240909T150133+0000,98421,185,TRUE,FALSE,240000,Dani García,0000569668_5-6_03.jpg,https://www.acb.com/jugador/todos-sus-partidos/id/30000015,fit,2425UCAMMurciapositivo.png,JFL,165,Mataró,España,2,<dbl>,<int>,2,https://supermanager.acb.com/files/logo/2425UCAMMurcianegativo.png,1,FALSE,D. García,UCAM Murcia,27,-3.9
01/01/2005,TRUE,0,4.4,0000565299_5-6_03.jpg,TRUE,8,Diop,35,20241019T193542+0000,61928,210,FALSE,FALSE,110000,Massamba Diop,0000565293_5-6_03.jpg,NA,fit,75611.png,COT,241,Rufisque,Senegal,1.2,<dbl>,<int>,1.4,https://supermanager.acb.com/files/logo/75557.png,5,FALSE,M. Diop,Dreamland Gran Canaria,20,-1.6
11/09/2001,TRUE,0,-3.6,0000565274_5-6_03.jpg,TRUE,8,Kljajic,3,20240909T093406+0000,31886,195,TRUE,FALSE,150000,Jovan Kljajic,0000565270_5-6_03.jpg,https://www.acb.com/jugador/todos-sus-partidos/id/20212462,fit,75611.png,JFL,75,Podgorica,Montenegro,0.9,<dbl>,<int>,-5.9,https://supermanager.acb.com/files/logo/75557.png,3,FALSE,J. Kljajic,Dreamland Gran Canaria,23,-8.2
25/02/2005,TRUE,0,2.8,defaultBody.jpg,TRUE,5,Flores,15,20240916T090132+0000,120000,211,TRUE,FALSE,120000,Fabian Flores,defaultFace.jpg,https://www.acb.com/jugador/todos-sus-partidos/id/20213171,fit,2425UCAMMurciapositivo.png,JFL,229,Alcantarilla (Murcia),España,0,<NULL>,<int>,2.4,https://supermanager.acb.com/files/logo/2425UCAMMurcianegativo.png,5,FALSE,F. Flores,UCAM Murcia,19,2
02/08/2008,TRUE,0,5,0000741652_5-6_03.jpg,TRUE,5,Neves,14,20241215T173332+0000,72250,194,FALSE,FALSE,100000,Joao Neves,0000741650_5-6_03.jpg,NA,fit,2425UCAMMurciapositivo.png,EXT,266,Belem,Brasil,0,<NULL>,<int>,4.3,https://supermanager.acb.com/files/logo/2425UCAMMurcianegativo.png,3,TRUE,J. Neves,UCAM Murcia,16,3.7
17/03/2005,TRUE,0,2.3,0000741660_5-6_03.jpg,TRUE,5,Martínez,3,20241215T173332+0000,100000,198,TRUE,FALSE,100000,José Tomás Martínez,0000741657_5-6_03.jpg,NA,fit,2425UCAMMurciapositivo.png,JFL,267,Murcia,España,0,<NULL>,<int>,2,https://supermanager.acb.com/files/logo/2425UCAMMurcianegativo.png,5,FALSE,J. Martínez,UCAM Murcia,20,1.7
16/10/2004,TRUE,0,2.3,0000565169_5-6_03.jpg,TRUE,8,Bordón,16,20250110T155507+0000,100000,191,FALSE,FALSE,100000,Dylan Bordón,0000565163_5-6_03.jpg,NA,fit,75611.png,EUR,276,Corrientes,Italia,0,<NULL>,<int>,2,https://supermanager.acb.com/files/logo/75557.png,1,FALSE,D. Bordón,Dreamland Gran Canaria,20,1.7
12/01/2003,TRUE,0,9.8,0000565226_5-6_03.jpg,TRUE,8,Urbaniak,1,20240909T093406+0000,98260,206,TRUE,FALSE,160000,Jakub Urbaniak,0000565212_5-6_03.jpg,https://www.acb.com/jugador/todos-sus-partidos/id/30002776,fit,75611.png,JFL,76,Walbrzuch,Polonia,-0.3,<NULL>,<int>,8.7,https://supermanager.acb.com/files/logo/75557.png,5,FALSE,J. Urbaniak,Dreamland Gran Canaria,22,7.5
