id_competition,competition_name,competition_official_name,competition_url_image,competition_url_image_negative,id_edition,edition_year,id_phase,id_match,id_license,license_id,license_id_person,license_licenseStr,license_licenseStr15,license_licenseAbbrev,license_licenseNick,license_id_type,license_active,id_license_type,id_license_subtype,id_team,team_id_team_denomination,team_team_actual_name,team_team_actual_short_name,team_team_abbrev_name,order,id_playbyplaytype,type_description,type_normalized_description,shirt_number,local,period,minute,second,crono,score_local,score_visitor,posX,posY,wall_clock,statistics_3pt_success,statistics_3pt_tried,statistics_2pt_success,statistics_2pt_tried,statistics_1pt_success,statistics_1pt_tried,statistics_total_rebound,statistics_asis,statistics_steals,statistics_turnovers,statistics_blocks,statistics_personal_fouls,statistics_received_fouls,statistics_points
1,Liga Nacional,Liga Endesa,https://www.acb.com/Documentos/Cabeceras/logo-competicion-1b.png,https://www.acb.com/Documentos/Cabeceras/logo-competicion-4a.png,89,2024,107,104321,20211129,20211129,20211129,Jaime  Pradilla Gayán,Jaime Pradilla,J. Pradilla,Pradilla,202,FALSE,202,NA,4339,2614,Valencia Basket,Valencia Basket,VBC,10,599,Cinco Inicial,Starting Five,NA,FALSE,1,10,0,00:10:00,0,0,NA,NA,NA,0,0,0,0,0,0,0,0,0,0,0,0,0,0
1,Liga Nacional,Liga Endesa,https://www.acb.com/Documentos/Cabeceras/logo-competicion-1b.png,https://www.acb.com/Documentos/Cabeceras/logo-competicion-4a.png,89,2024,107,104321,30000107,30000107,21100103,El Hadji Omar Brancou Badio ,Brancou Badio,B. Badio,Badio,202,FALSE,202,NA,4339,2614,Valencia Basket,Valencia Basket,VBC,10,599,Cinco Inicial,Starting Five,NA,FALSE,1,10,0,00:10:00,0,0,NA,NA,NA,0,0,0,0,0,0,0,0,0,0,0,0,0,0
1,Liga Nacional,Liga Endesa,https://www.acb.com/Documentos/Cabeceras/logo-competicion-1b.png,https://www.acb.com/Documentos/Cabeceras/logo-competicion-4a.png,89,2024,107,104321,30000032,30000032,21100034,Matthew Tyler Costello ,Matt Costello,M. Costello,Costello,202,FALSE,202,NA,4339,2614,Valencia Basket,Valencia Basket,VBC,10,599,Cinco Inicial,Starting Five,NA,FALSE,1,10,0,00:10:00,0,0,NA,NA,NA,0,0,0,0,0,0,0,0,0,0,0,0,0,0
1,Liga Nacional,Liga Endesa,https://www.acb.com/Documentos/Cabeceras/logo-competicion-1b.png,https://www.acb.com/Documentos/Cabeceras/logo-competicion-4a.png,89,2024,107,104321,30002811,30002811,21102420,Jesusemilore Talodabijesu Ojeleye ,Semi Ojeleye,S. Ojeleye,Ojeleye,202,FALSE,202,NA,4339,2614,Valencia Basket,Valencia Basket,VBC,10,599,Cinco Inicial,Starting Five,NA,FALSE,1,10,0,00:10:00,0,0,NA,NA,NA,0,0,0,0,0,0,0,0,0,0,0,0,0,0
1,Liga Nacional,Liga Endesa,https://www.acb.com/Documentos/Cabeceras/logo-competicion-1b.png,https://www.acb.com/Documentos/Cabeceras/logo-competicion-4a.png,89,2024,107,104321,30000514,30000514,21100451,Jean Claudio Montero Berroa,Jean Montero,J. Montero,Montero,202,FALSE,202,NA,4339,2614,Valencia Basket,Valencia Basket,VBC,10,599,Cinco Inicial,Starting Five,NA,FALSE,1,10,0,00:10:00,0,0,NA,NA,NA,0,0,0,0,0,0,0,0,0,0,0,0,0,0
1,Liga Nacional,Liga Endesa,https://www.acb.com/Documentos/Cabeceras/logo-competicion-1b.png,https://www.acb.com/Documentos/Cabeceras/logo-competicion-4a.png,89,2024,107,104321,20210088,20210088,20210088,Alberto  Abalde Díaz,Alberto Abalde,A. Abalde,Abalde,202,FALSE,202,NA,4345,2620,Real Madrid,Real Madrid,RMB,10,599,Cinco Inicial,Starting Five,NA,TRUE,1,10,0,00:10:00,0,0,NA,NA,NA,0,0,0,0,0,0,0,0,0,0,0,0,0,0
1,Liga Nacional,Liga Endesa,https://www.acb.com/Documentos/Cabeceras/logo-competicion-1b.png,https://www.acb.com/Documentos/Cabeceras/logo-competicion-4a.png,89,2024,107,104321,20209407,20209407,20209407,Walter Samuel Tavares Da Veiga,Edy Tavares,W. Tavares,Tavares,202,FALSE,202,NA,4345,2620,Real Madrid,Real Madrid,RMB,10,599,Cinco Inicial,Starting Five,NA,TRUE,1,10,0,00:10:00,0,0,NA,NA,NA,0,0,0,0,0,0,0,0,0,0,0,0,0,0
1,Liga Nacional,Liga Endesa,https://www.acb.com/Documentos/Cabeceras/logo-competicion-1b.png,https://www.acb.com/Documentos/Cabeceras/logo-competicion-4a.png,89,2024,107,104321,20211331,20211331,20211331,Facundo  Campazzo Avedano,Facu Campazzo,F. Campazzo,Campazzo,202,FALSE,202,NA,4345,2620,Real Madrid,Real Madrid,RMB,10,599,Cinco Inicial,Starting Five,NA,TRUE,1,10,0,00:10:00,0,0,NA,NA,NA,0,0,0,0,0,0,0,0,0,0,0,0,0,0
1,Liga Nacional,Liga Endesa,https://www.acb.com/Documentos/Cabeceras/logo-competicion-1b.png,https://www.acb.com/Documentos/Cabeceras/logo-competicion-4a.png,89,2024,107,104321,30001170,30001170,21100997,Dzanan  Musa ,Dzanan Musa,D. Musa,Musa,202,FALSE,202,NA,4345,2620,Real Madrid,Real Madrid,RMB,10,599,Cinco Inicial,Starting Five,NA,TRUE,1,10,0,00:10:00,0,0,NA,NA,NA,0,0,0,0,0,0,0,0,0,0,0,0,0,0
1,Liga Nacional,Liga Endesa,https://www.acb.com/Documentos/Cabeceras/logo-competicion-1b.png,https://www.acb.com/Documentos/Cabeceras/logo-competicion-4a.png,89,2024,107,104321,30001229,30001229,21101034,Eli John Ndiaye Faye,Eli John Ndiaye,E. Ndiaye,Ndiaye,202,FALSE,202,NA,4345,2620,Real Madrid,Real Madrid,RMB,10,599,Cinco Inicial,Starting Five,NA,TRUE,1,10,0,00:10:00,0,0,NA,NA,NA,0,0,0,0,0,0,0,0,0,0,0,0,0,0
1,Liga Nacional,Liga Endesa,https://www.acb.com/Documentos/Cabeceras/logo-competicion-1b.png,https://www.acb.com/Documentos/Cabeceras/logo-competicion-4a.png,89,2024,107,104321,NA,NA,NA,NA,NA,NA,NA,NA,NA,NA,NA,NA,NA,NA,NA,NA,301,122,Inicio de partido,Start of the Game,NA,FALSE,1,10,0,00:10:00,0,0,0,0,66076,NA,NA,NA,NA,NA,NA,NA,NA,NA,NA,NA,NA,NA,NA
1,Liga Nacional,Liga Endesa,https://www.acb.com/Documentos/Cabeceras/logo-competicion-1b.png,https://www.acb.com/Documentos/Cabeceras/logo-competicion-4a.png,89,2024,107,104321,NA,NA,NA,NA,NA,NA,NA,NA,NA,NA,NA,NA,NA,NA,NA,NA,401,121,Inicio Periodo,Start of the Quarter,NA,FALSE,1,10,0,00:10:00,0,0,0,0,66076,NA,NA,NA,NA,NA,NA,NA,NA,NA,NA,NA,NA,NA,NA
1,Liga Nacional,Liga Endesa,https://www.acb.com/Documentos/Cabeceras/logo-competicion-1b.png,https://www.acb.com/Documentos/Cabeceras/logo-competicion-4a.png,89,2024,107,104321,20209407,20209407,20209407,Walter Samuel Tavares Da Veiga,Edy Tavares,W. Tavares,Tavares,202,FALSE,202,NA,4345,2620,Real Madrid,Real Madrid,RMB,501,178,Salto ganado,Won jump,22,TRUE,1,10,0,00:10:00,0,0,0,0,66770,0,0,0,0,0,0,0,0,0,0,0,0,0,0
1,Liga Nacional,Liga Endesa,https://www.acb.com/Documentos/Cabeceras/logo-competicion-1b.png,https://www.acb.com/Documentos/Cabeceras/logo-competicion-4a.png,89,2024,107,104321,30000032,30000032,21100034,Matthew Tyler Costello ,Matt Costello,M. Costello,Costello,202,FALSE,202,NA,4339,2614,Valencia Basket,Valencia Basket,VBC,601,179,Salto perdido,Lost jump,24,FALSE,1,10,0,00:10:00,0,0,0,0,66770,0,0,0,0,0,0,0,0,0,0,0,0,0,0
1,Liga Nacional,Liga Endesa,https://www.acb.com/Documentos/Cabeceras/logo-competicion-1b.png,https://www.acb.com/Documentos/Cabeceras/logo-competicion-4a.png,89,2024,107,104321,30000032,30000032,21100034,Matthew Tyler Costello ,Matt Costello,M. Costello,Costello,202,FALSE,202,NA,4339,2614,Valencia Basket,Valencia Basket,VBC,1201,159,Personal no TL,Foul No FT,24,FALSE,1,9,46,00:09:46,0,0,0,0,66818,0,0,0,0,0,0,0,0,0,0,0,1,0,0
1,Liga Nacional,Liga Endesa,https://www.acb.com/Documentos/Cabeceras/logo-competicion-1b.png,https://www.acb.com/Documentos/Cabeceras/logo-competicion-4a.png,89,2024,107,104321,20209407,20209407,20209407,Walter Samuel Tavares Da Veiga,Edy Tavares,W. Tavares,Tavares,202,FALSE,202,NA,4345,2620,Real Madrid,Real Madrid,RMB,1301,110,Falta recibida,Foul Received,22,TRUE,1,9,46,00:09:46,0,0,0,0,66818,0,0,0,0,0,0,0,0,0,0,0,0,1,0
1,Liga Nacional,Liga Endesa,https://www.acb.com/Documentos/Cabeceras/logo-competicion-1b.png,https://www.acb.com/Documentos/Cabeceras/logo-competicion-4a.png,89,2024,107,104321,30002811,30002811,21102420,Jesusemilore Talodabijesu Ojeleye ,Semi Ojeleye,S. Ojeleye,Ojeleye,202,FALSE,202,NA,4339,2614,Valencia Basket,Valencia Basket,VBC,1601,159,Personal no TL,Foul No FT,37,FALSE,1,9,43,00:09:43,0,0,0,0,66835,0,0,0,0,0,0,0,0,0,0,0,1,0,0
1,Liga Nacional,Liga Endesa,https://www.acb.com/Documentos/Cabeceras/logo-competicion-1b.png,https://www.acb.com/Documentos/Cabeceras/logo-competicion-4a.png,89,2024,107,104321,20209407,20209407,20209407,Walter Samuel Tavares Da Veiga,Edy Tavares,W. Tavares,Tavares,202,FALSE,202,NA,4345,2620,Real Madrid,Real Madrid,RMB,1701,110,Falta recibida,Foul Received,22,TRUE,1,9,43,00:09:43,0,0,0,0,66835,0,0,0,0,0,0,0,0,0,0,0,0,2,0
1,Liga Nacional,Liga Endesa,https://www.acb.com/Documentos/Cabeceras/logo-competicion-1b.png,https://www.acb.com/Documentos/Cabeceras/logo-competicion-4a.png,89,2024,107,104321,30001170,30001170,21100997,Dzanan  Musa ,Dzanan Musa,D. Musa,Musa,202,FALSE,202,NA,4345,2620,Real Madrid,Real Madrid,RMB,1901,97,Intento fallado de 2,2-Point Shot Missed,13,TRUE,1,9,38,00:09:38,0,0,151,2193,66857,0,0,0,1,0,0,0,0,0,0,0,0,0,0
1,Liga Nacional,Liga Endesa,https://www.acb.com/Documentos/Cabeceras/logo-competicion-1b.png,https://www.acb.com/Documentos/Cabeceras/logo-competicion-4a.png,89,2024,107,104321,30000032,30000032,21100034,Matthew Tyler Costello ,Matt Costello,M. Costello,Costello,202,FALSE,202,NA,4339,2614,Valencia Basket,Valencia Basket,VBC,2001,104,Rebote Defensivo,Defensive Rebound,24,FALSE,1,9,38,00:09:38,0,0,0,0,66857,0,0,0,0,0,0,1,0,0,0,0,1,0,0
1,Liga Nacional,Liga Endesa,https://www.acb.com/Documentos/Cabeceras/logo-competicion-1b.png,https://www.acb.com/Documentos/Cabeceras/logo-competicion-4a.png,89,2024,107,104321,30002811,30002811,21102420,Jesusemilore Talodabijesu Ojeleye ,Semi Ojeleye,S. Ojeleye,Ojeleye,202,FALSE,202,NA,4339,2614,Valencia Basket,Valencia Basket,VBC,2101,94,Canasta de 3,3-Point Shot Made,37,FALSE,1,9,33,00:09:33,0,3,3982,5799,66862,1,1,0,0,0,0,0,0,0,0,0,1,0,3
1,Liga Nacional,Liga Endesa,https://www.acb.com/Documentos/Cabeceras/logo-competicion-1b.png,https://www.acb.com/Documentos/Cabeceras/logo-competicion-4a.png,89,2024,107,104321,30000514,30000514,21100451,Jean Claudio Montero Berroa,Jean Montero,J. Montero,Montero,202,FALSE,202,NA,4339,2614,Valencia Basket,Valencia Basket,VBC,2301,108,Asistencia tiro de 3,Assist 3-Point Shot,8,FALSE,1,9,33,00:09:33,0,3,0,0,66862,0,0,0,0,0,0,0,1,0,0,0,0,0,0
1,Liga Nacional,Liga Endesa,https://www.acb.com/Documentos/Cabeceras/logo-competicion-1b.png,https://www.acb.com/Documentos/Cabeceras/logo-competicion-4a.png,89,2024,107,104321,20211331,20211331,20211331,Facundo  Campazzo Avedano,Facu Campazzo,F. Campazzo,Campazzo,202,FALSE,202,NA,4345,2620,Real Madrid,Real Madrid,RMB,2401,98,Intento fallado de 3,3-Point Shot Missed,7,TRUE,1,9,6,00:09:06,0,3,7183,-908,66889,0,1,0,0,0,0,0,0,0,0,0,0,0,0
1,Liga Nacional,Liga Endesa,https://www.acb.com/Documentos/Cabeceras/logo-competicion-1b.png,https://www.acb.com/Documentos/Cabeceras/logo-competicion-4a.png,89,2024,107,104321,30001229,30001229,21101034,Eli John Ndiaye Faye,Eli John Ndiaye,E. Ndiaye,Ndiaye,202,FALSE,202,NA,4345,2620,Real Madrid,Real Madrid,RMB,2501,101,Rebote Ofensivo,Offensive Rebound,30,TRUE,1,9,6,00:09:06,0,3,0,0,66889,0,0,0,0,0,0,1,0,0,0,0,0,0,0
1,Liga Nacional,Liga Endesa,https://www.acb.com/Documentos/Cabeceras/logo-competicion-1b.png,https://www.acb.com/Documentos/Cabeceras/logo-competicion-4a.png,89,2024,107,104321,30001229,30001229,21101034,Eli John Ndiaye Faye,Eli John Ndiaye,E. Ndiaye,Ndiaye,202,FALSE,202,NA,4345,2620,Real Madrid,Real Madrid,RMB,2601,93,Canasta de 2,2-Point Shot Made,30,TRUE,1,8,52,00:08:52,2,3,479,-1740,66902,0,0,1,1,0,0,1,0,0,0,0,0,0,2
1,Liga Nacional,Liga Endesa,https://www.acb.com/Documentos/Cabeceras/logo-competicion-1b.png,https://www.acb.com/Documentos/Cabeceras/logo-competicion-4a.png,89,2024,107,104321,20209407,20209407,20209407,Walter Samuel Tavares Da Veiga,Edy Tavares,W. Tavares,Tavares,202,FALSE,202,NA,4345,2620,Real Madrid,Real Madrid,RMB,2701,107,Asistencia tiro de 2,Assist 2-Point Shot,22,TRUE,1,8,52,00:08:52,2,3,0,0,66902,0,0,0,0,0,0,0,1,0,0,0,0,2,0
1,Liga Nacional,Liga Endesa,https://www.acb.com/Documentos/Cabeceras/logo-competicion-1b.png,https://www.acb.com/Documentos/Cabeceras/logo-competicion-4a.png,89,2024,107,104321,30002811,30002811,21102420,Jesusemilore Talodabijesu Ojeleye ,Semi Ojeleye,S. Ojeleye,Ojeleye,202,FALSE,202,NA,4339,2614,Valencia Basket,Valencia Basket,VBC,2801,97,Intento fallado de 2,2-Point Shot Missed,37,FALSE,1,8,39,00:08:39,2,3,5708,2952,66916,1,1,0,1,0,0,0,0,0,0,0,1,0,3
1,Liga Nacional,Liga Endesa,https://www.acb.com/Documentos/Cabeceras/logo-competicion-1b.png,https://www.acb.com/Documentos/Cabeceras/logo-competicion-4a.png,89,2024,107,104321,NA,NA,NA,NA,NA,NA,NA,NA,NA,NA,NA,4339,2614,Valencia Basket,Valencia Basket,VBC,2901,101,Rebote Ofensivo,Offensive Rebound,NA,FALSE,1,8,39,00:08:39,2,3,0,0,66916,NA,NA,NA,NA,NA,NA,NA,NA,NA,NA,NA,NA,NA,NA
1,Liga Nacional,Liga Endesa,https://www.acb.com/Documentos/Cabeceras/logo-competicion-1b.png,https://www.acb.com/Documentos/Cabeceras/logo-competicion-4a.png,89,2024,107,104321,20211129,20211129,20211129,Jaime  Pradilla Gayán,Jaime Pradilla,J. Pradilla,Pradilla,202,FALSE,202,NA,4339,2614,Valencia Basket,Valencia Basket,VBC,3201,98,Intento fallado de 3,3-Point Shot Missed,4,FALSE,1,8,21,00:08:21,2,3,5645,-4916,66949,0,1,0,0,0,0,0,0,0,0,0,0,0,0
1,Liga Nacional,Liga Endesa,https://www.acb.com/Documentos/Cabeceras/logo-competicion-1b.png,https://www.acb.com/Documentos/Cabeceras/logo-competicion-4a.png,89,2024,107,104321,30001170,30001170,21100997,Dzanan  Musa ,Dzanan Musa,D. Musa,Musa,202,FALSE,202,NA,4345,2620,Real Madrid,Real Madrid,RMB,3301,104,Rebote Defensivo,Defensive Rebound,13,TRUE,1,8,21,00:08:21,2,3,0,0,66949,0,0,0,1,0,0,1,0,0,0,0,0,0,0
1,Liga Nacional,Liga Endesa,https://www.acb.com/Documentos/Cabeceras/logo-competicion-1b.png,https://www.acb.com/Documentos/Cabeceras/logo-competicion-4a.png,89,2024,107,104321,30001170,30001170,21100997,Dzanan  Musa ,Dzanan Musa,D. Musa,Musa,202,FALSE,202,NA,4345,2620,Real Madrid,Real Madrid,RMB,3401,94,Canasta de 3,3-Point Shot Made,13,TRUE,1,8,11,00:08:11,5,3,7032,2395,66958,1,1,0,1,0,0,1,0,0,0,0,0,0,3
1,Liga Nacional,Liga Endesa,https://www.acb.com/Documentos/Cabeceras/logo-competicion-1b.png,https://www.acb.com/Documentos/Cabeceras/logo-competicion-4a.png,89,2024,107,104321,20211331,20211331,20211331,Facundo  Campazzo Avedano,Facu Campazzo,F. Campazzo,Campazzo,202,FALSE,202,NA,4345,2620,Real Madrid,Real Madrid,RMB,3501,108,Asistencia tiro de 3,Assist 3-Point Shot,7,TRUE,1,8,11,00:08:11,5,3,0,0,66958,0,1,0,0,0,0,0,1,0,0,0,0,0,0
1,Liga Nacional,Liga Endesa,https://www.acb.com/Documentos/Cabeceras/logo-competicion-1b.png,https://www.acb.com/Documentos/Cabeceras/logo-competicion-4a.png,89,2024,107,104321,20211331,20211331,20211331,Facundo  Campazzo Avedano,Facu Campazzo,F. Campazzo,Campazzo,202,FALSE,202,NA,4345,2620,Real Madrid,Real Madrid,RMB,3701,159,Personal no TL,Foul No FT,7,TRUE,1,8,0,00:08:00,5,3,0,0,66971,0,1,0,0,0,0,0,1,0,0,0,1,0,0
1,Liga Nacional,Liga Endesa,https://www.acb.com/Documentos/Cabeceras/logo-competicion-1b.png,https://www.acb.com/Documentos/Cabeceras/logo-competicion-4a.png,89,2024,107,104321,30000514,30000514,21100451,Jean Claudio Montero Berroa,Jean Montero,J. Montero,Montero,202,FALSE,202,NA,4339,2614,Valencia Basket,Valencia Basket,VBC,3801,110,Falta recibida,Foul Received,8,FALSE,1,8,0,00:08:00,5,3,0,0,66971,0,0,0,0,0,0,0,1,0,0,0,0,1,0
1,Liga Nacional,Liga Endesa,https://www.acb.com/Documentos/Cabeceras/logo-competicion-1b.png,https://www.acb.com/Documentos/Cabeceras/logo-competicion-4a.png,89,2024,107,104321,30000107,30000107,21100103,El Hadji Omar Brancou Badio ,Brancou Badio,B. Badio,Badio,202,FALSE,202,NA,4339,2614,Valencia Basket,Valencia Basket,VBC,4001,93,Canasta de 2,2-Point Shot Made,0,FALSE,1,7,51,00:07:51,5,5,176,2975,67035,0,0,1,1,0,0,0,0,0,0,0,0,0,2
1,Liga Nacional,Liga Endesa,https://www.acb.com/Documentos/Cabeceras/logo-competicion-1b.png,https://www.acb.com/Documentos/Cabeceras/logo-competicion-4a.png,89,2024,107,104321,20209407,20209407,20209407,Walter Samuel Tavares Da Veiga,Edy Tavares,W. Tavares,Tavares,202,FALSE,202,NA,4345,2620,Real Madrid,Real Madrid,RMB,4201,106,Pérdida,Turnover,22,TRUE,1,7,31,00:07:31,5,5,0,0,67061,0,0,0,0,0,0,0,1,0,1,0,0,2,0
1,Liga Nacional,Liga Endesa,https://www.acb.com/Documentos/Cabeceras/logo-competicion-1b.png,https://www.acb.com/Documentos/Cabeceras/logo-competicion-4a.png,89,2024,107,104321,30002811,30002811,21102420,Jesusemilore Talodabijesu Ojeleye ,Semi Ojeleye,S. Ojeleye,Ojeleye,202,FALSE,202,NA,4339,2614,Valencia Basket,Valencia Basket,VBC,4301,103,Recuperación,Steal,37,FALSE,1,7,31,00:07:31,5,5,0,0,67061,1,1,0,1,0,0,0,0,1,0,0,1,0,3
1,Liga Nacional,Liga Endesa,https://www.acb.com/Documentos/Cabeceras/logo-competicion-1b.png,https://www.acb.com/Documentos/Cabeceras/logo-competicion-4a.png,89,2024,107,104321,30000107,30000107,21100103,El Hadji Omar Brancou Badio ,Brancou Badio,B. Badio,Badio,202,FALSE,202,NA,4339,2614,Valencia Basket,Valencia Basket,VBC,4501,97,Intento fallado de 2,2-Point Shot Missed,0,FALSE,1,7,11,00:07:11,5,5,3604,-1588,67090,0,0,1,2,0,0,0,0,0,0,0,0,0,2
1,Liga Nacional,Liga Endesa,https://www.acb.com/Documentos/Cabeceras/logo-competicion-1b.png,https://www.acb.com/Documentos/Cabeceras/logo-competicion-4a.png,89,2024,107,104321,20209407,20209407,20209407,Walter Samuel Tavares Da Veiga,Edy Tavares,W. Tavares,Tavares,202,FALSE,202,NA,4345,2620,Real Madrid,Real Madrid,RMB,4601,104,Rebote Defensivo,Defensive Rebound,22,TRUE,1,7,11,00:07:11,5,5,0,0,67090,0,0,0,0,0,0,1,1,0,1,0,0,2,0
1,Liga Nacional,Liga Endesa,https://www.acb.com/Documentos/Cabeceras/logo-competicion-1b.png,https://www.acb.com/Documentos/Cabeceras/logo-competicion-4a.png,89,2024,107,104321,20209407,20209407,20209407,Walter Samuel Tavares Da Veiga,Edy Tavares,W. Tavares,Tavares,202,FALSE,202,NA,4345,2620,Real Madrid,Real Madrid,RMB,4701,100,Mate,Dunk,22,TRUE,1,6,58,00:06:58,7,5,0,0,67103,0,0,1,1,0,0,1,1,0,1,0,0,2,2
1,Liga Nacional,Liga Endesa,https://www.acb.com/Documentos/Cabeceras/logo-competicion-1b.png,https://www.acb.com/Documentos/Cabeceras/logo-competicion-4a.png,89,2024,107,104321,20210088,20210088,20210088,Alberto  Abalde Díaz,Alberto Abalde,A. Abalde,Abalde,202,FALSE,202,NA,4345,2620,Real Madrid,Real Madrid,RMB,4801,107,Asistencia tiro de 2,Assist 2-Point Shot,6,TRUE,1,6,58,00:06:58,7,5,0,0,67103,0,0,0,0,0,0,0,1,0,0,0,0,0,0
1,Liga Nacional,Liga Endesa,https://www.acb.com/Documentos/Cabeceras/logo-competicion-1b.png,https://www.acb.com/Documentos/Cabeceras/logo-competicion-4a.png,89,2024,107,104321,30000514,30000514,21100451,Jean Claudio Montero Berroa,Jean Montero,J. Montero,Montero,202,FALSE,202,NA,4339,2614,Valencia Basket,Valencia Basket,VBC,4901,98,Intento fallado de 3,3-Point Shot Missed,8,FALSE,1,6,48,00:06:48,7,5,7082,2774,67112,0,1,0,0,0,0,0,1,0,0,0,0,1,0
1,Liga Nacional,Liga Endesa,https://www.acb.com/Documentos/Cabeceras/logo-competicion-1b.png,https://www.acb.com/Documentos/Cabeceras/logo-competicion-4a.png,89,2024,107,104321,30002811,30002811,21102420,Jesusemilore Talodabijesu Ojeleye ,Semi Ojeleye,S. Ojeleye,Ojeleye,202,FALSE,202,NA,4339,2614,Valencia Basket,Valencia Basket,VBC,5001,101,Rebote Ofensivo,Offensive Rebound,37,FALSE,1,6,48,00:06:48,7,5,0,0,67112,1,1,0,1,0,0,1,0,1,0,0,1,0,3
1,Liga Nacional,Liga Endesa,https://www.acb.com/Documentos/Cabeceras/logo-competicion-1b.png,https://www.acb.com/Documentos/Cabeceras/logo-competicion-4a.png,89,2024,107,104321,30001229,30001229,21101034,Eli John Ndiaye Faye,Eli John Ndiaye,E. Ndiaye,Ndiaye,202,FALSE,202,NA,4345,2620,Real Madrid,Real Madrid,RMB,5201,161,Personal 2TL,Foul 2FT,30,TRUE,1,6,44,00:06:44,7,5,0,0,67119,0,0,1,1,0,0,1,0,0,0,0,1,0,2
1,Liga Nacional,Liga Endesa,https://www.acb.com/Documentos/Cabeceras/logo-competicion-1b.png,https://www.acb.com/Documentos/Cabeceras/logo-competicion-4a.png,89,2024,107,104321,30002811,30002811,21102420,Jesusemilore Talodabijesu Ojeleye ,Semi Ojeleye,S. Ojeleye,Ojeleye,202,FALSE,202,NA,4339,2614,Valencia Basket,Valencia Basket,VBC,5301,110,Falta recibida,Foul Received,37,FALSE,1,6,44,00:06:44,7,5,0,0,67119,1,1,0,1,0,0,1,0,1,0,0,1,1,3
1,Liga Nacional,Liga Endesa,https://www.acb.com/Documentos/Cabeceras/logo-competicion-1b.png,https://www.acb.com/Documentos/Cabeceras/logo-competicion-4a.png,89,2024,107,104321,30002811,30002811,21102420,Jesusemilore Talodabijesu Ojeleye ,Semi Ojeleye,S. Ojeleye,Ojeleye,202,FALSE,202,NA,4339,2614,Valencia Basket,Valencia Basket,VBC,5401,92,Canasta de 1,Free Throw Made,37,FALSE,1,6,44,00:06:44,7,6,0,0,67144,1,1,0,1,1,1,1,0,1,0,0,1,1,4
1,Liga Nacional,Liga Endesa,https://www.acb.com/Documentos/Cabeceras/logo-competicion-1b.png,https://www.acb.com/Documentos/Cabeceras/logo-competicion-4a.png,89,2024,107,104321,30002811,30002811,21102420,Jesusemilore Talodabijesu Ojeleye ,Semi Ojeleye,S. Ojeleye,Ojeleye,202,FALSE,202,NA,4339,2614,Valencia Basket,Valencia Basket,VBC,5501,92,Canasta de 1,Free Throw Made,37,FALSE,1,6,44,00:06:44,7,7,0,0,67160,1,1,0,1,2,2,1,0,1,0,0,1,1,5
1,Liga Nacional,Liga Endesa,https://www.acb.com/Documentos/Cabeceras/logo-competicion-1b.png,https://www.acb.com/Documentos/Cabeceras/logo-competicion-4a.png,89,2024,107,104321,20211331,20211331,20211331,Facundo  Campazzo Avedano,Facu Campazzo,F. Campazzo,Campazzo,202,FALSE,202,NA,4345,2620,Real Madrid,Real Madrid,RMB,5801,93,Canasta de 2,2-Point Shot Made,7,TRUE,1,6,28,00:06:28,9,7,1185,-353,67179,0,1,1,1,0,0,0,1,0,0,0,1,0,2
1,Liga Nacional,Liga Endesa,https://www.acb.com/Documentos/Cabeceras/logo-competicion-1b.png,https://www.acb.com/Documentos/Cabeceras/logo-competicion-4a.png,89,2024,107,104321,30001170,30001170,21100997,Dzanan  Musa ,Dzanan Musa,D. Musa,Musa,202,FALSE,202,NA,4345,2620,Real Madrid,Real Madrid,RMB,6001,159,Personal no TL,Foul No FT,13,TRUE,1,6,18,00:06:18,9,7,0,0,67191,1,1,0,1,0,0,1,0,0,0,0,1,0,3
1,Liga Nacional,Liga Endesa,https://www.acb.com/Documentos/Cabeceras/logo-competicion-1b.png,https://www.acb.com/Documentos/Cabeceras/logo-competicion-4a.png,89,2024,107,104321,30002811,30002811,21102420,Jesusemilore Talodabijesu Ojeleye ,Semi Ojeleye,S. Ojeleye,Ojeleye,202,FALSE,202,NA,4339,2614,Valencia Basket,Valencia Basket,VBC,6101,110,Falta recibida,Foul Received,37,FALSE,1,6,18,00:06:18,9,7,0,0,67191,1,1,0,1,2,2,1,0,1,0,0,1,2,5
1,Liga Nacional,Liga Endesa,https://www.acb.com/Documentos/Cabeceras/logo-competicion-1b.png,https://www.acb.com/Documentos/Cabeceras/logo-competicion-4a.png,89,2024,107,104321,30000032,30000032,21100034,Matthew Tyler Costello ,Matt Costello,M. Costello,Costello,202,FALSE,202,NA,4339,2614,Valencia Basket,Valencia Basket,VBC,6301,115,Sale Pista,Substitution - Out,24,FALSE,1,6,18,00:06:18,9,7,0,0,67206,0,0,0,0,0,0,1,0,0,0,0,1,0,0
1,Liga Nacional,Liga Endesa,https://www.acb.com/Documentos/Cabeceras/logo-competicion-1b.png,https://www.acb.com/Documentos/Cabeceras/logo-competicion-4a.png,89,2024,107,104321,30002811,30002811,21102420,Jesusemilore Talodabijesu Ojeleye ,Semi Ojeleye,S. Ojeleye,Ojeleye,202,FALSE,202,NA,4339,2614,Valencia Basket,Valencia Basket,VBC,6401,115,Sale Pista,Substitution - Out,37,FALSE,1,6,18,00:06:18,9,7,0,0,67206,1,1,0,1,2,2,1,0,1,0,0,1,2,5
1,Liga Nacional,Liga Endesa,https://www.acb.com/Documentos/Cabeceras/logo-competicion-1b.png,https://www.acb.com/Documentos/Cabeceras/logo-competicion-4a.png,89,2024,107,104321,30002724,30002724,21102352,Nathan Donald Reuvers ,Nate Reuvers,N. Reuvers,Reuvers,202,FALSE,202,NA,4339,2614,Valencia Basket,Valencia Basket,VBC,6501,112,Entra Pista,Substitution - In,3,FALSE,1,6,18,00:06:18,9,7,0,0,67206,0,0,0,0,0,0,0,0,0,0,0,0,0,0
1,Liga Nacional,Liga Endesa,https://www.acb.com/Documentos/Cabeceras/logo-competicion-1b.png,https://www.acb.com/Documentos/Cabeceras/logo-competicion-4a.png,89,2024,107,104321,20210392,20210392,20210392,Josep  Puerto Guaita,Josep Puerto,J. Puerto,Puerto,202,FALSE,202,NA,4339,2614,Valencia Basket,Valencia Basket,VBC,6601,112,Entra Pista,Substitution - In,2,FALSE,1,6,18,00:06:18,9,7,0,0,67206,0,0,0,0,0,0,0,0,0,0,0,0,0,0
1,Liga Nacional,Liga Endesa,https://www.acb.com/Documentos/Cabeceras/logo-competicion-1b.png,https://www.acb.com/Documentos/Cabeceras/logo-competicion-4a.png,89,2024,107,104321,30000107,30000107,21100103,El Hadji Omar Brancou Badio ,Brancou Badio,B. Badio,Badio,202,FALSE,202,NA,4339,2614,Valencia Basket,Valencia Basket,VBC,6801,98,Intento fallado de 3,3-Point Shot Missed,0,FALSE,1,6,6,00:06:06,9,7,3327,-6327,67245,0,1,1,2,0,0,0,0,0,0,0,0,0,2
1,Liga Nacional,Liga Endesa,https://www.acb.com/Documentos/Cabeceras/logo-competicion-1b.png,https://www.acb.com/Documentos/Cabeceras/logo-competicion-4a.png,89,2024,107,104321,30001170,30001170,21100997,Dzanan  Musa ,Dzanan Musa,D. Musa,Musa,202,FALSE,202,NA,4345,2620,Real Madrid,Real Madrid,RMB,6901,104,Rebote Defensivo,Defensive Rebound,13,TRUE,1,6,6,00:06:06,9,7,0,0,67245,1,1,0,1,0,0,2,0,0,0,0,1,0,3
1,Liga Nacional,Liga Endesa,https://www.acb.com/Documentos/Cabeceras/logo-competicion-1b.png,https://www.acb.com/Documentos/Cabeceras/logo-competicion-4a.png,89,2024,107,104321,30001170,30001170,21100997,Dzanan  Musa ,Dzanan Musa,D. Musa,Musa,202,FALSE,202,NA,4345,2620,Real Madrid,Real Madrid,RMB,7001,106,Pérdida,Turnover,13,TRUE,1,5,54,00:05:54,9,7,0,0,67256,1,1,0,1,0,0,2,0,0,1,0,1,0,3
1,Liga Nacional,Liga Endesa,https://www.acb.com/Documentos/Cabeceras/logo-competicion-1b.png,https://www.acb.com/Documentos/Cabeceras/logo-competicion-4a.png,89,2024,107,104321,30000107,30000107,21100103,El Hadji Omar Brancou Badio ,Brancou Badio,B. Badio,Badio,202,FALSE,202,NA,4339,2614,Valencia Basket,Valencia Basket,VBC,7101,103,Recuperación,Steal,0,FALSE,1,5,54,00:05:54,9,7,0,0,67256,0,1,1,2,0,0,0,0,1,0,0,0,0,2
1,Liga Nacional,Liga Endesa,https://www.acb.com/Documentos/Cabeceras/logo-competicion-1b.png,https://www.acb.com/Documentos/Cabeceras/logo-competicion-4a.png,89,2024,107,104321,30002724,30002724,21102352,Nathan Donald Reuvers ,Nate Reuvers,N. Reuvers,Reuvers,202,FALSE,202,NA,4339,2614,Valencia Basket,Valencia Basket,VBC,7201,106,Pérdida,Turnover,3,FALSE,1,5,42,00:05:42,9,7,0,0,67269,0,0,0,0,0,0,0,0,0,1,0,0,0,0
1,Liga Nacional,Liga Endesa,https://www.acb.com/Documentos/Cabeceras/logo-competicion-1b.png,https://www.acb.com/Documentos/Cabeceras/logo-competicion-4a.png,89,2024,107,104321,20210088,20210088,20210088,Alberto  Abalde Díaz,Alberto Abalde,A. Abalde,Abalde,202,FALSE,202,NA,4345,2620,Real Madrid,Real Madrid,RMB,7301,103,Recuperación,Steal,6,TRUE,1,5,42,00:05:42,9,7,0,0,67269,0,0,0,0,0,0,0,1,1,0,0,0,0,0
1,Liga Nacional,Liga Endesa,https://www.acb.com/Documentos/Cabeceras/logo-competicion-1b.png,https://www.acb.com/Documentos/Cabeceras/logo-competicion-4a.png,89,2024,107,104321,30000107,30000107,21100103,El Hadji Omar Brancou Badio ,Brancou Badio,B. Badio,Badio,202,FALSE,202,NA,4339,2614,Valencia Basket,Valencia Basket,VBC,7601,161,Personal 2TL,Foul 2FT,0,FALSE,1,5,33,00:05:33,9,7,0,0,67282,0,1,1,2,0,0,0,0,1,0,0,1,0,2
1,Liga Nacional,Liga Endesa,https://www.acb.com/Documentos/Cabeceras/logo-competicion-1b.png,https://www.acb.com/Documentos/Cabeceras/logo-competicion-4a.png,89,2024,107,104321,20211331,20211331,20211331,Facundo  Campazzo Avedano,Facu Campazzo,F. Campazzo,Campazzo,202,FALSE,202,NA,4345,2620,Real Madrid,Real Madrid,RMB,7701,110,Falta recibida,Foul Received,7,TRUE,1,5,33,00:05:33,9,7,0,0,67282,0,1,1,1,0,0,0,1,0,0,0,1,1,2
1,Liga Nacional,Liga Endesa,https://www.acb.com/Documentos/Cabeceras/logo-competicion-1b.png,https://www.acb.com/Documentos/Cabeceras/logo-competicion-4a.png,89,2024,107,104321,20211331,20211331,20211331,Facundo  Campazzo Avedano,Facu Campazzo,F. Campazzo,Campazzo,202,FALSE,202,NA,4345,2620,Real Madrid,Real Madrid,RMB,7801,92,Canasta de 1,Free Throw Made,7,TRUE,1,5,33,00:05:33,10,7,0,0,67306,0,1,1,1,1,1,0,1,0,0,0,1,1,3
1,Liga Nacional,Liga Endesa,https://www.acb.com/Documentos/Cabeceras/logo-competicion-1b.png,https://www.acb.com/Documentos/Cabeceras/logo-competicion-4a.png,89,2024,107,104321,20211331,20211331,20211331,Facundo  Campazzo Avedano,Facu Campazzo,F. Campazzo,Campazzo,202,FALSE,202,NA,4345,2620,Real Madrid,Real Madrid,RMB,7901,92,Canasta de 1,Free Throw Made,7,TRUE,1,5,33,00:05:33,11,7,0,0,67318,0,1,1,1,2,2,0,1,0,0,0,1,1,4
1,Liga Nacional,Liga Endesa,https://www.acb.com/Documentos/Cabeceras/logo-competicion-1b.png,https://www.acb.com/Documentos/Cabeceras/logo-competicion-4a.png,89,2024,107,104321,30000514,30000514,21100451,Jean Claudio Montero Berroa,Jean Montero,J. Montero,Montero,202,FALSE,202,NA,4339,2614,Valencia Basket,Valencia Basket,VBC,8201,115,Sale Pista,Substitution - Out,8,FALSE,1,5,33,00:05:33,11,7,0,0,67321,0,1,0,0,0,0,0,1,0,0,0,0,1,0
1,Liga Nacional,Liga Endesa,https://www.acb.com/Documentos/Cabeceras/logo-competicion-1b.png,https://www.acb.com/Documentos/Cabeceras/logo-competicion-4a.png,89,2024,107,104321,30002442,30002442,21102094,Stefan  Jovic ,Stefan Jovic,S. Jovic,Jovic,202,FALSE,202,NA,4339,2614,Valencia Basket,Valencia Basket,VBC,8301,112,Entra Pista,Substitution - In,16,FALSE,1,5,33,00:05:33,11,7,0,0,67321,0,0,0,0,0,0,0,0,0,0,0,0,0,0
1,Liga Nacional,Liga Endesa,https://www.acb.com/Documentos/Cabeceras/logo-competicion-1b.png,https://www.acb.com/Documentos/Cabeceras/logo-competicion-4a.png,89,2024,107,104321,30002724,30002724,21102352,Nathan Donald Reuvers ,Nate Reuvers,N. Reuvers,Reuvers,202,FALSE,202,NA,4339,2614,Valencia Basket,Valencia Basket,VBC,8701,94,Canasta de 3,3-Point Shot Made,3,FALSE,1,5,16,00:05:16,11,10,1991,-6453,67347,1,1,0,0,0,0,0,0,0,1,0,0,0,3
1,Liga Nacional,Liga Endesa,https://www.acb.com/Documentos/Cabeceras/logo-competicion-1b.png,https://www.acb.com/Documentos/Cabeceras/logo-competicion-4a.png,89,2024,107,104321,30002442,30002442,21102094,Stefan  Jovic ,Stefan Jovic,S. Jovic,Jovic,202,FALSE,202,NA,4339,2614,Valencia Basket,Valencia Basket,VBC,8801,108,Asistencia tiro de 3,Assist 3-Point Shot,16,FALSE,1,5,16,00:05:16,11,10,0,0,67347,0,0,0,0,0,0,0,1,0,0,0,0,0,0
1,Liga Nacional,Liga Endesa,https://www.acb.com/Documentos/Cabeceras/logo-competicion-1b.png,https://www.acb.com/Documentos/Cabeceras/logo-competicion-4a.png,89,2024,107,104321,30000107,30000107,21100103,El Hadji Omar Brancou Badio ,Brancou Badio,B. Badio,Badio,202,FALSE,202,NA,4339,2614,Valencia Basket,Valencia Basket,VBC,9101,161,Personal 2TL,Foul 2FT,0,FALSE,1,5,0,00:05:00,11,10,0,0,67365,0,1,1,2,0,0,0,0,1,0,0,2,0,2
1,Liga Nacional,Liga Endesa,https://www.acb.com/Documentos/Cabeceras/logo-competicion-1b.png,https://www.acb.com/Documentos/Cabeceras/logo-competicion-4a.png,89,2024,107,104321,30001170,30001170,21100997,Dzanan  Musa ,Dzanan Musa,D. Musa,Musa,202,FALSE,202,NA,4345,2620,Real Madrid,Real Madrid,RMB,9201,110,Falta recibida,Foul Received,13,TRUE,1,5,0,00:05:00,11,10,0,0,67365,1,1,0,1,0,0,2,0,0,1,0,1,1,3
1,Liga Nacional,Liga Endesa,https://www.acb.com/Documentos/Cabeceras/logo-competicion-1b.png,https://www.acb.com/Documentos/Cabeceras/logo-competicion-4a.png,89,2024,107,104321,20211331,20211331,20211331,Facundo  Campazzo Avedano,Facu Campazzo,F. Campazzo,Campazzo,202,FALSE,202,NA,4345,2620,Real Madrid,Real Madrid,RMB,9301,119,Asistencia Falta Recibida,Assist Foul Received,7,TRUE,1,5,0,00:05:00,11,10,0,0,67365,0,1,1,1,2,2,0,2,0,0,0,1,1,4
1,Liga Nacional,Liga Endesa,https://www.acb.com/Documentos/Cabeceras/logo-competicion-1b.png,https://www.acb.com/Documentos/Cabeceras/logo-competicion-4a.png,89,2024,107,104321,20211331,20211331,20211331,Facundo  Campazzo Avedano,Facu Campazzo,F. Campazzo,Campazzo,202,FALSE,202,NA,4345,2620,Real Madrid,Real Madrid,RMB,9501,115,Sale Pista,Substitution - Out,7,TRUE,1,5,0,00:05:00,11,10,0,0,67387,0,1,1,1,2,2,0,2,0,0,0,1,1,4
1,Liga Nacional,Liga Endesa,https://www.acb.com/Documentos/Cabeceras/logo-competicion-1b.png,https://www.acb.com/Documentos/Cabeceras/logo-competicion-4a.png,89,2024,107,104321,30001114,30001114,21100955,Andres Rafael Feliz Sarita,Andrés Feliz,A. Feliz,Feliz,202,FALSE,202,NA,4345,2620,Real Madrid,Real Madrid,RMB,9601,112,Entra Pista,Substitution - In,24,TRUE,1,5,0,00:05:00,11,10,0,0,67387,0,0,0,0,0,0,0,0,0,0,0,0,0,0
1,Liga Nacional,Liga Endesa,https://www.acb.com/Documentos/Cabeceras/logo-competicion-1b.png,https://www.acb.com/Documentos/Cabeceras/logo-competicion-4a.png,89,2024,107,104321,30000107,30000107,21100103,El Hadji Omar Brancou Badio ,Brancou Badio,B. Badio,Badio,202,FALSE,202,NA,4339,2614,Valencia Basket,Valencia Basket,VBC,9701,115,Sale Pista,Substitution - Out,0,FALSE,1,5,0,00:05:00,11,10,0,0,67387,0,1,1,2,0,0,0,0,1,0,0,2,0,2
1,Liga Nacional,Liga Endesa,https://www.acb.com/Documentos/Cabeceras/logo-competicion-1b.png,https://www.acb.com/Documentos/Cabeceras/logo-competicion-4a.png,89,2024,107,104321,20211129,20211129,20211129,Jaime  Pradilla Gayán,Jaime Pradilla,J. Pradilla,Pradilla,202,FALSE,202,NA,4339,2614,Valencia Basket,Valencia Basket,VBC,9801,115,Sale Pista,Substitution - Out,4,FALSE,1,5,0,00:05:00,11,10,0,0,67387,0,1,0,0,0,0,0,0,0,0,0,0,0,0
1,Liga Nacional,Liga Endesa,https://www.acb.com/Documentos/Cabeceras/logo-competicion-1b.png,https://www.acb.com/Documentos/Cabeceras/logo-competicion-4a.png,89,2024,107,104321,30003405,30003405,21102962,Nathan Michael Sestina ,Nate Sestina,N. Sestina,Sestina,202,FALSE,202,NA,4339,2614,Valencia Basket,Valencia Basket,VBC,9901,112,Entra Pista,Substitution - In,77,FALSE,1,5,0,00:05:00,11,10,0,0,67387,0,0,0,0,0,0,0,0,0,0,0,0,0,0
1,Liga Nacional,Liga Endesa,https://www.acb.com/Documentos/Cabeceras/logo-competicion-1b.png,https://www.acb.com/Documentos/Cabeceras/logo-competicion-4a.png,89,2024,107,104321,20211660,20211660,20211660,Xabier  López-Arostegui Eskauriaza,Xabi López-Arostegui,López-Arostegui,López-A.,202,FALSE,202,NA,4339,2614,Valencia Basket,Valencia Basket,VBC,10001,112,Entra Pista,Substitution - In,6,FALSE,1,5,0,00:05:00,11,10,0,0,67387,0,0,0,0,0,0,0,0,0,0,0,0,0,0
1,Liga Nacional,Liga Endesa,https://www.acb.com/Documentos/Cabeceras/logo-competicion-1b.png,https://www.acb.com/Documentos/Cabeceras/logo-competicion-4a.png,89,2024,107,104321,30001170,30001170,21100997,Dzanan  Musa ,Dzanan Musa,D. Musa,Musa,202,FALSE,202,NA,4345,2620,Real Madrid,Real Madrid,RMB,10101,92,Canasta de 1,Free Throw Made,13,TRUE,1,5,0,00:05:00,12,10,0,0,67410,1,1,0,1,1,1,2,0,0,1,0,1,1,4
1,Liga Nacional,Liga Endesa,https://www.acb.com/Documentos/Cabeceras/logo-competicion-1b.png,https://www.acb.com/Documentos/Cabeceras/logo-competicion-4a.png,89,2024,107,104321,30001170,30001170,21100997,Dzanan  Musa ,Dzanan Musa,D. Musa,Musa,202,FALSE,202,NA,4345,2620,Real Madrid,Real Madrid,RMB,10201,92,Canasta de 1,Free Throw Made,13,TRUE,1,5,0,00:05:00,13,10,0,0,67413,1,1,0,1,2,2,2,0,0,1,0,1,1,5
1,Liga Nacional,Liga Endesa,https://www.acb.com/Documentos/Cabeceras/logo-competicion-1b.png,https://www.acb.com/Documentos/Cabeceras/logo-competicion-4a.png,89,2024,107,104321,20210088,20210088,20210088,Alberto  Abalde Díaz,Alberto Abalde,A. Abalde,Abalde,202,FALSE,202,NA,4345,2620,Real Madrid,Real Madrid,RMB,10501,115,Sale Pista,Substitution - Out,6,TRUE,1,5,0,00:05:00,13,10,0,0,67415,0,0,0,0,0,0,0,1,1,0,0,0,0,0
1,Liga Nacional,Liga Endesa,https://www.acb.com/Documentos/Cabeceras/logo-competicion-1b.png,https://www.acb.com/Documentos/Cabeceras/logo-competicion-4a.png,89,2024,107,104321,20213252,20213252,20213252,Hugo  González Peña,Hugo González,H. González,González,202,FALSE,202,NA,4345,2620,Real Madrid,Real Madrid,RMB,10601,112,Entra Pista,Substitution - In,9,TRUE,1,5,0,00:05:00,13,10,0,0,67415,0,0,0,0,0,0,0,0,0,0,0,0,0,0
1,Liga Nacional,Liga Endesa,https://www.acb.com/Documentos/Cabeceras/logo-competicion-1b.png,https://www.acb.com/Documentos/Cabeceras/logo-competicion-4a.png,89,2024,107,104321,30001170,30001170,21100997,Dzanan  Musa ,Dzanan Musa,D. Musa,Musa,202,FALSE,202,NA,4345,2620,Real Madrid,Real Madrid,RMB,10801,115,Sale Pista,Substitution - Out,13,TRUE,1,5,0,00:05:00,13,10,0,0,67437,1,1,0,1,2,2,2,0,0,1,0,1,1,5
1,Liga Nacional,Liga Endesa,https://www.acb.com/Documentos/Cabeceras/logo-competicion-1b.png,https://www.acb.com/Documentos/Cabeceras/logo-competicion-4a.png,89,2024,107,104321,30003363,30003363,21102921,Xavier Andrew Rathan-Mayes,Xavier Rathan-Mayes,X. Rathan-Mayes,Rathan-Mayes,202,FALSE,202,NA,4345,2620,Real Madrid,Real Madrid,RMB,10901,112,Entra Pista,Substitution - In,8,TRUE,1,5,0,00:05:00,13,10,0,0,67437,0,0,0,0,0,0,0,0,0,0,0,0,0,0
1,Liga Nacional,Liga Endesa,https://www.acb.com/Documentos/Cabeceras/logo-competicion-1b.png,https://www.acb.com/Documentos/Cabeceras/logo-competicion-4a.png,89,2024,107,104321,30002442,30002442,21102094,Stefan  Jovic ,Stefan Jovic,S. Jovic,Jovic,202,FALSE,202,NA,4339,2614,Valencia Basket,Valencia Basket,VBC,11101,106,Pérdida,Turnover,16,FALSE,1,4,47,00:04:47,13,10,0,0,67464,0,0,0,0,0,0,0,1,0,1,0,0,0,0
1,Liga Nacional,Liga Endesa,https://www.acb.com/Documentos/Cabeceras/logo-competicion-1b.png,https://www.acb.com/Documentos/Cabeceras/logo-competicion-4a.png,89,2024,107,104321,20213252,20213252,20213252,Hugo  González Peña,Hugo González,H. González,González,202,FALSE,202,NA,4345,2620,Real Madrid,Real Madrid,RMB,11201,103,Recuperación,Steal,9,TRUE,1,4,47,00:04:47,13,10,0,0,67464,0,0,0,0,0,0,0,0,1,0,0,0,0,0
1,Liga Nacional,Liga Endesa,https://www.acb.com/Documentos/Cabeceras/logo-competicion-1b.png,https://www.acb.com/Documentos/Cabeceras/logo-competicion-4a.png,89,2024,107,104321,30003363,30003363,21102921,Xavier Andrew Rathan-Mayes,Xavier Rathan-Mayes,X. Rathan-Mayes,Rathan-Mayes,202,FALSE,202,NA,4345,2620,Real Madrid,Real Madrid,RMB,11301,98,Intento fallado de 3,3-Point Shot Missed,8,TRUE,1,4,41,00:04:41,13,10,428,-7009,67470,0,1,0,0,0,0,0,0,0,0,0,0,0,0
1,Liga Nacional,Liga Endesa,https://www.acb.com/Documentos/Cabeceras/logo-competicion-1b.png,https://www.acb.com/Documentos/Cabeceras/logo-competicion-4a.png,89,2024,107,104321,30003405,30003405,21102962,Nathan Michael Sestina ,Nate Sestina,N. Sestina,Sestina,202,FALSE,202,NA,4339,2614,Valencia Basket,Valencia Basket,VBC,11401,104,Rebote Defensivo,Defensive Rebound,77,FALSE,1,4,41,00:04:41,13,10,0,0,67470,0,0,0,0,0,0,1,0,0,0,0,0,0,0
1,Liga Nacional,Liga Endesa,https://www.acb.com/Documentos/Cabeceras/logo-competicion-1b.png,https://www.acb.com/Documentos/Cabeceras/logo-competicion-4a.png,89,2024,107,104321,20210392,20210392,20210392,Josep  Puerto Guaita,Josep Puerto,J. Puerto,Puerto,202,FALSE,202,NA,4339,2614,Valencia Basket,Valencia Basket,VBC,11501,94,Canasta de 3,3-Point Shot Made,2,FALSE,1,4,34,00:04:34,13,13,0,6933,67477,1,1,0,0,0,0,0,0,0,0,0,0,0,3
1,Liga Nacional,Liga Endesa,https://www.acb.com/Documentos/Cabeceras/logo-competicion-1b.png,https://www.acb.com/Documentos/Cabeceras/logo-competicion-4a.png,89,2024,107,104321,20211660,20211660,20211660,Xabier  López-Arostegui Eskauriaza,Xabi López-Arostegui,López-Arostegui,López-A.,202,FALSE,202,NA,4339,2614,Valencia Basket,Valencia Basket,VBC,11701,108,Asistencia tiro de 3,Assist 3-Point Shot,6,FALSE,1,4,34,00:04:34,13,13,0,0,67477,0,0,0,0,0,0,0,1,0,0,0,0,0,0
1,Liga Nacional,Liga Endesa,https://www.acb.com/Documentos/Cabeceras/logo-competicion-1b.png,https://www.acb.com/Documentos/Cabeceras/logo-competicion-4a.png,89,2024,107,104321,30001114,30001114,21100955,Andres Rafael Feliz Sarita,Andrés Feliz,A. Feliz,Feliz,202,FALSE,202,NA,4345,2620,Real Madrid,Real Madrid,RMB,11901,93,Canasta de 2,2-Point Shot Made,24,TRUE,1,4,22,00:04:22,15,13,580,907,67491,0,0,1,1,0,0,0,0,0,0,0,0,0,2
1,Liga Nacional,Liga Endesa,https://www.acb.com/Documentos/Cabeceras/logo-competicion-1b.png,https://www.acb.com/Documentos/Cabeceras/logo-competicion-4a.png,89,2024,107,104321,30002442,30002442,21102094,Stefan  Jovic ,Stefan Jovic,S. Jovic,Jovic,202,FALSE,202,NA,4339,2614,Valencia Basket,Valencia Basket,VBC,12101,160,Personal 1TL,Foul 1FT,16,FALSE,1,4,22,00:04:22,15,13,0,0,67495,0,0,0,0,0,0,0,1,0,1,0,1,0,0
1,Liga Nacional,Liga Endesa,https://www.acb.com/Documentos/Cabeceras/logo-competicion-1b.png,https://www.acb.com/Documentos/Cabeceras/logo-competicion-4a.png,89,2024,107,104321,30001114,30001114,21100955,Andres Rafael Feliz Sarita,Andrés Feliz,A. Feliz,Feliz,202,FALSE,202,NA,4345,2620,Real Madrid,Real Madrid,RMB,12201,110,Falta recibida,Foul Received,24,TRUE,1,4,22,00:04:22,15,13,0,0,67495,0,0,1,1,0,0,0,0,0,0,0,0,1,2
1,Liga Nacional,Liga Endesa,https://www.acb.com/Documentos/Cabeceras/logo-competicion-1b.png,https://www.acb.com/Documentos/Cabeceras/logo-competicion-4a.png,89,2024,107,104321,20209407,20209407,20209407,Walter Samuel Tavares Da Veiga,Edy Tavares,W. Tavares,Tavares,202,FALSE,202,NA,4345,2620,Real Madrid,Real Madrid,RMB,12401,115,Sale Pista,Substitution - Out,22,TRUE,1,4,22,00:04:22,15,13,0,0,67504,0,0,1,1,0,0,1,1,0,1,0,0,2,2
1,Liga Nacional,Liga Endesa,https://www.acb.com/Documentos/Cabeceras/logo-competicion-1b.png,https://www.acb.com/Documentos/Cabeceras/logo-competicion-4a.png,89,2024,107,104321,30003852,30003852,21103387,Bruno Afonso David Fernando ,Bruno Fernando,B. Fernando,Fernando,202,FALSE,202,NA,4345,2620,Real Madrid,Real Madrid,RMB,12501,112,Entra Pista,Substitution - In,20,TRUE,1,4,22,00:04:22,15,13,0,0,67504,0,0,0,0,0,0,0,0,0,0,0,0,0,0
1,Liga Nacional,Liga Endesa,https://www.acb.com/Documentos/Cabeceras/logo-competicion-1b.png,https://www.acb.com/Documentos/Cabeceras/logo-competicion-4a.png,89,2024,107,104321,30001114,30001114,21100955,Andres Rafael Feliz Sarita,Andrés Feliz,A. Feliz,Feliz,202,FALSE,202,NA,4345,2620,Real Madrid,Real Madrid,RMB,12601,92,Canasta de 1,Free Throw Made,24,TRUE,1,4,22,00:04:22,16,13,0,0,67526,0,0,1,1,1,1,0,0,0,0,0,0,1,3
1,Liga Nacional,Liga Endesa,https://www.acb.com/Documentos/Cabeceras/logo-competicion-1b.png,https://www.acb.com/Documentos/Cabeceras/logo-competicion-4a.png,89,2024,107,104321,20213252,20213252,20213252,Hugo  González Peña,Hugo González,H. González,González,202,FALSE,202,NA,4345,2620,Real Madrid,Real Madrid,RMB,13001,159,Personal no TL,Foul No FT,9,TRUE,1,4,1,00:04:01,16,13,0,0,67575,0,0,0,0,0,0,0,0,1,0,0,1,0,0
1,Liga Nacional,Liga Endesa,https://www.acb.com/Documentos/Cabeceras/logo-competicion-1b.png,https://www.acb.com/Documentos/Cabeceras/logo-competicion-4a.png,89,2024,107,104321,30002724,30002724,21102352,Nathan Donald Reuvers ,Nate Reuvers,N. Reuvers,Reuvers,202,FALSE,202,NA,4339,2614,Valencia Basket,Valencia Basket,VBC,13101,110,Falta recibida,Foul Received,3,FALSE,1,4,1,00:04:01,16,13,0,0,67575,1,1,0,0,0,0,0,0,0,1,0,0,1,3
1,Liga Nacional,Liga Endesa,https://www.acb.com/Documentos/Cabeceras/logo-competicion-1b.png,https://www.acb.com/Documentos/Cabeceras/logo-competicion-4a.png,89,2024,107,104321,30003852,30003852,21103387,Bruno Afonso David Fernando ,Bruno Fernando,B. Fernando,Fernando,202,FALSE,202,NA,4345,2620,Real Madrid,Real Madrid,RMB,13501,161,Personal 2TL,Foul 2FT,20,TRUE,1,3,56,00:03:56,16,13,0,0,67595,0,0,0,0,0,0,0,0,0,0,0,1,0,0
1,Liga Nacional,Liga Endesa,https://www.acb.com/Documentos/Cabeceras/logo-competicion-1b.png,https://www.acb.com/Documentos/Cabeceras/logo-competicion-4a.png,89,2024,107,104321,20211660,20211660,20211660,Xabier  López-Arostegui Eskauriaza,Xabi López-Arostegui,López-Arostegui,López-A.,202,FALSE,202,NA,4339,2614,Valencia Basket,Valencia Basket,VBC,13601,110,Falta recibida,Foul Received,6,FALSE,1,3,56,00:03:56,16,13,0,0,67595,0,0,0,0,0,0,0,1,0,0,0,0,1,0
1,Liga Nacional,Liga Endesa,https://www.acb.com/Documentos/Cabeceras/logo-competicion-1b.png,https://www.acb.com/Documentos/Cabeceras/logo-competicion-4a.png,89,2024,107,104321,20211660,20211660,20211660,Xabier  López-Arostegui Eskauriaza,Xabi López-Arostegui,López-Arostegui,López-A.,202,FALSE,202,NA,4339,2614,Valencia Basket,Valencia Basket,VBC,13701,92,Canasta de 1,Free Throw Made,6,FALSE,1,3,56,00:03:56,16,14,0,0,67611,0,0,0,0,1,1,0,1,0,0,0,0,1,1
1,Liga Nacional,Liga Endesa,https://www.acb.com/Documentos/Cabeceras/logo-competicion-1b.png,https://www.acb.com/Documentos/Cabeceras/logo-competicion-4a.png,89,2024,107,104321,20211660,20211660,20211660,Xabier  López-Arostegui Eskauriaza,Xabi López-Arostegui,López-Arostegui,López-A.,202,FALSE,202,NA,4339,2614,Valencia Basket,Valencia Basket,VBC,13801,92,Canasta de 1,Free Throw Made,6,FALSE,1,3,56,00:03:56,16,15,0,0,67625,0,0,0,0,2,2,0,1,0,0,0,0,1,2
1,Liga Nacional,Liga Endesa,https://www.acb.com/Documentos/Cabeceras/logo-competicion-1b.png,https://www.acb.com/Documentos/Cabeceras/logo-competicion-4a.png,89,2024,107,104321,20213252,20213252,20213252,Hugo  González Peña,Hugo González,H. González,González,202,FALSE,202,NA,4345,2620,Real Madrid,Real Madrid,RMB,14101,93,Canasta de 2,2-Point Shot Made,9,TRUE,1,3,44,00:03:44,18,15,25,832,67640,0,0,1,1,0,0,0,0,1,0,0,1,0,2
1,Liga Nacional,Liga Endesa,https://www.acb.com/Documentos/Cabeceras/logo-competicion-1b.png,https://www.acb.com/Documentos/Cabeceras/logo-competicion-4a.png,89,2024,107,104321,30002724,30002724,21102352,Nathan Donald Reuvers ,Nate Reuvers,N. Reuvers,Reuvers,202,FALSE,202,NA,4339,2614,Valencia Basket,Valencia Basket,VBC,14201,98,Intento fallado de 3,3-Point Shot Missed,3,FALSE,1,3,33,00:03:33,18,15,5343,5421,67651,1,2,0,0,0,0,0,0,0,1,0,0,1,3
1,Liga Nacional,Liga Endesa,https://www.acb.com/Documentos/Cabeceras/logo-competicion-1b.png,https://www.acb.com/Documentos/Cabeceras/logo-competicion-4a.png,89,2024,107,104321,30001229,30001229,21101034,Eli John Ndiaye Faye,Eli John Ndiaye,E. Ndiaye,Ndiaye,202,FALSE,202,NA,4345,2620,Real Madrid,Real Madrid,RMB,14301,104,Rebote Defensivo,Defensive Rebound,30,TRUE,1,3,33,00:03:33,18,15,0,0,67651,0,0,1,1,0,0,2,0,0,0,0,1,0,2
1,Liga Nacional,Liga Endesa,https://www.acb.com/Documentos/Cabeceras/logo-competicion-1b.png,https://www.acb.com/Documentos/Cabeceras/logo-competicion-4a.png,89,2024,107,104321,30001229,30001229,21101034,Eli John Ndiaye Faye,Eli John Ndiaye,E. Ndiaye,Ndiaye,202,FALSE,202,NA,4345,2620,Real Madrid,Real Madrid,RMB,14401,93,Canasta de 2,2-Point Shot Made,30,TRUE,1,3,24,00:03:24,20,15,1185,-177,67659,0,0,2,2,0,0,2,0,0,0,0,1,0,4
1,Liga Nacional,Liga Endesa,https://www.acb.com/Documentos/Cabeceras/logo-competicion-1b.png,https://www.acb.com/Documentos/Cabeceras/logo-competicion-4a.png,89,2024,107,104321,NA,NA,NA,NA,NA,NA,NA,NA,NA,NA,NA,4339,2614,Valencia Basket,Valencia Basket,VBC,14901,113,Tiempo Muerto,Timeout,NA,FALSE,1,3,24,00:03:24,20,15,0,0,67665,NA,NA,NA,NA,NA,NA,NA,NA,NA,NA,NA,NA,NA,NA
1,Liga Nacional,Liga Endesa,https://www.acb.com/Documentos/Cabeceras/logo-competicion-1b.png,https://www.acb.com/Documentos/Cabeceras/logo-competicion-4a.png,89,2024,107,104321,30002442,30002442,21102094,Stefan  Jovic ,Stefan Jovic,S. Jovic,Jovic,202,FALSE,202,NA,4339,2614,Valencia Basket,Valencia Basket,VBC,15101,106,Pérdida,Turnover,16,FALSE,1,3,14,00:03:14,20,15,0,0,67775,0,0,0,0,0,0,0,1,0,2,0,1,0,0
1,Liga Nacional,Liga Endesa,https://www.acb.com/Documentos/Cabeceras/logo-competicion-1b.png,https://www.acb.com/Documentos/Cabeceras/logo-competicion-4a.png,89,2024,107,104321,30003363,30003363,21102921,Xavier Andrew Rathan-Mayes,Xavier Rathan-Mayes,X. Rathan-Mayes,Rathan-Mayes,202,FALSE,202,NA,4345,2620,Real Madrid,Real Madrid,RMB,15201,103,Recuperación,Steal,8,TRUE,1,3,14,00:03:14,20,15,0,0,67775,0,1,0,0,0,0,0,0,1,0,0,0,0,0
1,Liga Nacional,Liga Endesa,https://www.acb.com/Documentos/Cabeceras/logo-competicion-1b.png,https://www.acb.com/Documentos/Cabeceras/logo-competicion-4a.png,89,2024,107,104321,30003852,30003852,21103387,Bruno Afonso David Fernando ,Bruno Fernando,B. Fernando,Fernando,202,FALSE,202,NA,4345,2620,Real Madrid,Real Madrid,RMB,15301,106,Pérdida,Turnover,20,TRUE,1,3,1,00:03:01,20,15,0,0,67788,0,0,0,0,0,0,0,0,0,1,0,1,0,0
1,Liga Nacional,Liga Endesa,https://www.acb.com/Documentos/Cabeceras/logo-competicion-1b.png,https://www.acb.com/Documentos/Cabeceras/logo-competicion-4a.png,89,2024,107,104321,30002442,30002442,21102094,Stefan  Jovic ,Stefan Jovic,S. Jovic,Jovic,202,FALSE,202,NA,4339,2614,Valencia Basket,Valencia Basket,VBC,15801,97,Intento fallado de 2,2-Point Shot Missed,16,FALSE,1,2,48,00:02:48,20,15,6099,-277,67812,0,0,0,1,0,0,0,1,0,2,0,1,0,0
1,Liga Nacional,Liga Endesa,https://www.acb.com/Documentos/Cabeceras/logo-competicion-1b.png,https://www.acb.com/Documentos/Cabeceras/logo-competicion-4a.png,89,2024,107,104321,30001229,30001229,21101034,Eli John Ndiaye Faye,Eli John Ndiaye,E. Ndiaye,Ndiaye,202,FALSE,202,NA,4345,2620,Real Madrid,Real Madrid,RMB,15901,104,Rebote Defensivo,Defensive Rebound,30,TRUE,1,2,48,00:02:48,20,15,0,0,67812,0,0,2,2,0,0,3,0,0,0,0,1,0,4
1,Liga Nacional,Liga Endesa,https://www.acb.com/Documentos/Cabeceras/logo-competicion-1b.png,https://www.acb.com/Documentos/Cabeceras/logo-competicion-4a.png,89,2024,107,104321,30001114,30001114,21100955,Andres Rafael Feliz Sarita,Andrés Feliz,A. Feliz,Feliz,202,FALSE,202,NA,4345,2620,Real Madrid,Real Madrid,RMB,16001,94,Canasta de 3,3-Point Shot Made,24,TRUE,1,2,30,00:02:30,23,15,6175,4336,67830,1,1,1,1,1,1,0,0,0,0,0,0,1,6
1,Liga Nacional,Liga Endesa,https://www.acb.com/Documentos/Cabeceras/logo-competicion-1b.png,https://www.acb.com/Documentos/Cabeceras/logo-competicion-4a.png,89,2024,107,104321,20213252,20213252,20213252,Hugo  González Peña,Hugo González,H. González,González,202,FALSE,202,NA,4345,2620,Real Madrid,Real Madrid,RMB,16101,108,Asistencia tiro de 3,Assist 3-Point Shot,9,TRUE,1,2,30,00:02:30,23,15,0,0,67830,0,0,1,1,0,0,0,1,1,0,0,1,0,2
1,Liga Nacional,Liga Endesa,https://www.acb.com/Documentos/Cabeceras/logo-competicion-1b.png,https://www.acb.com/Documentos/Cabeceras/logo-competicion-4a.png,89,2024,107,104321,30003405,30003405,21102962,Nathan Michael Sestina ,Nate Sestina,N. Sestina,Sestina,202,FALSE,202,NA,4339,2614,Valencia Basket,Valencia Basket,VBC,16201,93,Canasta de 2,2-Point Shot Made,77,FALSE,1,2,16,00:02:16,23,17,454,1664,67844,0,0,1,1,0,0,1,0,0,0,0,0,0,2
1,Liga Nacional,Liga Endesa,https://www.acb.com/Documentos/Cabeceras/logo-competicion-1b.png,https://www.acb.com/Documentos/Cabeceras/logo-competicion-4a.png,89,2024,107,104321,20211660,20211660,20211660,Xabier  López-Arostegui Eskauriaza,Xabi López-Arostegui,López-Arostegui,López-A.,202,FALSE,202,NA,4339,2614,Valencia Basket,Valencia Basket,VBC,16301,107,Asistencia tiro de 2,Assist 2-Point Shot,6,FALSE,1,2,16,00:02:16,23,17,0,0,67844,0,0,0,0,2,2,0,2,0,0,0,0,1,2
1,Liga Nacional,Liga Endesa,https://www.acb.com/Documentos/Cabeceras/logo-competicion-1b.png,https://www.acb.com/Documentos/Cabeceras/logo-competicion-4a.png,89,2024,107,104321,30003852,30003852,21103387,Bruno Afonso David Fernando ,Bruno Fernando,B. Fernando,Fernando,202,FALSE,202,NA,4345,2620,Real Madrid,Real Madrid,RMB,16501,93,Canasta de 2,2-Point Shot Made,20,TRUE,1,1,57,00:01:57,25,17,832,-227,68149,0,0,1,1,0,0,0,0,0,1,0,1,0,2
1,Liga Nacional,Liga Endesa,https://www.acb.com/Documentos/Cabeceras/logo-competicion-1b.png,https://www.acb.com/Documentos/Cabeceras/logo-competicion-4a.png,89,2024,107,104321,30003363,30003363,21102921,Xavier Andrew Rathan-Mayes,Xavier Rathan-Mayes,X. Rathan-Mayes,Rathan-Mayes,202,FALSE,202,NA,4345,2620,Real Madrid,Real Madrid,RMB,16502,107,Asistencia tiro de 2,Assist 2-Point Shot,8,TRUE,1,1,57,00:01:57,25,17,0,0,68149,0,1,0,0,0,0,0,1,1,0,0,0,0,0
1,Liga Nacional,Liga Endesa,https://www.acb.com/Documentos/Cabeceras/logo-competicion-1b.png,https://www.acb.com/Documentos/Cabeceras/logo-competicion-4a.png,89,2024,107,104321,30003405,30003405,21102962,Nathan Michael Sestina ,Nate Sestina,N. Sestina,Sestina,202,FALSE,202,NA,4339,2614,Valencia Basket,Valencia Basket,VBC,16503,98,Intento fallado de 3,3-Point Shot Missed,77,FALSE,1,1,46,00:01:46,25,17,3302,6404,67874,0,1,1,1,0,0,1,0,0,0,0,0,0,2
1,Liga Nacional,Liga Endesa,https://www.acb.com/Documentos/Cabeceras/logo-competicion-1b.png,https://www.acb.com/Documentos/Cabeceras/logo-competicion-4a.png,89,2024,107,104321,20213252,20213252,20213252,Hugo  González Peña,Hugo González,H. González,González,202,FALSE,202,NA,4345,2620,Real Madrid,Real Madrid,RMB,16601,104,Rebote Defensivo,Defensive Rebound,9,TRUE,1,1,46,00:01:46,25,17,0,0,67874,0,0,1,1,0,0,1,1,1,0,0,1,0,2
1,Liga Nacional,Liga Endesa,https://www.acb.com/Documentos/Cabeceras/logo-competicion-1b.png,https://www.acb.com/Documentos/Cabeceras/logo-competicion-4a.png,89,2024,107,104321,30003363,30003363,21102921,Xavier Andrew Rathan-Mayes,Xavier Rathan-Mayes,X. Rathan-Mayes,Rathan-Mayes,202,FALSE,202,NA,4345,2620,Real Madrid,Real Madrid,RMB,16701,106,Pérdida,Turnover,8,TRUE,1,1,34,00:01:34,25,17,0,0,67886,0,1,0,0,0,0,0,1,1,1,0,0,0,0
1,Liga Nacional,Liga Endesa,https://www.acb.com/Documentos/Cabeceras/logo-competicion-1b.png,https://www.acb.com/Documentos/Cabeceras/logo-competicion-4a.png,89,2024,107,104321,30003405,30003405,21102962,Nathan Michael Sestina ,Nate Sestina,N. Sestina,Sestina,202,FALSE,202,NA,4339,2614,Valencia Basket,Valencia Basket,VBC,16801,103,Recuperación,Steal,77,FALSE,1,1,34,00:01:34,25,17,0,0,67886,0,1,1,1,0,0,1,0,1,0,0,0,0,2
1,Liga Nacional,Liga Endesa,https://www.acb.com/Documentos/Cabeceras/logo-competicion-1b.png,https://www.acb.com/Documentos/Cabeceras/logo-competicion-4a.png,89,2024,107,104321,20210392,20210392,20210392,Josep  Puerto Guaita,Josep Puerto,J. Puerto,Puerto,202,FALSE,202,NA,4339,2614,Valencia Basket,Valencia Basket,VBC,16901,98,Intento fallado de 3,3-Point Shot Missed,2,FALSE,1,1,16,00:01:16,25,17,6275,4866,67904,1,2,0,0,0,0,0,0,0,0,0,0,0,3
1,Liga Nacional,Liga Endesa,https://www.acb.com/Documentos/Cabeceras/logo-competicion-1b.png,https://www.acb.com/Documentos/Cabeceras/logo-competicion-4a.png,89,2024,107,104321,30001229,30001229,21101034,Eli John Ndiaye Faye,Eli John Ndiaye,E. Ndiaye,Ndiaye,202,FALSE,202,NA,4345,2620,Real Madrid,Real Madrid,RMB,17001,104,Rebote Defensivo,Defensive Rebound,30,TRUE,1,1,16,00:01:16,25,17,0,0,67904,0,0,2,2,0,0,4,0,0,0,0,1,0,4
1,Liga Nacional,Liga Endesa,https://www.acb.com/Documentos/Cabeceras/logo-competicion-1b.png,https://www.acb.com/Documentos/Cabeceras/logo-competicion-4a.png,89,2024,107,104321,30003852,30003852,21103387,Bruno Afonso David Fernando ,Bruno Fernando,B. Fernando,Fernando,202,FALSE,202,NA,4345,2620,Real Madrid,Real Madrid,RMB,17101,100,Mate,Dunk,20,TRUE,1,0,57,00:00:57,27,17,0,0,67923,0,0,2,2,0,0,0,0,0,1,0,1,0,4
1,Liga Nacional,Liga Endesa,https://www.acb.com/Documentos/Cabeceras/logo-competicion-1b.png,https://www.acb.com/Documentos/Cabeceras/logo-competicion-4a.png,89,2024,107,104321,30001114,30001114,21100955,Andres Rafael Feliz Sarita,Andrés Feliz,A. Feliz,Feliz,202,FALSE,202,NA,4345,2620,Real Madrid,Real Madrid,RMB,17201,107,Asistencia tiro de 2,Assist 2-Point Shot,24,TRUE,1,0,57,00:00:57,27,17,0,0,67923,1,1,1,1,1,1,0,1,0,0,0,0,1,6
1,Liga Nacional,Liga Endesa,https://www.acb.com/Documentos/Cabeceras/logo-competicion-1b.png,https://www.acb.com/Documentos/Cabeceras/logo-competicion-4a.png,89,2024,107,104321,30002724,30002724,21102352,Nathan Donald Reuvers ,Nate Reuvers,N. Reuvers,Reuvers,202,FALSE,202,NA,4339,2614,Valencia Basket,Valencia Basket,VBC,17301,98,Intento fallado de 3,3-Point Shot Missed,3,FALSE,1,0,44,00:00:44,27,17,7989,76,67936,1,3,0,0,0,0,0,0,0,1,0,0,1,3
1,Liga Nacional,Liga Endesa,https://www.acb.com/Documentos/Cabeceras/logo-competicion-1b.png,https://www.acb.com/Documentos/Cabeceras/logo-competicion-4a.png,89,2024,107,104321,20210392,20210392,20210392,Josep  Puerto Guaita,Josep Puerto,J. Puerto,Puerto,202,FALSE,202,NA,4339,2614,Valencia Basket,Valencia Basket,VBC,17401,101,Rebote Ofensivo,Offensive Rebound,2,FALSE,1,0,44,00:00:44,27,17,0,0,67936,1,2,0,0,0,0,1,0,0,0,0,0,0,3
1,Liga Nacional,Liga Endesa,https://www.acb.com/Documentos/Cabeceras/logo-competicion-1b.png,https://www.acb.com/Documentos/Cabeceras/logo-competicion-4a.png,89,2024,107,104321,30001114,30001114,21100955,Andres Rafael Feliz Sarita,Andrés Feliz,A. Feliz,Feliz,202,FALSE,202,NA,4345,2620,Real Madrid,Real Madrid,RMB,17601,161,Personal 2TL,Foul 2FT,24,TRUE,1,0,29,00:00:29,27,17,0,0,67959,1,1,1,1,1,1,0,1,0,0,0,1,1,6
1,Liga Nacional,Liga Endesa,https://www.acb.com/Documentos/Cabeceras/logo-competicion-1b.png,https://www.acb.com/Documentos/Cabeceras/logo-competicion-4a.png,89,2024,107,104321,30002724,30002724,21102352,Nathan Donald Reuvers ,Nate Reuvers,N. Reuvers,Reuvers,202,FALSE,202,NA,4339,2614,Valencia Basket,Valencia Basket,VBC,17701,110,Falta recibida,Foul Received,3,FALSE,1,0,29,00:00:29,27,17,0,0,67959,1,3,0,0,0,0,0,0,0,1,0,0,2,3
1,Liga Nacional,Liga Endesa,https://www.acb.com/Documentos/Cabeceras/logo-competicion-1b.png,https://www.acb.com/Documentos/Cabeceras/logo-competicion-4a.png,89,2024,107,104321,20211660,20211660,20211660,Xabier  López-Arostegui Eskauriaza,Xabi López-Arostegui,López-Arostegui,López-A.,202,FALSE,202,NA,4339,2614,Valencia Basket,Valencia Basket,VBC,17801,119,Asistencia Falta Recibida,Assist Foul Received,6,FALSE,1,0,29,00:00:29,27,17,0,0,67959,0,0,0,0,2,2,0,3,0,0,0,0,1,2
1,Liga Nacional,Liga Endesa,https://www.acb.com/Documentos/Cabeceras/logo-competicion-1b.png,https://www.acb.com/Documentos/Cabeceras/logo-competicion-4a.png,89,2024,107,104321,30001229,30001229,21101034,Eli John Ndiaye Faye,Eli John Ndiaye,E. Ndiaye,Ndiaye,202,FALSE,202,NA,4345,2620,Real Madrid,Real Madrid,RMB,18001,115,Sale Pista,Substitution - Out,30,TRUE,1,0,29,00:00:29,27,17,0,0,67967,0,0,2,2,0,0,4,0,0,0,0,1,0,4
1,Liga Nacional,Liga Endesa,https://www.acb.com/Documentos/Cabeceras/logo-competicion-1b.png,https://www.acb.com/Documentos/Cabeceras/logo-competicion-4a.png,89,2024,107,104321,20210501,20210501,20210501,Mario  Hezonja ,Mario Hezonja,M. Hezonja,Hezonja,202,FALSE,202,NA,4345,2620,Real Madrid,Real Madrid,RMB,18101,112,Entra Pista,Substitution - In,11,TRUE,1,0,29,00:00:29,27,17,0,0,67967,0,0,0,0,0,0,0,0,0,0,0,0,0,0
1,Liga Nacional,Liga Endesa,https://www.acb.com/Documentos/Cabeceras/logo-competicion-1b.png,https://www.acb.com/Documentos/Cabeceras/logo-competicion-4a.png,89,2024,107,104321,20211660,20211660,20211660,Xabier  López-Arostegui Eskauriaza,Xabi López-Arostegui,López-Arostegui,López-A.,202,FALSE,202,NA,4339,2614,Valencia Basket,Valencia Basket,VBC,18201,115,Sale Pista,Substitution - Out,6,FALSE,1,0,29,00:00:29,27,17,0,0,67967,0,0,0,0,2,2,0,3,0,0,0,0,1,2
1,Liga Nacional,Liga Endesa,https://www.acb.com/Documentos/Cabeceras/logo-competicion-1b.png,https://www.acb.com/Documentos/Cabeceras/logo-competicion-4a.png,89,2024,107,104321,30002442,30002442,21102094,Stefan  Jovic ,Stefan Jovic,S. Jovic,Jovic,202,FALSE,202,NA,4339,2614,Valencia Basket,Valencia Basket,VBC,18301,115,Sale Pista,Substitution - Out,16,FALSE,1,0,29,00:00:29,27,17,0,0,67967,0,0,0,1,0,0,0,1,0,2,0,1,0,0
1,Liga Nacional,Liga Endesa,https://www.acb.com/Documentos/Cabeceras/logo-competicion-1b.png,https://www.acb.com/Documentos/Cabeceras/logo-competicion-4a.png,89,2024,107,104321,30001360,30001360,21101130,Sergio de Larrea Asenjo,Sergio de Larrea,S. de Larrea,De Larrea ,202,FALSE,202,NA,4339,2614,Valencia Basket,Valencia Basket,VBC,18401,112,Entra Pista,Substitution - In,5,FALSE,1,0,29,00:00:29,27,17,0,0,67967,0,0,0,0,0,0,0,0,0,0,0,0,0,0
1,Liga Nacional,Liga Endesa,https://www.acb.com/Documentos/Cabeceras/logo-competicion-1b.png,https://www.acb.com/Documentos/Cabeceras/logo-competicion-4a.png,89,2024,107,104321,30000514,30000514,21100451,Jean Claudio Montero Berroa,Jean Montero,J. Montero,Montero,202,FALSE,202,NA,4339,2614,Valencia Basket,Valencia Basket,VBC,18501,112,Entra Pista,Substitution - In,8,FALSE,1,0,29,00:00:29,27,17,0,0,67967,0,1,0,0,0,0,0,1,0,0,0,0,1,0
1,Liga Nacional,Liga Endesa,https://www.acb.com/Documentos/Cabeceras/logo-competicion-1b.png,https://www.acb.com/Documentos/Cabeceras/logo-competicion-4a.png,89,2024,107,104321,30002724,30002724,21102352,Nathan Donald Reuvers ,Nate Reuvers,N. Reuvers,Reuvers,202,FALSE,202,NA,4339,2614,Valencia Basket,Valencia Basket,VBC,18601,96,Intento fallado de 1,Free Throw Missed,3,FALSE,1,0,29,00:00:29,27,17,0,0,67997,1,3,0,0,0,1,0,0,0,1,0,0,2,3
1,Liga Nacional,Liga Endesa,https://www.acb.com/Documentos/Cabeceras/logo-competicion-1b.png,https://www.acb.com/Documentos/Cabeceras/logo-competicion-4a.png,89,2024,107,104321,30002724,30002724,21102352,Nathan Donald Reuvers ,Nate Reuvers,N. Reuvers,Reuvers,202,FALSE,202,NA,4339,2614,Valencia Basket,Valencia Basket,VBC,18701,92,Canasta de 1,Free Throw Made,3,FALSE,1,0,29,00:00:29,27,18,0,0,68014,1,3,0,0,1,2,0,0,0,1,0,0,2,4
1,Liga Nacional,Liga Endesa,https://www.acb.com/Documentos/Cabeceras/logo-competicion-1b.png,https://www.acb.com/Documentos/Cabeceras/logo-competicion-4a.png,89,2024,107,104321,30002724,30002724,21102352,Nathan Donald Reuvers ,Nate Reuvers,N. Reuvers,Reuvers,202,FALSE,202,NA,4339,2614,Valencia Basket,Valencia Basket,VBC,19001,115,Sale Pista,Substitution - Out,3,FALSE,1,0,29,00:00:29,27,18,0,0,68016,1,3,0,0,1,2,0,0,0,1,0,0,2,4
1,Liga Nacional,Liga Endesa,https://www.acb.com/Documentos/Cabeceras/logo-competicion-1b.png,https://www.acb.com/Documentos/Cabeceras/logo-competicion-4a.png,89,2024,107,104321,30003505,30003505,21103049,Amida Abiola Brimah ,Amida Brimah,A. Brimah,Brimah,202,FALSE,202,NA,4339,2614,Valencia Basket,Valencia Basket,VBC,19101,112,Entra Pista,Substitution - In,35,FALSE,1,0,29,00:00:29,27,18,0,0,68016,0,0,0,0,0,0,0,0,0,0,0,0,0,0
1,Liga Nacional,Liga Endesa,https://www.acb.com/Documentos/Cabeceras/logo-competicion-1b.png,https://www.acb.com/Documentos/Cabeceras/logo-competicion-4a.png,89,2024,107,104321,30003363,30003363,21102921,Xavier Andrew Rathan-Mayes,Xavier Rathan-Mayes,X. Rathan-Mayes,Rathan-Mayes,202,FALSE,202,NA,4345,2620,Real Madrid,Real Madrid,RMB,19301,106,Pérdida,Turnover,8,TRUE,1,0,21,00:00:21,27,18,0,0,68035,0,1,0,0,0,0,0,1,1,2,0,0,0,0
1,Liga Nacional,Liga Endesa,https://www.acb.com/Documentos/Cabeceras/logo-competicion-1b.png,https://www.acb.com/Documentos/Cabeceras/logo-competicion-4a.png,89,2024,107,104321,20210392,20210392,20210392,Josep  Puerto Guaita,Josep Puerto,J. Puerto,Puerto,202,FALSE,202,NA,4339,2614,Valencia Basket,Valencia Basket,VBC,19401,103,Recuperación,Steal,2,FALSE,1,0,21,00:00:21,27,18,0,0,68035,1,2,0,0,0,0,1,0,1,0,0,0,0,3
1,Liga Nacional,Liga Endesa,https://www.acb.com/Documentos/Cabeceras/logo-competicion-1b.png,https://www.acb.com/Documentos/Cabeceras/logo-competicion-4a.png,89,2024,107,104321,30000514,30000514,21100451,Jean Claudio Montero Berroa,Jean Montero,J. Montero,Montero,202,FALSE,202,NA,4339,2614,Valencia Basket,Valencia Basket,VBC,19501,93,Canasta de 2,2-Point Shot Made,8,FALSE,1,0,2,00:00:02,27,20,3352,-1210,68054,0,1,1,1,0,0,0,1,0,0,0,0,1,2
1,Liga Nacional,Liga Endesa,https://www.acb.com/Documentos/Cabeceras/logo-competicion-1b.png,https://www.acb.com/Documentos/Cabeceras/logo-competicion-4a.png,89,2024,107,104321,NA,NA,NA,NA,NA,NA,NA,NA,NA,NA,NA,NA,NA,NA,NA,NA,19701,116,Final de Periodo,End of the Quarter,NA,FALSE,1,0,0,00:00:00,27,20,0,0,68059,NA,NA,NA,NA,NA,NA,NA,NA,NA,NA,NA,NA,NA,NA
1,Liga Nacional,Liga Endesa,https://www.acb.com/Documentos/Cabeceras/logo-competicion-1b.png,https://www.acb.com/Documentos/Cabeceras/logo-competicion-4a.png,89,2024,107,104321,NA,NA,NA,NA,NA,NA,NA,NA,NA,NA,NA,NA,NA,NA,NA,NA,19801,121,Inicio Periodo,Start of the Quarter,NA,FALSE,2,10,0,00:10:00,27,20,0,0,68059,NA,NA,NA,NA,NA,NA,NA,NA,NA,NA,NA,NA,NA,NA
1,Liga Nacional,Liga Endesa,https://www.acb.com/Documentos/Cabeceras/logo-competicion-1b.png,https://www.acb.com/Documentos/Cabeceras/logo-competicion-4a.png,89,2024,107,104321,20210392,20210392,20210392,Josep  Puerto Guaita,Josep Puerto,J. Puerto,Puerto,202,FALSE,202,NA,4339,2614,Valencia Basket,Valencia Basket,VBC,20001,115,Sale Pista,Substitution - Out,2,FALSE,2,10,0,00:10:00,27,20,0,0,68196,1,2,0,0,0,0,1,0,1,0,0,0,0,3
1,Liga Nacional,Liga Endesa,https://www.acb.com/Documentos/Cabeceras/logo-competicion-1b.png,https://www.acb.com/Documentos/Cabeceras/logo-competicion-4a.png,89,2024,107,104321,30002811,30002811,21102420,Jesusemilore Talodabijesu Ojeleye ,Semi Ojeleye,S. Ojeleye,Ojeleye,202,FALSE,202,NA,4339,2614,Valencia Basket,Valencia Basket,VBC,20101,112,Entra Pista,Substitution - In,37,FALSE,2,10,0,00:10:00,27,20,0,0,68196,1,1,0,1,2,2,1,0,1,0,0,1,2,5
1,Liga Nacional,Liga Endesa,https://www.acb.com/Documentos/Cabeceras/logo-competicion-1b.png,https://www.acb.com/Documentos/Cabeceras/logo-competicion-4a.png,89,2024,107,104321,20210501,20210501,20210501,Mario  Hezonja ,Mario Hezonja,M. Hezonja,Hezonja,202,FALSE,202,NA,4345,2620,Real Madrid,Real Madrid,RMB,21001,93,Canasta de 2,2-Point Shot Made,11,TRUE,2,9,39,00:09:39,29,20,1941,-126,68221,0,0,1,1,0,0,0,0,0,0,0,0,0,2
1,Liga Nacional,Liga Endesa,https://www.acb.com/Documentos/Cabeceras/logo-competicion-1b.png,https://www.acb.com/Documentos/Cabeceras/logo-competicion-4a.png,89,2024,107,104321,30000514,30000514,21100451,Jean Claudio Montero Berroa,Jean Montero,J. Montero,Montero,202,FALSE,202,NA,4339,2614,Valencia Basket,Valencia Basket,VBC,21101,94,Canasta de 3,3-Point Shot Made,8,FALSE,2,9,23,00:09:23,29,23,7183,-1008,68237,1,2,1,1,0,0,0,1,0,0,0,0,1,5
1,Liga Nacional,Liga Endesa,https://www.acb.com/Documentos/Cabeceras/logo-competicion-1b.png,https://www.acb.com/Documentos/Cabeceras/logo-competicion-4a.png,89,2024,107,104321,30003852,30003852,21103387,Bruno Afonso David Fernando ,Bruno Fernando,B. Fernando,Fernando,202,FALSE,202,NA,4345,2620,Real Madrid,Real Madrid,RMB,21201,100,Mate,Dunk,20,TRUE,2,8,55,00:08:55,31,23,0,0,68265,0,0,3,3,0,0,0,0,0,1,0,1,0,6
1,Liga Nacional,Liga Endesa,https://www.acb.com/Documentos/Cabeceras/logo-competicion-1b.png,https://www.acb.com/Documentos/Cabeceras/logo-competicion-4a.png,89,2024,107,104321,20210501,20210501,20210501,Mario  Hezonja ,Mario Hezonja,M. Hezonja,Hezonja,202,FALSE,202,NA,4345,2620,Real Madrid,Real Madrid,RMB,21301,107,Asistencia tiro de 2,Assist 2-Point Shot,11,TRUE,2,8,55,00:08:55,31,23,0,0,68265,0,0,1,1,0,0,0,1,0,0,0,0,0,2
1,Liga Nacional,Liga Endesa,https://www.acb.com/Documentos/Cabeceras/logo-competicion-1b.png,https://www.acb.com/Documentos/Cabeceras/logo-competicion-4a.png,89,2024,107,104321,30000514,30000514,21100451,Jean Claudio Montero Berroa,Jean Montero,J. Montero,Montero,202,FALSE,202,NA,4339,2614,Valencia Basket,Valencia Basket,VBC,21401,106,Pérdida,Turnover,8,FALSE,2,8,34,00:08:34,31,23,0,0,68287,1,2,1,1,0,0,0,1,0,1,0,0,1,5
1,Liga Nacional,Liga Endesa,https://www.acb.com/Documentos/Cabeceras/logo-competicion-1b.png,https://www.acb.com/Documentos/Cabeceras/logo-competicion-4a.png,89,2024,107,104321,20213252,20213252,20213252,Hugo  González Peña,Hugo González,H. González,González,202,FALSE,202,NA,4345,2620,Real Madrid,Real Madrid,RMB,21501,103,Recuperación,Steal,9,TRUE,2,8,34,00:08:34,31,23,0,0,68287,0,0,1,1,0,0,1,1,2,0,0,1,0,2
1,Liga Nacional,Liga Endesa,https://www.acb.com/Documentos/Cabeceras/logo-competicion-1b.png,https://www.acb.com/Documentos/Cabeceras/logo-competicion-4a.png,89,2024,107,104321,30003852,30003852,21103387,Bruno Afonso David Fernando ,Bruno Fernando,B. Fernando,Fernando,202,FALSE,202,NA,4345,2620,Real Madrid,Real Madrid,RMB,21601,100,Mate,Dunk,20,TRUE,2,8,26,00:08:26,33,23,0,0,68294,0,0,4,4,0,0,0,0,0,1,0,1,0,8
1,Liga Nacional,Liga Endesa,https://www.acb.com/Documentos/Cabeceras/logo-competicion-1b.png,https://www.acb.com/Documentos/Cabeceras/logo-competicion-4a.png,89,2024,107,104321,30001114,30001114,21100955,Andres Rafael Feliz Sarita,Andrés Feliz,A. Feliz,Feliz,202,FALSE,202,NA,4345,2620,Real Madrid,Real Madrid,RMB,21801,107,Asistencia tiro de 2,Assist 2-Point Shot,24,TRUE,2,8,26,00:08:26,33,23,0,0,68294,1,1,1,1,1,1,0,2,0,0,0,1,1,6
1,Liga Nacional,Liga Endesa,https://www.acb.com/Documentos/Cabeceras/logo-competicion-1b.png,https://www.acb.com/Documentos/Cabeceras/logo-competicion-4a.png,89,2024,107,104321,30002811,30002811,21102420,Jesusemilore Talodabijesu Ojeleye ,Semi Ojeleye,S. Ojeleye,Ojeleye,202,FALSE,202,NA,4339,2614,Valencia Basket,Valencia Basket,VBC,21901,94,Canasta de 3,3-Point Shot Made,37,FALSE,2,8,16,00:08:16,33,26,3705,-6302,68304,2,2,0,1,2,2,1,0,1,0,0,1,2,8
1,Liga Nacional,Liga Endesa,https://www.acb.com/Documentos/Cabeceras/logo-competicion-1b.png,https://www.acb.com/Documentos/Cabeceras/logo-competicion-4a.png,89,2024,107,104321,30001360,30001360,21101130,Sergio de Larrea Asenjo,Sergio de Larrea,S. de Larrea,De Larrea ,202,FALSE,202,NA,4339,2614,Valencia Basket,Valencia Basket,VBC,22001,108,Asistencia tiro de 3,Assist 3-Point Shot,5,FALSE,2,8,16,00:08:16,33,26,0,0,68304,0,0,0,0,0,0,0,1,0,0,0,0,0,0
1,Liga Nacional,Liga Endesa,https://www.acb.com/Documentos/Cabeceras/logo-competicion-1b.png,https://www.acb.com/Documentos/Cabeceras/logo-competicion-4a.png,89,2024,107,104321,30001114,30001114,21100955,Andres Rafael Feliz Sarita,Andrés Feliz,A. Feliz,Feliz,202,FALSE,202,NA,4345,2620,Real Madrid,Real Madrid,RMB,22101,97,Intento fallado de 2,2-Point Shot Missed,24,TRUE,2,7,54,00:07:54,33,26,3075,-3328,68327,1,1,1,2,1,1,0,2,0,0,0,1,1,6
1,Liga Nacional,Liga Endesa,https://www.acb.com/Documentos/Cabeceras/logo-competicion-1b.png,https://www.acb.com/Documentos/Cabeceras/logo-competicion-4a.png,89,2024,107,104321,30001360,30001360,21101130,Sergio de Larrea Asenjo,Sergio de Larrea,S. de Larrea,De Larrea ,202,FALSE,202,NA,4339,2614,Valencia Basket,Valencia Basket,VBC,22201,104,Rebote Defensivo,Defensive Rebound,5,FALSE,2,7,54,00:07:54,33,26,0,0,68327,0,0,0,0,0,0,1,1,0,0,0,0,0,0
1,Liga Nacional,Liga Endesa,https://www.acb.com/Documentos/Cabeceras/logo-competicion-1b.png,https://www.acb.com/Documentos/Cabeceras/logo-competicion-4a.png,89,2024,107,104321,30001360,30001360,21101130,Sergio de Larrea Asenjo,Sergio de Larrea,S. de Larrea,De Larrea ,202,FALSE,202,NA,4339,2614,Valencia Basket,Valencia Basket,VBC,22301,106,Pérdida,Turnover,5,FALSE,2,7,44,00:07:44,33,26,0,0,68336,0,0,0,0,0,0,1,1,0,1,0,0,0,0
1,Liga Nacional,Liga Endesa,https://www.acb.com/Documentos/Cabeceras/logo-competicion-1b.png,https://www.acb.com/Documentos/Cabeceras/logo-competicion-4a.png,89,2024,107,104321,30001114,30001114,21100955,Andres Rafael Feliz Sarita,Andrés Feliz,A. Feliz,Feliz,202,FALSE,202,NA,4345,2620,Real Madrid,Real Madrid,RMB,22601,115,Sale Pista,Substitution - Out,24,TRUE,2,7,42,00:07:42,33,26,0,0,68349,1,1,1,2,1,1,0,2,0,0,0,1,1,6
1,Liga Nacional,Liga Endesa,https://www.acb.com/Documentos/Cabeceras/logo-competicion-1b.png,https://www.acb.com/Documentos/Cabeceras/logo-competicion-4a.png,89,2024,107,104321,30003363,30003363,21102921,Xavier Andrew Rathan-Mayes,Xavier Rathan-Mayes,X. Rathan-Mayes,Rathan-Mayes,202,FALSE,202,NA,4345,2620,Real Madrid,Real Madrid,RMB,22701,115,Sale Pista,Substitution - Out,8,TRUE,2,7,42,00:07:42,33,26,0,0,68349,0,1,0,0,0,0,0,1,1,2,0,0,0,0
1,Liga Nacional,Liga Endesa,https://www.acb.com/Documentos/Cabeceras/logo-competicion-1b.png,https://www.acb.com/Documentos/Cabeceras/logo-competicion-4a.png,89,2024,107,104321,20201774,20201774,20201774,Sergio  Llull Meliá,Sergio Llull,S. Llull,Llull,202,FALSE,202,NA,4345,2620,Real Madrid,Real Madrid,RMB,22801,112,Entra Pista,Substitution - In,23,TRUE,2,7,42,00:07:42,33,26,0,0,68349,0,0,0,0,0,0,0,0,0,0,0,0,0,0
1,Liga Nacional,Liga Endesa,https://www.acb.com/Documentos/Cabeceras/logo-competicion-1b.png,https://www.acb.com/Documentos/Cabeceras/logo-competicion-4a.png,89,2024,107,104321,20211331,20211331,20211331,Facundo  Campazzo Avedano,Facu Campazzo,F. Campazzo,Campazzo,202,FALSE,202,NA,4345,2620,Real Madrid,Real Madrid,RMB,22901,112,Entra Pista,Substitution - In,7,TRUE,2,7,42,00:07:42,33,26,0,0,68349,0,1,1,1,2,2,0,2,0,0,0,1,1,4
1,Liga Nacional,Liga Endesa,https://www.acb.com/Documentos/Cabeceras/logo-competicion-1b.png,https://www.acb.com/Documentos/Cabeceras/logo-competicion-4a.png,89,2024,107,104321,30003405,30003405,21102962,Nathan Michael Sestina ,Nate Sestina,N. Sestina,Sestina,202,FALSE,202,NA,4339,2614,Valencia Basket,Valencia Basket,VBC,23001,115,Sale Pista,Substitution - Out,77,FALSE,2,7,42,00:07:42,33,26,0,0,68349,0,1,1,1,0,0,1,0,1,0,0,0,0,2
1,Liga Nacional,Liga Endesa,https://www.acb.com/Documentos/Cabeceras/logo-competicion-1b.png,https://www.acb.com/Documentos/Cabeceras/logo-competicion-4a.png,89,2024,107,104321,20211129,20211129,20211129,Jaime  Pradilla Gayán,Jaime Pradilla,J. Pradilla,Pradilla,202,FALSE,202,NA,4339,2614,Valencia Basket,Valencia Basket,VBC,23101,112,Entra Pista,Substitution - In,4,FALSE,2,7,42,00:07:42,33,26,0,0,68349,0,1,0,0,0,0,0,0,0,0,0,0,0,0
1,Liga Nacional,Liga Endesa,https://www.acb.com/Documentos/Cabeceras/logo-competicion-1b.png,https://www.acb.com/Documentos/Cabeceras/logo-competicion-4a.png,89,2024,107,104321,20213252,20213252,20213252,Hugo  González Peña,Hugo González,H. González,González,202,FALSE,202,NA,4345,2620,Real Madrid,Real Madrid,RMB,23501,98,Intento fallado de 3,3-Point Shot Missed,9,TRUE,2,7,24,00:07:24,33,26,6754,-3883,68387,0,1,1,1,0,0,1,1,2,0,0,1,0,2
1,Liga Nacional,Liga Endesa,https://www.acb.com/Documentos/Cabeceras/logo-competicion-1b.png,https://www.acb.com/Documentos/Cabeceras/logo-competicion-4a.png,89,2024,107,104321,30000514,30000514,21100451,Jean Claudio Montero Berroa,Jean Montero,J. Montero,Montero,202,FALSE,202,NA,4339,2614,Valencia Basket,Valencia Basket,VBC,23601,104,Rebote Defensivo,Defensive Rebound,8,FALSE,2,7,24,00:07:24,33,26,0,0,68387,1,2,1,1,0,0,1,1,0,1,0,0,1,5
1,Liga Nacional,Liga Endesa,https://www.acb.com/Documentos/Cabeceras/logo-competicion-1b.png,https://www.acb.com/Documentos/Cabeceras/logo-competicion-4a.png,89,2024,107,104321,30003505,30003505,21103049,Amida Abiola Brimah ,Amida Brimah,A. Brimah,Brimah,202,FALSE,202,NA,4339,2614,Valencia Basket,Valencia Basket,VBC,23701,100,Mate,Dunk,35,FALSE,2,7,5,00:07:05,33,28,0,0,68405,0,0,1,1,0,0,0,0,0,0,0,0,0,2
1,Liga Nacional,Liga Endesa,https://www.acb.com/Documentos/Cabeceras/logo-competicion-1b.png,https://www.acb.com/Documentos/Cabeceras/logo-competicion-4a.png,89,2024,107,104321,30000514,30000514,21100451,Jean Claudio Montero Berroa,Jean Montero,J. Montero,Montero,202,FALSE,202,NA,4339,2614,Valencia Basket,Valencia Basket,VBC,23801,107,Asistencia tiro de 2,Assist 2-Point Shot,8,FALSE,2,7,5,00:07:05,33,28,0,0,68405,1,2,1,1,0,0,1,2,0,1,0,0,1,5
1,Liga Nacional,Liga Endesa,https://www.acb.com/Documentos/Cabeceras/logo-competicion-1b.png,https://www.acb.com/Documentos/Cabeceras/logo-competicion-4a.png,89,2024,107,104321,20211331,20211331,20211331,Facundo  Campazzo Avedano,Facu Campazzo,F. Campazzo,Campazzo,202,FALSE,202,NA,4345,2620,Real Madrid,Real Madrid,RMB,23901,98,Intento fallado de 3,3-Point Shot Missed,7,TRUE,2,6,40,00:06:40,33,28,5948,-4841,68430,0,2,1,1,2,2,0,2,0,0,0,1,1,4
1,Liga Nacional,Liga Endesa,https://www.acb.com/Documentos/Cabeceras/logo-competicion-1b.png,https://www.acb.com/Documentos/Cabeceras/logo-competicion-4a.png,89,2024,107,104321,20201774,20201774,20201774,Sergio  Llull Meliá,Sergio Llull,S. Llull,Llull,202,FALSE,202,NA,4345,2620,Real Madrid,Real Madrid,RMB,24001,101,Rebote Ofensivo,Offensive Rebound,23,TRUE,2,6,40,00:06:40,33,28,0,0,68430,0,0,0,0,0,0,1,0,0,0,0,0,0,0
1,Liga Nacional,Liga Endesa,https://www.acb.com/Documentos/Cabeceras/logo-competicion-1b.png,https://www.acb.com/Documentos/Cabeceras/logo-competicion-4a.png,89,2024,107,104321,20210501,20210501,20210501,Mario  Hezonja ,Mario Hezonja,M. Hezonja,Hezonja,202,FALSE,202,NA,4345,2620,Real Madrid,Real Madrid,RMB,24101,94,Canasta de 3,3-Point Shot Made,11,TRUE,2,6,33,00:06:33,36,28,6351,4008,68437,1,1,1,1,0,0,0,1,0,0,0,0,0,5
1,Liga Nacional,Liga Endesa,https://www.acb.com/Documentos/Cabeceras/logo-competicion-1b.png,https://www.acb.com/Documentos/Cabeceras/logo-competicion-4a.png,89,2024,107,104321,20201774,20201774,20201774,Sergio  Llull Meliá,Sergio Llull,S. Llull,Llull,202,FALSE,202,NA,4345,2620,Real Madrid,Real Madrid,RMB,24201,108,Asistencia tiro de 3,Assist 3-Point Shot,23,TRUE,2,6,33,00:06:33,36,28,0,0,68437,0,0,0,0,0,0,1,1,0,0,0,0,0,0
1,Liga Nacional,Liga Endesa,https://www.acb.com/Documentos/Cabeceras/logo-competicion-1b.png,https://www.acb.com/Documentos/Cabeceras/logo-competicion-4a.png,89,2024,107,104321,30000514,30000514,21100451,Jean Claudio Montero Berroa,Jean Montero,J. Montero,Montero,202,FALSE,202,NA,4339,2614,Valencia Basket,Valencia Basket,VBC,24301,106,Pérdida,Turnover,8,FALSE,2,6,8,00:06:08,36,28,0,0,68462,1,2,1,1,0,0,1,2,0,2,0,0,1,5
1,Liga Nacional,Liga Endesa,https://www.acb.com/Documentos/Cabeceras/logo-competicion-1b.png,https://www.acb.com/Documentos/Cabeceras/logo-competicion-4a.png,89,2024,107,104321,30003852,30003852,21103387,Bruno Afonso David Fernando ,Bruno Fernando,B. Fernando,Fernando,202,FALSE,202,NA,4345,2620,Real Madrid,Real Madrid,RMB,24801,115,Sale Pista,Substitution - Out,20,TRUE,2,6,8,00:06:08,36,28,0,0,68468,0,0,4,4,0,0,0,0,0,1,0,1,0,8
1,Liga Nacional,Liga Endesa,https://www.acb.com/Documentos/Cabeceras/logo-competicion-1b.png,https://www.acb.com/Documentos/Cabeceras/logo-competicion-4a.png,89,2024,107,104321,20209407,20209407,20209407,Walter Samuel Tavares Da Veiga,Edy Tavares,W. Tavares,Tavares,202,FALSE,202,NA,4345,2620,Real Madrid,Real Madrid,RMB,24901,112,Entra Pista,Substitution - In,22,TRUE,2,6,8,00:06:08,36,28,0,0,68468,0,0,1,1,0,0,1,1,0,1,0,0,2,2
1,Liga Nacional,Liga Endesa,https://www.acb.com/Documentos/Cabeceras/logo-competicion-1b.png,https://www.acb.com/Documentos/Cabeceras/logo-competicion-4a.png,89,2024,107,104321,30001360,30001360,21101130,Sergio de Larrea Asenjo,Sergio de Larrea,S. de Larrea,De Larrea ,202,FALSE,202,NA,4339,2614,Valencia Basket,Valencia Basket,VBC,25001,115,Sale Pista,Substitution - Out,5,FALSE,2,6,8,00:06:08,36,28,0,0,68468,0,0,0,0,0,0,1,1,0,1,0,0,0,0
1,Liga Nacional,Liga Endesa,https://www.acb.com/Documentos/Cabeceras/logo-competicion-1b.png,https://www.acb.com/Documentos/Cabeceras/logo-competicion-4a.png,89,2024,107,104321,30003505,30003505,21103049,Amida Abiola Brimah ,Amida Brimah,A. Brimah,Brimah,202,FALSE,202,NA,4339,2614,Valencia Basket,Valencia Basket,VBC,25101,115,Sale Pista,Substitution - Out,35,FALSE,2,6,8,00:06:08,36,28,0,0,68468,0,0,1,1,0,0,0,0,0,0,0,0,0,2
1,Liga Nacional,Liga Endesa,https://www.acb.com/Documentos/Cabeceras/logo-competicion-1b.png,https://www.acb.com/Documentos/Cabeceras/logo-competicion-4a.png,89,2024,107,104321,30000107,30000107,21100103,El Hadji Omar Brancou Badio ,Brancou Badio,B. Badio,Badio,202,FALSE,202,NA,4339,2614,Valencia Basket,Valencia Basket,VBC,25201,112,Entra Pista,Substitution - In,0,FALSE,2,6,8,00:06:08,36,28,0,0,68468,0,1,1,2,0,0,0,0,1,0,0,2,0,2
1,Liga Nacional,Liga Endesa,https://www.acb.com/Documentos/Cabeceras/logo-competicion-1b.png,https://www.acb.com/Documentos/Cabeceras/logo-competicion-4a.png,89,2024,107,104321,30000032,30000032,21100034,Matthew Tyler Costello ,Matt Costello,M. Costello,Costello,202,FALSE,202,NA,4339,2614,Valencia Basket,Valencia Basket,VBC,25301,112,Entra Pista,Substitution - In,24,FALSE,2,6,8,00:06:08,36,28,0,0,68468,0,0,0,0,0,0,1,0,0,0,0,1,0,0
1,Liga Nacional,Liga Endesa,https://www.acb.com/Documentos/Cabeceras/logo-competicion-1b.png,https://www.acb.com/Documentos/Cabeceras/logo-competicion-4a.png,89,2024,107,104321,20210501,20210501,20210501,Mario  Hezonja ,Mario Hezonja,M. Hezonja,Hezonja,202,FALSE,202,NA,4345,2620,Real Madrid,Real Madrid,RMB,25701,97,Intento fallado de 2,2-Point Shot Missed,11,TRUE,2,5,55,00:05:55,36,28,50,1235,68493,1,1,1,2,0,0,0,1,0,0,0,0,0,5
1,Liga Nacional,Liga Endesa,https://www.acb.com/Documentos/Cabeceras/logo-competicion-1b.png,https://www.acb.com/Documentos/Cabeceras/logo-competicion-4a.png,89,2024,107,104321,30000032,30000032,21100034,Matthew Tyler Costello ,Matt Costello,M. Costello,Costello,202,FALSE,202,NA,4339,2614,Valencia Basket,Valencia Basket,VBC,25801,104,Rebote Defensivo,Defensive Rebound,24,FALSE,2,5,55,00:05:55,36,28,0,0,68493,0,0,0,0,0,0,2,0,0,0,0,1,0,0
1,Liga Nacional,Liga Endesa,https://www.acb.com/Documentos/Cabeceras/logo-competicion-1b.png,https://www.acb.com/Documentos/Cabeceras/logo-competicion-4a.png,89,2024,107,104321,30002811,30002811,21102420,Jesusemilore Talodabijesu Ojeleye ,Semi Ojeleye,S. Ojeleye,Ojeleye,202,FALSE,202,NA,4339,2614,Valencia Basket,Valencia Basket,VBC,25901,100,Mate,Dunk,37,FALSE,2,5,46,00:05:46,36,30,0,0,68503,2,2,1,2,2,2,1,0,1,0,0,1,2,10
1,Liga Nacional,Liga Endesa,https://www.acb.com/Documentos/Cabeceras/logo-competicion-1b.png,https://www.acb.com/Documentos/Cabeceras/logo-competicion-4a.png,89,2024,107,104321,30000032,30000032,21100034,Matthew Tyler Costello ,Matt Costello,M. Costello,Costello,202,FALSE,202,NA,4339,2614,Valencia Basket,Valencia Basket,VBC,26101,107,Asistencia tiro de 2,Assist 2-Point Shot,24,FALSE,2,5,46,00:05:46,36,30,0,0,68503,0,0,0,0,0,0,2,1,0,0,0,1,0,0
1,Liga Nacional,Liga Endesa,https://www.acb.com/Documentos/Cabeceras/logo-competicion-1b.png,https://www.acb.com/Documentos/Cabeceras/logo-competicion-4a.png,89,2024,107,104321,20213252,20213252,20213252,Hugo  González Peña,Hugo González,H. González,González,202,FALSE,202,NA,4345,2620,Real Madrid,Real Madrid,RMB,26201,106,Pérdida,Turnover,9,TRUE,2,5,24,00:05:24,36,30,0,0,68525,0,1,1,1,0,0,1,1,2,1,0,1,0,2
1,Liga Nacional,Liga Endesa,https://www.acb.com/Documentos/Cabeceras/logo-competicion-1b.png,https://www.acb.com/Documentos/Cabeceras/logo-competicion-4a.png,89,2024,107,104321,30000107,30000107,21100103,El Hadji Omar Brancou Badio ,Brancou Badio,B. Badio,Badio,202,FALSE,202,NA,4339,2614,Valencia Basket,Valencia Basket,VBC,26301,103,Recuperación,Steal,0,FALSE,2,5,24,00:05:24,36,30,0,0,68525,0,1,1,2,0,0,0,0,2,0,0,2,0,2
1,Liga Nacional,Liga Endesa,https://www.acb.com/Documentos/Cabeceras/logo-competicion-1b.png,https://www.acb.com/Documentos/Cabeceras/logo-competicion-4a.png,89,2024,107,104321,30002811,30002811,21102420,Jesusemilore Talodabijesu Ojeleye ,Semi Ojeleye,S. Ojeleye,Ojeleye,202,FALSE,202,NA,4339,2614,Valencia Basket,Valencia Basket,VBC,26401,98,Intento fallado de 3,3-Point Shot Missed,37,FALSE,2,5,18,00:05:18,36,30,227,6807,68531,2,3,1,2,2,2,1,0,1,0,0,1,2,10
1,Liga Nacional,Liga Endesa,https://www.acb.com/Documentos/Cabeceras/logo-competicion-1b.png,https://www.acb.com/Documentos/Cabeceras/logo-competicion-4a.png,89,2024,107,104321,30000107,30000107,21100103,El Hadji Omar Brancou Badio ,Brancou Badio,B. Badio,Badio,202,FALSE,202,NA,4339,2614,Valencia Basket,Valencia Basket,VBC,26501,101,Rebote Ofensivo,Offensive Rebound,0,FALSE,2,5,18,00:05:18,36,30,0,0,68531,0,1,1,2,0,0,1,0,2,0,0,2,0,2
1,Liga Nacional,Liga Endesa,https://www.acb.com/Documentos/Cabeceras/logo-competicion-1b.png,https://www.acb.com/Documentos/Cabeceras/logo-competicion-4a.png,89,2024,107,104321,30000107,30000107,21100103,El Hadji Omar Brancou Badio ,Brancou Badio,B. Badio,Badio,202,FALSE,202,NA,4339,2614,Valencia Basket,Valencia Basket,VBC,26601,93,Canasta de 2,2-Point Shot Made,0,FALSE,2,5,16,00:05:16,36,32,706,656,68534,0,1,2,3,0,0,1,0,2,0,0,2,0,4
1,Liga Nacional,Liga Endesa,https://www.acb.com/Documentos/Cabeceras/logo-competicion-1b.png,https://www.acb.com/Documentos/Cabeceras/logo-competicion-4a.png,89,2024,107,104321,NA,NA,NA,NA,NA,NA,NA,NA,NA,NA,NA,4345,2620,Real Madrid,Real Madrid,RMB,27101,113,Tiempo Muerto,Timeout,NA,TRUE,2,5,16,00:05:16,36,32,0,0,68541,NA,NA,NA,NA,NA,NA,NA,NA,NA,NA,NA,NA,NA,NA
1,Liga Nacional,Liga Endesa,https://www.acb.com/Documentos/Cabeceras/logo-competicion-1b.png,https://www.acb.com/Documentos/Cabeceras/logo-competicion-4a.png,89,2024,107,104321,20213252,20213252,20213252,Hugo  González Peña,Hugo González,H. González,González,202,FALSE,202,NA,4345,2620,Real Madrid,Real Madrid,RMB,27301,115,Sale Pista,Substitution - Out,9,TRUE,2,5,16,00:05:16,36,32,0,0,68596,0,1,1,1,0,0,1,1,2,1,0,1,0,2
1,Liga Nacional,Liga Endesa,https://www.acb.com/Documentos/Cabeceras/logo-competicion-1b.png,https://www.acb.com/Documentos/Cabeceras/logo-competicion-4a.png,89,2024,107,104321,20212174,20212174,20212174,Usman  Garuba Alari,Usman Garuba,U. Garuba,Garuba,202,FALSE,202,NA,4345,2620,Real Madrid,Real Madrid,RMB,27401,112,Entra Pista,Substitution - In,16,TRUE,2,5,16,00:05:16,36,32,0,0,68596,0,0,0,0,0,0,0,0,0,0,0,0,0,0
1,Liga Nacional,Liga Endesa,https://www.acb.com/Documentos/Cabeceras/logo-competicion-1b.png,https://www.acb.com/Documentos/Cabeceras/logo-competicion-4a.png,89,2024,107,104321,20201774,20201774,20201774,Sergio  Llull Meliá,Sergio Llull,S. Llull,Llull,202,FALSE,202,NA,4345,2620,Real Madrid,Real Madrid,RMB,27601,97,Intento fallado de 2,2-Point Shot Missed,23,TRUE,2,5,9,00:05:09,36,32,806,-51,68638,0,0,0,1,0,0,1,1,0,0,0,0,0,0
1,Liga Nacional,Liga Endesa,https://www.acb.com/Documentos/Cabeceras/logo-competicion-1b.png,https://www.acb.com/Documentos/Cabeceras/logo-competicion-4a.png,89,2024,107,104321,30000514,30000514,21100451,Jean Claudio Montero Berroa,Jean Montero,J. Montero,Montero,202,FALSE,202,NA,4339,2614,Valencia Basket,Valencia Basket,VBC,27701,104,Rebote Defensivo,Defensive Rebound,8,FALSE,2,5,9,00:05:09,36,32,0,0,68638,1,2,1,1,0,0,2,2,0,2,0,0,1,5
1,Liga Nacional,Liga Endesa,https://www.acb.com/Documentos/Cabeceras/logo-competicion-1b.png,https://www.acb.com/Documentos/Cabeceras/logo-competicion-4a.png,89,2024,107,104321,30000514,30000514,21100451,Jean Claudio Montero Berroa,Jean Montero,J. Montero,Montero,202,FALSE,202,NA,4339,2614,Valencia Basket,Valencia Basket,VBC,28601,98,Intento fallado de 3,3-Point Shot Missed,8,FALSE,2,4,50,00:04:50,36,32,2621,7059,68673,1,3,1,1,0,0,2,2,0,2,0,0,1,5
1,Liga Nacional,Liga Endesa,https://www.acb.com/Documentos/Cabeceras/logo-competicion-1b.png,https://www.acb.com/Documentos/Cabeceras/logo-competicion-4a.png,89,2024,107,104321,30000514,30000514,21100451,Jean Claudio Montero Berroa,Jean Montero,J. Montero,Montero,202,FALSE,202,NA,4339,2614,Valencia Basket,Valencia Basket,VBC,28801,159,Personal no TL,Foul No FT,8,FALSE,2,4,47,00:04:47,36,32,0,0,68685,1,3,1,1,0,0,2,2,0,2,0,1,1,5
1,Liga Nacional,Liga Endesa,https://www.acb.com/Documentos/Cabeceras/logo-competicion-1b.png,https://www.acb.com/Documentos/Cabeceras/logo-competicion-4a.png,89,2024,107,104321,20211331,20211331,20211331,Facundo  Campazzo Avedano,Facu Campazzo,F. Campazzo,Campazzo,202,FALSE,202,NA,4345,2620,Real Madrid,Real Madrid,RMB,28901,110,Falta recibida,Foul Received,7,TRUE,2,4,47,00:04:47,36,32,0,0,68685,0,2,1,1,2,2,0,2,0,0,0,1,2,4
1,Liga Nacional,Liga Endesa,https://www.acb.com/Documentos/Cabeceras/logo-competicion-1b.png,https://www.acb.com/Documentos/Cabeceras/logo-competicion-4a.png,89,2024,107,104321,20211331,20211331,20211331,Facundo  Campazzo Avedano,Facu Campazzo,F. Campazzo,Campazzo,202,FALSE,202,NA,4345,2620,Real Madrid,Real Madrid,RMB,29101,94,Canasta de 3,3-Point Shot Made,7,TRUE,2,4,38,00:04:38,39,32,2445,-6404,68702,1,3,1,1,2,2,0,2,0,0,0,1,2,7
1,Liga Nacional,Liga Endesa,https://www.acb.com/Documentos/Cabeceras/logo-competicion-1b.png,https://www.acb.com/Documentos/Cabeceras/logo-competicion-4a.png,89,2024,107,104321,20211129,20211129,20211129,Jaime  Pradilla Gayán,Jaime Pradilla,J. Pradilla,Pradilla,202,FALSE,202,NA,4339,2614,Valencia Basket,Valencia Basket,VBC,29201,93,Canasta de 2,2-Point Shot Made,4,FALSE,2,4,31,00:04:31,39,34,454,-529,68710,0,1,1,1,0,0,0,0,0,0,0,0,0,2
1,Liga Nacional,Liga Endesa,https://www.acb.com/Documentos/Cabeceras/logo-competicion-1b.png,https://www.acb.com/Documentos/Cabeceras/logo-competicion-4a.png,89,2024,107,104321,30000514,30000514,21100451,Jean Claudio Montero Berroa,Jean Montero,J. Montero,Montero,202,FALSE,202,NA,4339,2614,Valencia Basket,Valencia Basket,VBC,29401,107,Asistencia tiro de 2,Assist 2-Point Shot,8,FALSE,2,4,31,00:04:31,39,34,0,0,68710,1,3,1,1,0,0,2,3,0,2,0,1,1,5
1,Liga Nacional,Liga Endesa,https://www.acb.com/Documentos/Cabeceras/logo-competicion-1b.png,https://www.acb.com/Documentos/Cabeceras/logo-competicion-4a.png,89,2024,107,104321,20210501,20210501,20210501,Mario  Hezonja ,Mario Hezonja,M. Hezonja,Hezonja,202,FALSE,202,NA,4345,2620,Real Madrid,Real Madrid,RMB,29501,93,Canasta de 2,2-Point Shot Made,11,TRUE,2,4,18,00:04:18,41,34,126,-1110,68723,1,1,2,3,0,0,0,1,0,0,0,0,0,7
1,Liga Nacional,Liga Endesa,https://www.acb.com/Documentos/Cabeceras/logo-competicion-1b.png,https://www.acb.com/Documentos/Cabeceras/logo-competicion-4a.png,89,2024,107,104321,20211331,20211331,20211331,Facundo  Campazzo Avedano,Facu Campazzo,F. Campazzo,Campazzo,202,FALSE,202,NA,4345,2620,Real Madrid,Real Madrid,RMB,29601,107,Asistencia tiro de 2,Assist 2-Point Shot,7,TRUE,2,4,18,00:04:18,41,34,0,0,68723,1,3,1,1,2,2,0,3,0,0,0,1,2,7
1,Liga Nacional,Liga Endesa,https://www.acb.com/Documentos/Cabeceras/logo-competicion-1b.png,https://www.acb.com/Documentos/Cabeceras/logo-competicion-4a.png,89,2024,107,104321,30002811,30002811,21102420,Jesusemilore Talodabijesu Ojeleye ,Semi Ojeleye,S. Ojeleye,Ojeleye,202,FALSE,202,NA,4339,2614,Valencia Basket,Valencia Basket,VBC,29701,98,Intento fallado de 3,3-Point Shot Missed,37,FALSE,2,3,56,00:03:56,41,34,4360,6026,68745,2,4,1,2,2,2,1,0,1,0,0,1,2,10
1,Liga Nacional,Liga Endesa,https://www.acb.com/Documentos/Cabeceras/logo-competicion-1b.png,https://www.acb.com/Documentos/Cabeceras/logo-competicion-4a.png,89,2024,107,104321,20209407,20209407,20209407,Walter Samuel Tavares Da Veiga,Edy Tavares,W. Tavares,Tavares,202,FALSE,202,NA,4345,2620,Real Madrid,Real Madrid,RMB,29801,104,Rebote Defensivo,Defensive Rebound,22,TRUE,2,3,56,00:03:56,41,34,0,0,68745,0,0,1,1,0,0,2,1,0,1,0,0,2,2
1,Liga Nacional,Liga Endesa,https://www.acb.com/Documentos/Cabeceras/logo-competicion-1b.png,https://www.acb.com/Documentos/Cabeceras/logo-competicion-4a.png,89,2024,107,104321,20211331,20211331,20211331,Facundo  Campazzo Avedano,Facu Campazzo,F. Campazzo,Campazzo,202,FALSE,202,NA,4345,2620,Real Madrid,Real Madrid,RMB,29901,106,Pérdida,Turnover,7,TRUE,2,3,47,00:03:47,41,34,0,0,68753,1,3,1,1,2,2,0,3,0,1,0,1,2,7
1,Liga Nacional,Liga Endesa,https://www.acb.com/Documentos/Cabeceras/logo-competicion-1b.png,https://www.acb.com/Documentos/Cabeceras/logo-competicion-4a.png,89,2024,107,104321,30000514,30000514,21100451,Jean Claudio Montero Berroa,Jean Montero,J. Montero,Montero,202,FALSE,202,NA,4339,2614,Valencia Basket,Valencia Basket,VBC,30001,103,Recuperación,Steal,8,FALSE,2,3,47,00:03:47,41,34,0,0,68753,1,3,1,1,0,0,2,3,1,2,0,1,1,5
1,Liga Nacional,Liga Endesa,https://www.acb.com/Documentos/Cabeceras/logo-competicion-1b.png,https://www.acb.com/Documentos/Cabeceras/logo-competicion-4a.png,89,2024,107,104321,30000514,30000514,21100451,Jean Claudio Montero Berroa,Jean Montero,J. Montero,Montero,202,FALSE,202,NA,4339,2614,Valencia Basket,Valencia Basket,VBC,30501,93,Canasta de 2,2-Point Shot Made,8,FALSE,2,3,21,00:03:21,41,36,3327,-226,68801,1,3,2,2,0,0,2,3,1,2,0,1,1,7
1,Liga Nacional,Liga Endesa,https://www.acb.com/Documentos/Cabeceras/logo-competicion-1b.png,https://www.acb.com/Documentos/Cabeceras/logo-competicion-4a.png,89,2024,107,104321,20201774,20201774,20201774,Sergio  Llull Meliá,Sergio Llull,S. Llull,Llull,202,FALSE,202,NA,4345,2620,Real Madrid,Real Madrid,RMB,30601,98,Intento fallado de 3,3-Point Shot Missed,23,TRUE,2,3,9,00:03:09,41,36,882,6983,68813,0,1,0,1,0,0,1,1,0,0,0,0,0,0
1,Liga Nacional,Liga Endesa,https://www.acb.com/Documentos/Cabeceras/logo-competicion-1b.png,https://www.acb.com/Documentos/Cabeceras/logo-competicion-4a.png,89,2024,107,104321,20209407,20209407,20209407,Walter Samuel Tavares Da Veiga,Edy Tavares,W. Tavares,Tavares,202,FALSE,202,NA,4345,2620,Real Madrid,Real Madrid,RMB,30701,101,Rebote Ofensivo,Offensive Rebound,22,TRUE,2,3,9,00:03:09,41,36,0,0,68813,0,0,1,1,0,0,3,1,0,1,0,0,2,2
1,Liga Nacional,Liga Endesa,https://www.acb.com/Documentos/Cabeceras/logo-competicion-1b.png,https://www.acb.com/Documentos/Cabeceras/logo-competicion-4a.png,89,2024,107,104321,20211331,20211331,20211331,Facundo  Campazzo Avedano,Facu Campazzo,F. Campazzo,Campazzo,202,FALSE,202,NA,4345,2620,Real Madrid,Real Madrid,RMB,30801,94,Canasta de 3,3-Point Shot Made,7,TRUE,2,2,58,00:02:58,44,36,3554,-6328,68824,2,4,1,1,2,2,0,3,0,1,0,1,2,10
1,Liga Nacional,Liga Endesa,https://www.acb.com/Documentos/Cabeceras/logo-competicion-1b.png,https://www.acb.com/Documentos/Cabeceras/logo-competicion-4a.png,89,2024,107,104321,20201774,20201774,20201774,Sergio  Llull Meliá,Sergio Llull,S. Llull,Llull,202,FALSE,202,NA,4345,2620,Real Madrid,Real Madrid,RMB,30901,108,Asistencia tiro de 3,Assist 3-Point Shot,23,TRUE,2,2,58,00:02:58,44,36,0,0,68824,0,1,0,1,0,0,1,2,0,0,0,0,0,0
1,Liga Nacional,Liga Endesa,https://www.acb.com/Documentos/Cabeceras/logo-competicion-1b.png,https://www.acb.com/Documentos/Cabeceras/logo-competicion-4a.png,89,2024,107,104321,30000107,30000107,21100103,El Hadji Omar Brancou Badio ,Brancou Badio,B. Badio,Badio,202,FALSE,202,NA,4339,2614,Valencia Basket,Valencia Basket,VBC,31001,94,Canasta de 3,3-Point Shot Made,0,FALSE,2,2,37,00:02:37,44,39,5897,-5067,68845,1,2,2,3,0,0,1,0,2,0,0,2,0,7
1,Liga Nacional,Liga Endesa,https://www.acb.com/Documentos/Cabeceras/logo-competicion-1b.png,https://www.acb.com/Documentos/Cabeceras/logo-competicion-4a.png,89,2024,107,104321,20209407,20209407,20209407,Walter Samuel Tavares Da Veiga,Edy Tavares,W. Tavares,Tavares,202,FALSE,202,NA,4345,2620,Real Madrid,Real Madrid,RMB,31101,93,Canasta de 2,2-Point Shot Made,22,TRUE,2,2,24,00:02:24,46,39,151,983,68858,0,0,2,2,0,0,3,1,0,1,0,0,2,4
1,Liga Nacional,Liga Endesa,https://www.acb.com/Documentos/Cabeceras/logo-competicion-1b.png,https://www.acb.com/Documentos/Cabeceras/logo-competicion-4a.png,89,2024,107,104321,20201774,20201774,20201774,Sergio  Llull Meliá,Sergio Llull,S. Llull,Llull,202,FALSE,202,NA,4345,2620,Real Madrid,Real Madrid,RMB,31201,107,Asistencia tiro de 2,Assist 2-Point Shot,23,TRUE,2,2,24,00:02:24,46,39,0,0,68858,0,1,0,1,0,0,1,3,0,0,0,0,0,0
1,Liga Nacional,Liga Endesa,https://www.acb.com/Documentos/Cabeceras/logo-competicion-1b.png,https://www.acb.com/Documentos/Cabeceras/logo-competicion-4a.png,89,2024,107,104321,20211129,20211129,20211129,Jaime  Pradilla Gayán,Jaime Pradilla,J. Pradilla,Pradilla,202,FALSE,202,NA,4339,2614,Valencia Basket,Valencia Basket,VBC,31301,98,Intento fallado de 3,3-Point Shot Missed,4,FALSE,2,2,7,00:02:07,46,39,6905,2597,68875,0,2,1,1,0,0,0,0,0,0,0,0,0,2
1,Liga Nacional,Liga Endesa,https://www.acb.com/Documentos/Cabeceras/logo-competicion-1b.png,https://www.acb.com/Documentos/Cabeceras/logo-competicion-4a.png,89,2024,107,104321,20210501,20210501,20210501,Mario  Hezonja ,Mario Hezonja,M. Hezonja,Hezonja,202,FALSE,202,NA,4345,2620,Real Madrid,Real Madrid,RMB,31401,104,Rebote Defensivo,Defensive Rebound,11,TRUE,2,2,7,00:02:07,46,39,0,0,68875,1,1,2,3,0,0,1,1,0,0,0,0,0,7
1,Liga Nacional,Liga Endesa,https://www.acb.com/Documentos/Cabeceras/logo-competicion-1b.png,https://www.acb.com/Documentos/Cabeceras/logo-competicion-4a.png,89,2024,107,104321,20201774,20201774,20201774,Sergio  Llull Meliá,Sergio Llull,S. Llull,Llull,202,FALSE,202,NA,4345,2620,Real Madrid,Real Madrid,RMB,31501,106,Pérdida,Turnover,23,TRUE,2,1,54,00:01:54,46,39,0,0,68888,0,1,0,1,0,0,1,3,0,1,0,0,0,0
1,Liga Nacional,Liga Endesa,https://www.acb.com/Documentos/Cabeceras/logo-competicion-1b.png,https://www.acb.com/Documentos/Cabeceras/logo-competicion-4a.png,89,2024,107,104321,30000514,30000514,21100451,Jean Claudio Montero Berroa,Jean Montero,J. Montero,Montero,202,FALSE,202,NA,4339,2614,Valencia Basket,Valencia Basket,VBC,32201,115,Sale Pista,Substitution - Out,8,FALSE,2,1,47,00:01:47,46,39,0,0,68915,1,3,2,2,0,0,2,3,1,2,0,1,1,7
1,Liga Nacional,Liga Endesa,https://www.acb.com/Documentos/Cabeceras/logo-competicion-1b.png,https://www.acb.com/Documentos/Cabeceras/logo-competicion-4a.png,89,2024,107,104321,30000032,30000032,21100034,Matthew Tyler Costello ,Matt Costello,M. Costello,Costello,202,FALSE,202,NA,4339,2614,Valencia Basket,Valencia Basket,VBC,32301,115,Sale Pista,Substitution - Out,24,FALSE,2,1,47,00:01:47,46,39,0,0,68915,0,0,0,0,0,0,2,1,0,0,0,1,0,0
1,Liga Nacional,Liga Endesa,https://www.acb.com/Documentos/Cabeceras/logo-competicion-1b.png,https://www.acb.com/Documentos/Cabeceras/logo-competicion-4a.png,89,2024,107,104321,30002811,30002811,21102420,Jesusemilore Talodabijesu Ojeleye ,Semi Ojeleye,S. Ojeleye,Ojeleye,202,FALSE,202,NA,4339,2614,Valencia Basket,Valencia Basket,VBC,32401,115,Sale Pista,Substitution - Out,37,FALSE,2,1,47,00:01:47,46,39,0,0,68915,2,4,1,2,2,2,1,0,1,0,0,1,2,10
1,Liga Nacional,Liga Endesa,https://www.acb.com/Documentos/Cabeceras/logo-competicion-1b.png,https://www.acb.com/Documentos/Cabeceras/logo-competicion-4a.png,89,2024,107,104321,30002724,30002724,21102352,Nathan Donald Reuvers ,Nate Reuvers,N. Reuvers,Reuvers,202,FALSE,202,NA,4339,2614,Valencia Basket,Valencia Basket,VBC,32501,112,Entra Pista,Substitution - In,3,FALSE,2,1,47,00:01:47,46,39,0,0,68915,1,3,0,0,1,2,0,0,0,1,0,0,2,4
1,Liga Nacional,Liga Endesa,https://www.acb.com/Documentos/Cabeceras/logo-competicion-1b.png,https://www.acb.com/Documentos/Cabeceras/logo-competicion-4a.png,89,2024,107,104321,30002442,30002442,21102094,Stefan  Jovic ,Stefan Jovic,S. Jovic,Jovic,202,FALSE,202,NA,4339,2614,Valencia Basket,Valencia Basket,VBC,32601,112,Entra Pista,Substitution - In,16,FALSE,2,1,47,00:01:47,46,39,0,0,68915,0,0,0,1,0,0,0,1,0,2,0,1,0,0
1,Liga Nacional,Liga Endesa,https://www.acb.com/Documentos/Cabeceras/logo-competicion-1b.png,https://www.acb.com/Documentos/Cabeceras/logo-competicion-4a.png,89,2024,107,104321,20210392,20210392,20210392,Josep  Puerto Guaita,Josep Puerto,J. Puerto,Puerto,202,FALSE,202,NA,4339,2614,Valencia Basket,Valencia Basket,VBC,32701,112,Entra Pista,Substitution - In,2,FALSE,2,1,47,00:01:47,46,39,0,0,68915,1,2,0,0,0,0,1,0,1,0,0,0,0,3
1,Liga Nacional,Liga Endesa,https://www.acb.com/Documentos/Cabeceras/logo-competicion-1b.png,https://www.acb.com/Documentos/Cabeceras/logo-competicion-4a.png,89,2024,107,104321,30002442,30002442,21102094,Stefan  Jovic ,Stefan Jovic,S. Jovic,Jovic,202,FALSE,202,NA,4339,2614,Valencia Basket,Valencia Basket,VBC,32901,93,Canasta de 2,2-Point Shot Made,16,FALSE,2,1,35,00:01:35,46,41,2369,-2092,68999,0,0,1,2,0,0,0,1,0,2,0,1,0,2
1,Liga Nacional,Liga Endesa,https://www.acb.com/Documentos/Cabeceras/logo-competicion-1b.png,https://www.acb.com/Documentos/Cabeceras/logo-competicion-4a.png,89,2024,107,104321,20201774,20201774,20201774,Sergio  Llull Meliá,Sergio Llull,S. Llull,Llull,202,FALSE,202,NA,4345,2620,Real Madrid,Real Madrid,RMB,33001,98,Intento fallado de 3,3-Point Shot Missed,23,TRUE,2,1,11,00:01:11,46,41,428,-6832,69023,0,2,0,1,0,0,1,3,0,1,0,0,0,0
1,Liga Nacional,Liga Endesa,https://www.acb.com/Documentos/Cabeceras/logo-competicion-1b.png,https://www.acb.com/Documentos/Cabeceras/logo-competicion-4a.png,89,2024,107,104321,20209407,20209407,20209407,Walter Samuel Tavares Da Veiga,Edy Tavares,W. Tavares,Tavares,202,FALSE,202,NA,4345,2620,Real Madrid,Real Madrid,RMB,33101,101,Rebote Ofensivo,Offensive Rebound,22,TRUE,2,1,11,00:01:11,46,41,0,0,69023,0,0,2,2,0,0,4,1,0,1,0,0,2,4
1,Liga Nacional,Liga Endesa,https://www.acb.com/Documentos/Cabeceras/logo-competicion-1b.png,https://www.acb.com/Documentos/Cabeceras/logo-competicion-4a.png,89,2024,107,104321,20209407,20209407,20209407,Walter Samuel Tavares Da Veiga,Edy Tavares,W. Tavares,Tavares,202,FALSE,202,NA,4345,2620,Real Madrid,Real Madrid,RMB,33201,106,Pérdida,Turnover,22,TRUE,2,0,55,00:00:55,46,41,0,0,69039,0,0,2,2,0,0,4,1,0,2,0,0,2,4
1,Liga Nacional,Liga Endesa,https://www.acb.com/Documentos/Cabeceras/logo-competicion-1b.png,https://www.acb.com/Documentos/Cabeceras/logo-competicion-4a.png,89,2024,107,104321,30002724,30002724,21102352,Nathan Donald Reuvers ,Nate Reuvers,N. Reuvers,Reuvers,202,FALSE,202,NA,4339,2614,Valencia Basket,Valencia Basket,VBC,33301,94,Canasta de 3,3-Point Shot Made,3,FALSE,2,0,44,00:00:44,46,44,6023,-4336,69048,2,4,0,0,1,2,0,0,0,1,0,0,2,7
1,Liga Nacional,Liga Endesa,https://www.acb.com/Documentos/Cabeceras/logo-competicion-1b.png,https://www.acb.com/Documentos/Cabeceras/logo-competicion-4a.png,89,2024,107,104321,20210392,20210392,20210392,Josep  Puerto Guaita,Josep Puerto,J. Puerto,Puerto,202,FALSE,202,NA,4339,2614,Valencia Basket,Valencia Basket,VBC,33401,108,Asistencia tiro de 3,Assist 3-Point Shot,2,FALSE,2,0,44,00:00:44,46,44,0,0,69048,1,2,0,0,0,0,1,1,1,0,0,0,0,3
1,Liga Nacional,Liga Endesa,https://www.acb.com/Documentos/Cabeceras/logo-competicion-1b.png,https://www.acb.com/Documentos/Cabeceras/logo-competicion-4a.png,89,2024,107,104321,NA,NA,NA,NA,NA,NA,NA,NA,NA,NA,NA,4345,2620,Real Madrid,Real Madrid,RMB,33801,113,Tiempo Muerto,Timeout,NA,TRUE,2,0,44,00:00:44,46,44,0,0,69056,NA,NA,NA,NA,NA,NA,NA,NA,NA,NA,NA,NA,NA,NA
1,Liga Nacional,Liga Endesa,https://www.acb.com/Documentos/Cabeceras/logo-competicion-1b.png,https://www.acb.com/Documentos/Cabeceras/logo-competicion-4a.png,89,2024,107,104321,20210501,20210501,20210501,Mario  Hezonja ,Mario Hezonja,M. Hezonja,Hezonja,202,FALSE,202,NA,4345,2620,Real Madrid,Real Madrid,RMB,34001,115,Sale Pista,Substitution - Out,11,TRUE,2,0,44,00:00:44,46,44,0,0,69129,1,1,2,3,0,0,1,1,0,0,0,0,0,7
1,Liga Nacional,Liga Endesa,https://www.acb.com/Documentos/Cabeceras/logo-competicion-1b.png,https://www.acb.com/Documentos/Cabeceras/logo-competicion-4a.png,89,2024,107,104321,30001170,30001170,21100997,Dzanan  Musa ,Dzanan Musa,D. Musa,Musa,202,FALSE,202,NA,4345,2620,Real Madrid,Real Madrid,RMB,34101,112,Entra Pista,Substitution - In,13,TRUE,2,0,44,00:00:44,46,44,0,0,69129,1,1,0,1,2,2,2,0,0,1,0,1,1,5
1,Liga Nacional,Liga Endesa,https://www.acb.com/Documentos/Cabeceras/logo-competicion-1b.png,https://www.acb.com/Documentos/Cabeceras/logo-competicion-4a.png,89,2024,107,104321,30000107,30000107,21100103,El Hadji Omar Brancou Badio ,Brancou Badio,B. Badio,Badio,202,FALSE,202,NA,4339,2614,Valencia Basket,Valencia Basket,VBC,34201,115,Sale Pista,Substitution - Out,0,FALSE,2,0,44,00:00:44,46,44,0,0,69129,1,2,2,3,0,0,1,0,2,0,0,2,0,7
1,Liga Nacional,Liga Endesa,https://www.acb.com/Documentos/Cabeceras/logo-competicion-1b.png,https://www.acb.com/Documentos/Cabeceras/logo-competicion-4a.png,89,2024,107,104321,20211660,20211660,20211660,Xabier  López-Arostegui Eskauriaza,Xabi López-Arostegui,López-Arostegui,López-A.,202,FALSE,202,NA,4339,2614,Valencia Basket,Valencia Basket,VBC,34301,112,Entra Pista,Substitution - In,6,FALSE,2,0,44,00:00:44,46,44,0,0,69129,0,0,0,0,2,2,0,3,0,0,0,0,1,2
1,Liga Nacional,Liga Endesa,https://www.acb.com/Documentos/Cabeceras/logo-competicion-1b.png,https://www.acb.com/Documentos/Cabeceras/logo-competicion-4a.png,89,2024,107,104321,30001170,30001170,21100997,Dzanan  Musa ,Dzanan Musa,D. Musa,Musa,202,FALSE,202,NA,4345,2620,Real Madrid,Real Madrid,RMB,34501,98,Intento fallado de 3,3-Point Shot Missed,13,TRUE,2,0,24,00:00:24,46,44,6527,3302,69182,1,2,0,1,2,2,2,0,0,1,0,1,1,5
1,Liga Nacional,Liga Endesa,https://www.acb.com/Documentos/Cabeceras/logo-competicion-1b.png,https://www.acb.com/Documentos/Cabeceras/logo-competicion-4a.png,89,2024,107,104321,30002442,30002442,21102094,Stefan  Jovic ,Stefan Jovic,S. Jovic,Jovic,202,FALSE,202,NA,4339,2614,Valencia Basket,Valencia Basket,VBC,34601,104,Rebote Defensivo,Defensive Rebound,16,FALSE,2,0,24,00:00:24,46,44,0,0,69182,0,0,1,2,0,0,1,1,0,2,0,1,0,2
1,Liga Nacional,Liga Endesa,https://www.acb.com/Documentos/Cabeceras/logo-competicion-1b.png,https://www.acb.com/Documentos/Cabeceras/logo-competicion-4a.png,89,2024,107,104321,20210392,20210392,20210392,Josep  Puerto Guaita,Josep Puerto,J. Puerto,Puerto,202,FALSE,202,NA,4339,2614,Valencia Basket,Valencia Basket,VBC,34701,98,Intento fallado de 3,3-Point Shot Missed,2,FALSE,2,0,8,00:00:08,46,44,7107,4059,69199,1,3,0,0,0,0,1,1,1,0,0,0,0,3
1,Liga Nacional,Liga Endesa,https://www.acb.com/Documentos/Cabeceras/logo-competicion-1b.png,https://www.acb.com/Documentos/Cabeceras/logo-competicion-4a.png,89,2024,107,104321,20209407,20209407,20209407,Walter Samuel Tavares Da Veiga,Edy Tavares,W. Tavares,Tavares,202,FALSE,202,NA,4345,2620,Real Madrid,Real Madrid,RMB,34801,104,Rebote Defensivo,Defensive Rebound,22,TRUE,2,0,8,00:00:08,46,44,0,0,69199,0,0,2,2,0,0,5,1,0,2,0,0,2,4
1,Liga Nacional,Liga Endesa,https://www.acb.com/Documentos/Cabeceras/logo-competicion-1b.png,https://www.acb.com/Documentos/Cabeceras/logo-competicion-4a.png,89,2024,107,104321,20211331,20211331,20211331,Facundo  Campazzo Avedano,Facu Campazzo,F. Campazzo,Campazzo,202,FALSE,202,NA,4345,2620,Real Madrid,Real Madrid,RMB,35101,98,Intento fallado de 3,3-Point Shot Missed,7,TRUE,2,0,1,00:00:01,46,44,16079,-4513,69208,2,5,1,1,2,2,0,3,0,1,0,1,2,10
1,Liga Nacional,Liga Endesa,https://www.acb.com/Documentos/Cabeceras/logo-competicion-1b.png,https://www.acb.com/Documentos/Cabeceras/logo-competicion-4a.png,89,2024,107,104321,NA,NA,NA,NA,NA,NA,NA,NA,NA,NA,NA,NA,NA,NA,NA,NA,35401,116,Final de Periodo,End of the Quarter,NA,FALSE,2,0,0,00:00:00,46,44,0,0,69213,NA,NA,NA,NA,NA,NA,NA,NA,NA,NA,NA,NA,NA,NA
1,Liga Nacional,Liga Endesa,https://www.acb.com/Documentos/Cabeceras/logo-competicion-1b.png,https://www.acb.com/Documentos/Cabeceras/logo-competicion-4a.png,89,2024,107,104321,NA,NA,NA,NA,NA,NA,NA,NA,NA,NA,NA,NA,NA,NA,NA,NA,35501,121,Inicio Periodo,Start of the Quarter,NA,FALSE,3,10,0,00:10:00,46,44,0,0,69213,NA,NA,NA,NA,NA,NA,NA,NA,NA,NA,NA,NA,NA,NA
1,Liga Nacional,Liga Endesa,https://www.acb.com/Documentos/Cabeceras/logo-competicion-1b.png,https://www.acb.com/Documentos/Cabeceras/logo-competicion-4a.png,89,2024,107,104321,20212174,20212174,20212174,Usman  Garuba Alari,Usman Garuba,U. Garuba,Garuba,202,FALSE,202,NA,4345,2620,Real Madrid,Real Madrid,RMB,35701,115,Sale Pista,Substitution - Out,16,TRUE,3,10,0,00:10:00,46,44,0,0,70125,0,0,0,0,0,0,0,0,0,0,0,0,0,0
1,Liga Nacional,Liga Endesa,https://www.acb.com/Documentos/Cabeceras/logo-competicion-1b.png,https://www.acb.com/Documentos/Cabeceras/logo-competicion-4a.png,89,2024,107,104321,20201774,20201774,20201774,Sergio  Llull Meliá,Sergio Llull,S. Llull,Llull,202,FALSE,202,NA,4345,2620,Real Madrid,Real Madrid,RMB,35801,115,Sale Pista,Substitution - Out,23,TRUE,3,10,0,00:10:00,46,44,0,0,70125,0,2,0,1,0,0,1,3,0,1,0,0,0,0
1,Liga Nacional,Liga Endesa,https://www.acb.com/Documentos/Cabeceras/logo-competicion-1b.png,https://www.acb.com/Documentos/Cabeceras/logo-competicion-4a.png,89,2024,107,104321,30001229,30001229,21101034,Eli John Ndiaye Faye,Eli John Ndiaye,E. Ndiaye,Ndiaye,202,FALSE,202,NA,4345,2620,Real Madrid,Real Madrid,RMB,35901,112,Entra Pista,Substitution - In,30,TRUE,3,10,0,00:10:00,46,44,0,0,70125,0,0,2,2,0,0,4,0,0,0,0,1,0,4
1,Liga Nacional,Liga Endesa,https://www.acb.com/Documentos/Cabeceras/logo-competicion-1b.png,https://www.acb.com/Documentos/Cabeceras/logo-competicion-4a.png,89,2024,107,104321,20210088,20210088,20210088,Alberto  Abalde Díaz,Alberto Abalde,A. Abalde,Abalde,202,FALSE,202,NA,4345,2620,Real Madrid,Real Madrid,RMB,36001,112,Entra Pista,Substitution - In,6,TRUE,3,10,0,00:10:00,46,44,0,0,70125,0,0,0,0,0,0,0,1,1,0,0,0,0,0
1,Liga Nacional,Liga Endesa,https://www.acb.com/Documentos/Cabeceras/logo-competicion-1b.png,https://www.acb.com/Documentos/Cabeceras/logo-competicion-4a.png,89,2024,107,104321,20211660,20211660,20211660,Xabier  López-Arostegui Eskauriaza,Xabi López-Arostegui,López-Arostegui,López-A.,202,FALSE,202,NA,4339,2614,Valencia Basket,Valencia Basket,VBC,36101,115,Sale Pista,Substitution - Out,6,FALSE,3,10,0,00:10:00,46,44,0,0,70125,0,0,0,0,2,2,0,3,0,0,0,0,1,2
1,Liga Nacional,Liga Endesa,https://www.acb.com/Documentos/Cabeceras/logo-competicion-1b.png,https://www.acb.com/Documentos/Cabeceras/logo-competicion-4a.png,89,2024,107,104321,30002724,30002724,21102352,Nathan Donald Reuvers ,Nate Reuvers,N. Reuvers,Reuvers,202,FALSE,202,NA,4339,2614,Valencia Basket,Valencia Basket,VBC,36201,115,Sale Pista,Substitution - Out,3,FALSE,3,10,0,00:10:00,46,44,0,0,70125,2,4,0,0,1,2,0,0,0,1,0,0,2,7
1,Liga Nacional,Liga Endesa,https://www.acb.com/Documentos/Cabeceras/logo-competicion-1b.png,https://www.acb.com/Documentos/Cabeceras/logo-competicion-4a.png,89,2024,107,104321,30002442,30002442,21102094,Stefan  Jovic ,Stefan Jovic,S. Jovic,Jovic,202,FALSE,202,NA,4339,2614,Valencia Basket,Valencia Basket,VBC,36301,115,Sale Pista,Substitution - Out,16,FALSE,3,10,0,00:10:00,46,44,0,0,70125,0,0,1,2,0,0,1,1,0,2,0,1,0,2
1,Liga Nacional,Liga Endesa,https://www.acb.com/Documentos/Cabeceras/logo-competicion-1b.png,https://www.acb.com/Documentos/Cabeceras/logo-competicion-4a.png,89,2024,107,104321,20210392,20210392,20210392,Josep  Puerto Guaita,Josep Puerto,J. Puerto,Puerto,202,FALSE,202,NA,4339,2614,Valencia Basket,Valencia Basket,VBC,36401,115,Sale Pista,Substitution - Out,2,FALSE,3,10,0,00:10:00,46,44,0,0,70125,1,3,0,0,0,0,1,1,1,0,0,0,0,3
1,Liga Nacional,Liga Endesa,https://www.acb.com/Documentos/Cabeceras/logo-competicion-1b.png,https://www.acb.com/Documentos/Cabeceras/logo-competicion-4a.png,89,2024,107,104321,30000107,30000107,21100103,El Hadji Omar Brancou Badio ,Brancou Badio,B. Badio,Badio,202,FALSE,202,NA,4339,2614,Valencia Basket,Valencia Basket,VBC,36501,112,Entra Pista,Substitution - In,0,FALSE,3,10,0,00:10:00,46,44,0,0,70125,1,2,2,3,0,0,1,0,2,0,0,2,0,7
1,Liga Nacional,Liga Endesa,https://www.acb.com/Documentos/Cabeceras/logo-competicion-1b.png,https://www.acb.com/Documentos/Cabeceras/logo-competicion-4a.png,89,2024,107,104321,30002811,30002811,21102420,Jesusemilore Talodabijesu Ojeleye ,Semi Ojeleye,S. Ojeleye,Ojeleye,202,FALSE,202,NA,4339,2614,Valencia Basket,Valencia Basket,VBC,36601,112,Entra Pista,Substitution - In,37,FALSE,3,10,0,00:10:00,46,44,0,0,70125,2,4,1,2,2,2,1,0,1,0,0,1,2,10
1,Liga Nacional,Liga Endesa,https://www.acb.com/Documentos/Cabeceras/logo-competicion-1b.png,https://www.acb.com/Documentos/Cabeceras/logo-competicion-4a.png,89,2024,107,104321,30000032,30000032,21100034,Matthew Tyler Costello ,Matt Costello,M. Costello,Costello,202,FALSE,202,NA,4339,2614,Valencia Basket,Valencia Basket,VBC,36701,112,Entra Pista,Substitution - In,24,FALSE,3,10,0,00:10:00,46,44,0,0,70125,0,0,0,0,0,0,2,1,0,0,0,1,0,0
1,Liga Nacional,Liga Endesa,https://www.acb.com/Documentos/Cabeceras/logo-competicion-1b.png,https://www.acb.com/Documentos/Cabeceras/logo-competicion-4a.png,89,2024,107,104321,30000514,30000514,21100451,Jean Claudio Montero Berroa,Jean Montero,J. Montero,Montero,202,FALSE,202,NA,4339,2614,Valencia Basket,Valencia Basket,VBC,36801,112,Entra Pista,Substitution - In,8,FALSE,3,10,0,00:10:00,46,44,0,0,70125,1,3,2,2,0,0,2,3,1,2,0,1,1,7
1,Liga Nacional,Liga Endesa,https://www.acb.com/Documentos/Cabeceras/logo-competicion-1b.png,https://www.acb.com/Documentos/Cabeceras/logo-competicion-4a.png,89,2024,107,104321,30000032,30000032,21100034,Matthew Tyler Costello ,Matt Costello,M. Costello,Costello,202,FALSE,202,NA,4339,2614,Valencia Basket,Valencia Basket,VBC,37001,93,Canasta de 2,2-Point Shot Made,24,FALSE,3,9,46,00:09:46,46,46,983,4991,70176,0,0,1,1,0,0,2,1,0,0,0,1,0,2
1,Liga Nacional,Liga Endesa,https://www.acb.com/Documentos/Cabeceras/logo-competicion-1b.png,https://www.acb.com/Documentos/Cabeceras/logo-competicion-4a.png,89,2024,107,104321,30000514,30000514,21100451,Jean Claudio Montero Berroa,Jean Montero,J. Montero,Montero,202,FALSE,202,NA,4339,2614,Valencia Basket,Valencia Basket,VBC,37101,107,Asistencia tiro de 2,Assist 2-Point Shot,8,FALSE,3,9,46,00:09:46,46,46,0,0,70176,1,3,2,2,0,0,2,4,1,2,0,1,1,7
1,Liga Nacional,Liga Endesa,https://www.acb.com/Documentos/Cabeceras/logo-competicion-1b.png,https://www.acb.com/Documentos/Cabeceras/logo-competicion-4a.png,89,2024,107,104321,30001170,30001170,21100997,Dzanan  Musa ,Dzanan Musa,D. Musa,Musa,202,FALSE,202,NA,4345,2620,Real Madrid,Real Madrid,RMB,37201,98,Intento fallado de 3,3-Point Shot Missed,13,TRUE,3,9,29,00:09:29,46,46,7258,2597,70193,1,3,0,1,2,2,2,0,0,1,0,1,1,5
1,Liga Nacional,Liga Endesa,https://www.acb.com/Documentos/Cabeceras/logo-competicion-1b.png,https://www.acb.com/Documentos/Cabeceras/logo-competicion-4a.png,89,2024,107,104321,30001229,30001229,21101034,Eli John Ndiaye Faye,Eli John Ndiaye,E. Ndiaye,Ndiaye,202,FALSE,202,NA,4345,2620,Real Madrid,Real Madrid,RMB,37301,101,Rebote Ofensivo,Offensive Rebound,30,TRUE,3,9,29,00:09:29,46,46,0,0,70193,0,0,2,2,0,0,5,0,0,0,0,1,0,4
1,Liga Nacional,Liga Endesa,https://www.acb.com/Documentos/Cabeceras/logo-competicion-1b.png,https://www.acb.com/Documentos/Cabeceras/logo-competicion-4a.png,89,2024,107,104321,30001170,30001170,21100997,Dzanan  Musa ,Dzanan Musa,D. Musa,Musa,202,FALSE,202,NA,4345,2620,Real Madrid,Real Madrid,RMB,37401,94,Canasta de 3,3-Point Shot Made,13,TRUE,3,9,16,00:09:16,49,46,6124,-4739,70207,2,4,0,1,2,2,2,0,0,1,0,1,1,8
1,Liga Nacional,Liga Endesa,https://www.acb.com/Documentos/Cabeceras/logo-competicion-1b.png,https://www.acb.com/Documentos/Cabeceras/logo-competicion-4a.png,89,2024,107,104321,20210088,20210088,20210088,Alberto  Abalde Díaz,Alberto Abalde,A. Abalde,Abalde,202,FALSE,202,NA,4345,2620,Real Madrid,Real Madrid,RMB,37501,108,Asistencia tiro de 3,Assist 3-Point Shot,6,TRUE,3,9,16,00:09:16,49,46,0,0,70207,0,0,0,0,0,0,0,2,1,0,0,0,0,0
1,Liga Nacional,Liga Endesa,https://www.acb.com/Documentos/Cabeceras/logo-competicion-1b.png,https://www.acb.com/Documentos/Cabeceras/logo-competicion-4a.png,89,2024,107,104321,30000107,30000107,21100103,El Hadji Omar Brancou Badio ,Brancou Badio,B. Badio,Badio,202,FALSE,202,NA,4339,2614,Valencia Basket,Valencia Basket,VBC,37601,98,Intento fallado de 3,3-Point Shot Missed,0,FALSE,3,9,4,00:09:04,49,46,7006,151,70218,1,3,2,3,0,0,1,0,2,0,0,2,0,7
1,Liga Nacional,Liga Endesa,https://www.acb.com/Documentos/Cabeceras/logo-competicion-1b.png,https://www.acb.com/Documentos/Cabeceras/logo-competicion-4a.png,89,2024,107,104321,20209407,20209407,20209407,Walter Samuel Tavares Da Veiga,Edy Tavares,W. Tavares,Tavares,202,FALSE,202,NA,4345,2620,Real Madrid,Real Madrid,RMB,37701,104,Rebote Defensivo,Defensive Rebound,22,TRUE,3,9,4,00:09:04,49,46,0,0,70218,0,0,2,2,0,0,6,1,0,2,0,0,2,4
1,Liga Nacional,Liga Endesa,https://www.acb.com/Documentos/Cabeceras/logo-competicion-1b.png,https://www.acb.com/Documentos/Cabeceras/logo-competicion-4a.png,89,2024,107,104321,20210088,20210088,20210088,Alberto  Abalde Díaz,Alberto Abalde,A. Abalde,Abalde,202,FALSE,202,NA,4345,2620,Real Madrid,Real Madrid,RMB,37801,98,Intento fallado de 3,3-Point Shot Missed,6,TRUE,3,8,42,00:08:42,49,46,2974,-7033,70239,0,1,0,0,0,0,0,2,1,0,0,0,0,0
1,Liga Nacional,Liga Endesa,https://www.acb.com/Documentos/Cabeceras/logo-competicion-1b.png,https://www.acb.com/Documentos/Cabeceras/logo-competicion-4a.png,89,2024,107,104321,20210088,20210088,20210088,Alberto  Abalde Díaz,Alberto Abalde,A. Abalde,Abalde,202,FALSE,202,NA,4345,2620,Real Madrid,Real Madrid,RMB,37901,101,Rebote Ofensivo,Offensive Rebound,6,TRUE,3,8,42,00:08:42,49,46,0,0,70239,0,1,0,0,0,0,1,2,1,0,0,0,0,0
1,Liga Nacional,Liga Endesa,https://www.acb.com/Documentos/Cabeceras/logo-competicion-1b.png,https://www.acb.com/Documentos/Cabeceras/logo-competicion-4a.png,89,2024,107,104321,20210088,20210088,20210088,Alberto  Abalde Díaz,Alberto Abalde,A. Abalde,Abalde,202,FALSE,202,NA,4345,2620,Real Madrid,Real Madrid,RMB,38001,94,Canasta de 3,3-Point Shot Made,6,TRUE,3,8,36,00:08:36,52,46,7435,76,70246,1,2,0,0,0,0,1,2,1,0,0,0,0,3
1,Liga Nacional,Liga Endesa,https://www.acb.com/Documentos/Cabeceras/logo-competicion-1b.png,https://www.acb.com/Documentos/Cabeceras/logo-competicion-4a.png,89,2024,107,104321,30000514,30000514,21100451,Jean Claudio Montero Berroa,Jean Montero,J. Montero,Montero,202,FALSE,202,NA,4339,2614,Valencia Basket,Valencia Basket,VBC,38401,97,Intento fallado de 2,2-Point Shot Missed,8,FALSE,3,8,19,00:08:19,52,46,4839,-1160,70266,1,3,2,3,0,0,2,4,1,2,0,1,1,7
1,Liga Nacional,Liga Endesa,https://www.acb.com/Documentos/Cabeceras/logo-competicion-1b.png,https://www.acb.com/Documentos/Cabeceras/logo-competicion-4a.png,89,2024,107,104321,30000514,30000514,21100451,Jean Claudio Montero Berroa,Jean Montero,J. Montero,Montero,202,FALSE,202,NA,4339,2614,Valencia Basket,Valencia Basket,VBC,38501,101,Rebote Ofensivo,Offensive Rebound,8,FALSE,3,8,19,00:08:19,52,46,0,0,70266,1,3,2,3,0,0,3,4,1,2,0,1,1,7
1,Liga Nacional,Liga Endesa,https://www.acb.com/Documentos/Cabeceras/logo-competicion-1b.png,https://www.acb.com/Documentos/Cabeceras/logo-competicion-4a.png,89,2024,107,104321,30000032,30000032,21100034,Matthew Tyler Costello ,Matt Costello,M. Costello,Costello,202,FALSE,202,NA,4339,2614,Valencia Basket,Valencia Basket,VBC,38601,93,Canasta de 2,2-Point Shot Made,24,FALSE,3,8,12,00:08:12,52,48,0,1109,70273,0,0,2,2,0,0,2,1,0,0,0,1,0,4
1,Liga Nacional,Liga Endesa,https://www.acb.com/Documentos/Cabeceras/logo-competicion-1b.png,https://www.acb.com/Documentos/Cabeceras/logo-competicion-4a.png,89,2024,107,104321,30000514,30000514,21100451,Jean Claudio Montero Berroa,Jean Montero,J. Montero,Montero,202,FALSE,202,NA,4339,2614,Valencia Basket,Valencia Basket,VBC,38701,107,Asistencia tiro de 2,Assist 2-Point Shot,8,FALSE,3,8,12,00:08:12,52,48,0,0,70273,1,3,2,3,0,0,3,5,1,2,0,1,1,7
1,Liga Nacional,Liga Endesa,https://www.acb.com/Documentos/Cabeceras/logo-competicion-1b.png,https://www.acb.com/Documentos/Cabeceras/logo-competicion-4a.png,89,2024,107,104321,30001170,30001170,21100997,Dzanan  Musa ,Dzanan Musa,D. Musa,Musa,202,FALSE,202,NA,4345,2620,Real Madrid,Real Madrid,RMB,38901,98,Intento fallado de 3,3-Point Shot Missed,13,TRUE,3,7,45,00:07:45,52,48,5721,4841,70298,2,5,0,1,2,2,2,0,0,1,0,1,1,8
1,Liga Nacional,Liga Endesa,https://www.acb.com/Documentos/Cabeceras/logo-competicion-1b.png,https://www.acb.com/Documentos/Cabeceras/logo-competicion-4a.png,89,2024,107,104321,30000032,30000032,21100034,Matthew Tyler Costello ,Matt Costello,M. Costello,Costello,202,FALSE,202,NA,4339,2614,Valencia Basket,Valencia Basket,VBC,39001,104,Rebote Defensivo,Defensive Rebound,24,FALSE,3,7,45,00:07:45,52,48,0,0,70298,0,0,2,2,0,0,3,1,0,0,0,1,0,4
1,Liga Nacional,Liga Endesa,https://www.acb.com/Documentos/Cabeceras/logo-competicion-1b.png,https://www.acb.com/Documentos/Cabeceras/logo-competicion-4a.png,89,2024,107,104321,30000514,30000514,21100451,Jean Claudio Montero Berroa,Jean Montero,J. Montero,Montero,202,FALSE,202,NA,4339,2614,Valencia Basket,Valencia Basket,VBC,39301,97,Intento fallado de 2,2-Point Shot Missed,8,FALSE,3,7,30,00:07:30,52,48,731,1638,70313,1,3,2,4,0,0,3,5,1,2,0,1,1,7
1,Liga Nacional,Liga Endesa,https://www.acb.com/Documentos/Cabeceras/logo-competicion-1b.png,https://www.acb.com/Documentos/Cabeceras/logo-competicion-4a.png,89,2024,107,104321,20211331,20211331,20211331,Facundo  Campazzo Avedano,Facu Campazzo,F. Campazzo,Campazzo,202,FALSE,202,NA,4345,2620,Real Madrid,Real Madrid,RMB,39401,104,Rebote Defensivo,Defensive Rebound,7,TRUE,3,7,30,00:07:30,52,48,0,0,70313,2,5,1,1,2,2,1,3,0,1,0,1,2,10
1,Liga Nacional,Liga Endesa,https://www.acb.com/Documentos/Cabeceras/logo-competicion-1b.png,https://www.acb.com/Documentos/Cabeceras/logo-competicion-4a.png,89,2024,107,104321,30001170,30001170,21100997,Dzanan  Musa ,Dzanan Musa,D. Musa,Musa,202,FALSE,202,NA,4345,2620,Real Madrid,Real Madrid,RMB,39701,93,Canasta de 2,2-Point Shot Made,13,TRUE,3,7,22,00:07:22,54,48,0,353,70323,2,5,1,2,2,2,2,0,0,1,0,1,1,10
1,Liga Nacional,Liga Endesa,https://www.acb.com/Documentos/Cabeceras/logo-competicion-1b.png,https://www.acb.com/Documentos/Cabeceras/logo-competicion-4a.png,89,2024,107,104321,30000032,30000032,21100034,Matthew Tyler Costello ,Matt Costello,M. Costello,Costello,202,FALSE,202,NA,4339,2614,Valencia Basket,Valencia Basket,VBC,39901,160,Personal 1TL,Foul 1FT,24,FALSE,3,7,22,00:07:22,54,48,0,0,70329,0,0,2,2,0,0,3,1,0,0,0,2,0,4
1,Liga Nacional,Liga Endesa,https://www.acb.com/Documentos/Cabeceras/logo-competicion-1b.png,https://www.acb.com/Documentos/Cabeceras/logo-competicion-4a.png,89,2024,107,104321,30001170,30001170,21100997,Dzanan  Musa ,Dzanan Musa,D. Musa,Musa,202,FALSE,202,NA,4345,2620,Real Madrid,Real Madrid,RMB,40001,110,Falta recibida,Foul Received,13,TRUE,3,7,22,00:07:22,54,48,0,0,70329,2,5,1,2,2,2,2,0,0,1,0,1,2,10
1,Liga Nacional,Liga Endesa,https://www.acb.com/Documentos/Cabeceras/logo-competicion-1b.png,https://www.acb.com/Documentos/Cabeceras/logo-competicion-4a.png,89,2024,107,104321,30001170,30001170,21100997,Dzanan  Musa ,Dzanan Musa,D. Musa,Musa,202,FALSE,202,NA,4345,2620,Real Madrid,Real Madrid,RMB,40101,92,Canasta de 1,Free Throw Made,13,TRUE,3,7,22,00:07:22,55,48,0,0,70362,2,5,1,2,3,3,2,0,0,1,0,1,2,11
1,Liga Nacional,Liga Endesa,https://www.acb.com/Documentos/Cabeceras/logo-competicion-1b.png,https://www.acb.com/Documentos/Cabeceras/logo-competicion-4a.png,89,2024,107,104321,20211129,20211129,20211129,Jaime  Pradilla Gayán,Jaime Pradilla,J. Pradilla,Pradilla,202,FALSE,202,NA,4339,2614,Valencia Basket,Valencia Basket,VBC,40401,93,Canasta de 2,2-Point Shot Made,4,FALSE,3,7,9,00:07:09,55,50,227,832,70378,0,2,2,2,0,0,0,0,0,0,0,0,0,4
1,Liga Nacional,Liga Endesa,https://www.acb.com/Documentos/Cabeceras/logo-competicion-1b.png,https://www.acb.com/Documentos/Cabeceras/logo-competicion-4a.png,89,2024,107,104321,30000107,30000107,21100103,El Hadji Omar Brancou Badio ,Brancou Badio,B. Badio,Badio,202,FALSE,202,NA,4339,2614,Valencia Basket,Valencia Basket,VBC,40501,107,Asistencia tiro de 2,Assist 2-Point Shot,0,FALSE,3,7,9,00:07:09,55,50,0,0,70378,1,3,2,3,0,0,1,1,2,0,0,2,0,7
1,Liga Nacional,Liga Endesa,https://www.acb.com/Documentos/Cabeceras/logo-competicion-1b.png,https://www.acb.com/Documentos/Cabeceras/logo-competicion-4a.png,89,2024,107,104321,20209407,20209407,20209407,Walter Samuel Tavares Da Veiga,Edy Tavares,W. Tavares,Tavares,202,FALSE,202,NA,4345,2620,Real Madrid,Real Madrid,RMB,40601,97,Intento fallado de 2,2-Point Shot Missed,22,TRUE,3,6,57,00:06:57,55,50,857,1311,70390,0,0,2,3,0,0,6,1,0,2,0,0,2,4
1,Liga Nacional,Liga Endesa,https://www.acb.com/Documentos/Cabeceras/logo-competicion-1b.png,https://www.acb.com/Documentos/Cabeceras/logo-competicion-4a.png,89,2024,107,104321,20211129,20211129,20211129,Jaime  Pradilla Gayán,Jaime Pradilla,J. Pradilla,Pradilla,202,FALSE,202,NA,4339,2614,Valencia Basket,Valencia Basket,VBC,40701,104,Rebote Defensivo,Defensive Rebound,4,FALSE,3,6,57,00:06:57,55,50,0,0,70390,0,2,2,2,0,0,1,0,0,0,0,0,0,4
1,Liga Nacional,Liga Endesa,https://www.acb.com/Documentos/Cabeceras/logo-competicion-1b.png,https://www.acb.com/Documentos/Cabeceras/logo-competicion-4a.png,89,2024,107,104321,30001170,30001170,21100997,Dzanan  Musa ,Dzanan Musa,D. Musa,Musa,202,FALSE,202,NA,4345,2620,Real Madrid,Real Madrid,RMB,41001,159,Personal no TL,Foul No FT,13,TRUE,3,6,53,00:06:53,55,50,0,0,70395,2,5,1,2,3,3,2,0,0,1,0,2,2,11
1,Liga Nacional,Liga Endesa,https://www.acb.com/Documentos/Cabeceras/logo-competicion-1b.png,https://www.acb.com/Documentos/Cabeceras/logo-competicion-4a.png,89,2024,107,104321,30000514,30000514,21100451,Jean Claudio Montero Berroa,Jean Montero,J. Montero,Montero,202,FALSE,202,NA,4339,2614,Valencia Basket,Valencia Basket,VBC,41101,110,Falta recibida,Foul Received,8,FALSE,3,6,53,00:06:53,55,50,0,0,70395,1,3,2,4,0,0,3,5,1,2,0,1,2,7
1,Liga Nacional,Liga Endesa,https://www.acb.com/Documentos/Cabeceras/logo-competicion-1b.png,https://www.acb.com/Documentos/Cabeceras/logo-competicion-4a.png,89,2024,107,104321,20211129,20211129,20211129,Jaime  Pradilla Gayán,Jaime Pradilla,J. Pradilla,Pradilla,202,FALSE,202,NA,4339,2614,Valencia Basket,Valencia Basket,VBC,41301,97,Intento fallado de 2,2-Point Shot Missed,4,FALSE,3,6,43,00:06:43,55,50,76,806,70437,0,2,2,3,0,0,1,0,0,0,0,0,0,4
1,Liga Nacional,Liga Endesa,https://www.acb.com/Documentos/Cabeceras/logo-competicion-1b.png,https://www.acb.com/Documentos/Cabeceras/logo-competicion-4a.png,89,2024,107,104321,30001229,30001229,21101034,Eli John Ndiaye Faye,Eli John Ndiaye,E. Ndiaye,Ndiaye,202,FALSE,202,NA,4345,2620,Real Madrid,Real Madrid,RMB,41401,104,Rebote Defensivo,Defensive Rebound,30,TRUE,3,6,43,00:06:43,55,50,0,0,70437,0,0,2,2,0,0,6,0,0,0,0,1,0,4
1,Liga Nacional,Liga Endesa,https://www.acb.com/Documentos/Cabeceras/logo-competicion-1b.png,https://www.acb.com/Documentos/Cabeceras/logo-competicion-4a.png,89,2024,107,104321,20209407,20209407,20209407,Walter Samuel Tavares Da Veiga,Edy Tavares,W. Tavares,Tavares,202,FALSE,202,NA,4345,2620,Real Madrid,Real Madrid,RMB,41501,97,Intento fallado de 2,2-Point Shot Missed,22,TRUE,3,6,35,00:06:35,55,50,1235,-1184,70445,0,0,2,4,0,0,6,1,0,2,0,0,2,4
1,Liga Nacional,Liga Endesa,https://www.acb.com/Documentos/Cabeceras/logo-competicion-1b.png,https://www.acb.com/Documentos/Cabeceras/logo-competicion-4a.png,89,2024,107,104321,30000032,30000032,21100034,Matthew Tyler Costello ,Matt Costello,M. Costello,Costello,202,FALSE,202,NA,4339,2614,Valencia Basket,Valencia Basket,VBC,41601,104,Rebote Defensivo,Defensive Rebound,24,FALSE,3,6,35,00:06:35,55,50,0,0,70445,0,0,2,2,0,0,4,1,0,0,0,2,0,4
1,Liga Nacional,Liga Endesa,https://www.acb.com/Documentos/Cabeceras/logo-competicion-1b.png,https://www.acb.com/Documentos/Cabeceras/logo-competicion-4a.png,89,2024,107,104321,30000107,30000107,21100103,El Hadji Omar Brancou Badio ,Brancou Badio,B. Badio,Badio,202,FALSE,202,NA,4339,2614,Valencia Basket,Valencia Basket,VBC,41701,106,Pérdida,Turnover,0,FALSE,3,6,26,00:06:26,55,50,0,0,70454,1,3,2,3,0,0,1,1,2,1,0,2,0,7
1,Liga Nacional,Liga Endesa,https://www.acb.com/Documentos/Cabeceras/logo-competicion-1b.png,https://www.acb.com/Documentos/Cabeceras/logo-competicion-4a.png,89,2024,107,104321,20211331,20211331,20211331,Facundo  Campazzo Avedano,Facu Campazzo,F. Campazzo,Campazzo,202,FALSE,202,NA,4345,2620,Real Madrid,Real Madrid,RMB,41801,103,Recuperación,Steal,7,TRUE,3,6,26,00:06:26,55,50,0,0,70454,2,5,1,1,2,2,1,3,1,1,0,1,2,10
1,Liga Nacional,Liga Endesa,https://www.acb.com/Documentos/Cabeceras/logo-competicion-1b.png,https://www.acb.com/Documentos/Cabeceras/logo-competicion-4a.png,89,2024,107,104321,30001170,30001170,21100997,Dzanan  Musa ,Dzanan Musa,D. Musa,Musa,202,FALSE,202,NA,4345,2620,Real Madrid,Real Madrid,RMB,41901,98,Intento fallado de 3,3-Point Shot Missed,13,TRUE,3,6,7,00:06:07,55,50,554,-7033,70473,2,6,1,2,3,3,2,0,0,1,0,2,2,11
1,Liga Nacional,Liga Endesa,https://www.acb.com/Documentos/Cabeceras/logo-competicion-1b.png,https://www.acb.com/Documentos/Cabeceras/logo-competicion-4a.png,89,2024,107,104321,20211129,20211129,20211129,Jaime  Pradilla Gayán,Jaime Pradilla,J. Pradilla,Pradilla,202,FALSE,202,NA,4339,2614,Valencia Basket,Valencia Basket,VBC,42001,104,Rebote Defensivo,Defensive Rebound,4,FALSE,3,6,7,00:06:07,55,50,0,0,70473,0,2,2,3,0,0,2,0,0,0,0,0,0,4
1,Liga Nacional,Liga Endesa,https://www.acb.com/Documentos/Cabeceras/logo-competicion-1b.png,https://www.acb.com/Documentos/Cabeceras/logo-competicion-4a.png,89,2024,107,104321,20211129,20211129,20211129,Jaime  Pradilla Gayán,Jaime Pradilla,J. Pradilla,Pradilla,202,FALSE,202,NA,4339,2614,Valencia Basket,Valencia Basket,VBC,42101,93,Canasta de 2,2-Point Shot Made,4,FALSE,3,6,0,00:06:00,55,52,655,907,70480,0,2,3,4,0,0,2,0,0,0,0,0,0,6
1,Liga Nacional,Liga Endesa,https://www.acb.com/Documentos/Cabeceras/logo-competicion-1b.png,https://www.acb.com/Documentos/Cabeceras/logo-competicion-4a.png,89,2024,107,104321,20211331,20211331,20211331,Facundo  Campazzo Avedano,Facu Campazzo,F. Campazzo,Campazzo,202,FALSE,202,NA,4345,2620,Real Madrid,Real Madrid,RMB,42301,97,Intento fallado de 2,2-Point Shot Missed,7,TRUE,3,5,42,00:05:42,55,52,2445,1236,70498,2,5,1,2,2,2,1,3,1,1,0,1,2,10
1,Liga Nacional,Liga Endesa,https://www.acb.com/Documentos/Cabeceras/logo-competicion-1b.png,https://www.acb.com/Documentos/Cabeceras/logo-competicion-4a.png,89,2024,107,104321,30000032,30000032,21100034,Matthew Tyler Costello ,Matt Costello,M. Costello,Costello,202,FALSE,202,NA,4339,2614,Valencia Basket,Valencia Basket,VBC,42401,104,Rebote Defensivo,Defensive Rebound,24,FALSE,3,5,42,00:05:42,55,52,0,0,70498,0,0,2,2,0,0,5,1,0,0,0,2,0,4
1,Liga Nacional,Liga Endesa,https://www.acb.com/Documentos/Cabeceras/logo-competicion-1b.png,https://www.acb.com/Documentos/Cabeceras/logo-competicion-4a.png,89,2024,107,104321,30000032,30000032,21100034,Matthew Tyler Costello ,Matt Costello,M. Costello,Costello,202,FALSE,202,NA,4339,2614,Valencia Basket,Valencia Basket,VBC,42601,106,Pérdida,Turnover,24,FALSE,3,5,38,00:05:38,55,52,0,0,70502,0,0,2,2,0,0,5,1,0,1,0,2,0,4
1,Liga Nacional,Liga Endesa,https://www.acb.com/Documentos/Cabeceras/logo-competicion-1b.png,https://www.acb.com/Documentos/Cabeceras/logo-competicion-4a.png,89,2024,107,104321,30001170,30001170,21100997,Dzanan  Musa ,Dzanan Musa,D. Musa,Musa,202,FALSE,202,NA,4345,2620,Real Madrid,Real Madrid,RMB,42701,103,Recuperación,Steal,13,TRUE,3,5,38,00:05:38,55,52,0,0,70502,2,6,1,2,3,3,2,0,1,1,0,2,2,11
1,Liga Nacional,Liga Endesa,https://www.acb.com/Documentos/Cabeceras/logo-competicion-1b.png,https://www.acb.com/Documentos/Cabeceras/logo-competicion-4a.png,89,2024,107,104321,30000032,30000032,21100034,Matthew Tyler Costello ,Matt Costello,M. Costello,Costello,202,FALSE,202,NA,4339,2614,Valencia Basket,Valencia Basket,VBC,42801,159,Personal no TL,Foul No FT,24,FALSE,3,5,38,00:05:38,55,52,0,0,70507,0,0,2,2,0,0,5,1,0,1,0,3,0,4
1,Liga Nacional,Liga Endesa,https://www.acb.com/Documentos/Cabeceras/logo-competicion-1b.png,https://www.acb.com/Documentos/Cabeceras/logo-competicion-4a.png,89,2024,107,104321,30001170,30001170,21100997,Dzanan  Musa ,Dzanan Musa,D. Musa,Musa,202,FALSE,202,NA,4345,2620,Real Madrid,Real Madrid,RMB,42901,110,Falta recibida,Foul Received,13,TRUE,3,5,38,00:05:38,55,52,0,0,70507,2,6,1,2,3,3,2,0,1,1,0,2,3,11
1,Liga Nacional,Liga Endesa,https://www.acb.com/Documentos/Cabeceras/logo-competicion-1b.png,https://www.acb.com/Documentos/Cabeceras/logo-competicion-4a.png,89,2024,107,104321,20209407,20209407,20209407,Walter Samuel Tavares Da Veiga,Edy Tavares,W. Tavares,Tavares,202,FALSE,202,NA,4345,2620,Real Madrid,Real Madrid,RMB,43101,115,Sale Pista,Substitution - Out,22,TRUE,3,5,38,00:05:38,55,52,0,0,70513,0,0,2,4,0,0,6,1,0,2,0,0,2,4
1,Liga Nacional,Liga Endesa,https://www.acb.com/Documentos/Cabeceras/logo-competicion-1b.png,https://www.acb.com/Documentos/Cabeceras/logo-competicion-4a.png,89,2024,107,104321,30003852,30003852,21103387,Bruno Afonso David Fernando ,Bruno Fernando,B. Fernando,Fernando,202,FALSE,202,NA,4345,2620,Real Madrid,Real Madrid,RMB,43201,112,Entra Pista,Substitution - In,20,TRUE,3,5,38,00:05:38,55,52,0,0,70513,0,0,4,4,0,0,0,0,0,1,0,1,0,8
1,Liga Nacional,Liga Endesa,https://www.acb.com/Documentos/Cabeceras/logo-competicion-1b.png,https://www.acb.com/Documentos/Cabeceras/logo-competicion-4a.png,89,2024,107,104321,30000107,30000107,21100103,El Hadji Omar Brancou Badio ,Brancou Badio,B. Badio,Badio,202,FALSE,202,NA,4339,2614,Valencia Basket,Valencia Basket,VBC,43301,115,Sale Pista,Substitution - Out,0,FALSE,3,5,38,00:05:38,55,52,0,0,70513,1,3,2,3,0,0,1,1,2,1,0,2,0,7
1,Liga Nacional,Liga Endesa,https://www.acb.com/Documentos/Cabeceras/logo-competicion-1b.png,https://www.acb.com/Documentos/Cabeceras/logo-competicion-4a.png,89,2024,107,104321,30000032,30000032,21100034,Matthew Tyler Costello ,Matt Costello,M. Costello,Costello,202,FALSE,202,NA,4339,2614,Valencia Basket,Valencia Basket,VBC,43401,115,Sale Pista,Substitution - Out,24,FALSE,3,5,38,00:05:38,55,52,0,0,70513,0,0,2,2,0,0,5,1,0,1,0,3,0,4
1,Liga Nacional,Liga Endesa,https://www.acb.com/Documentos/Cabeceras/logo-competicion-1b.png,https://www.acb.com/Documentos/Cabeceras/logo-competicion-4a.png,89,2024,107,104321,30002724,30002724,21102352,Nathan Donald Reuvers ,Nate Reuvers,N. Reuvers,Reuvers,202,FALSE,202,NA,4339,2614,Valencia Basket,Valencia Basket,VBC,43501,112,Entra Pista,Substitution - In,3,FALSE,3,5,38,00:05:38,55,52,0,0,70513,2,4,0,0,1,2,0,0,0,1,0,0,2,7
1,Liga Nacional,Liga Endesa,https://www.acb.com/Documentos/Cabeceras/logo-competicion-1b.png,https://www.acb.com/Documentos/Cabeceras/logo-competicion-4a.png,89,2024,107,104321,20211660,20211660,20211660,Xabier  López-Arostegui Eskauriaza,Xabi López-Arostegui,López-Arostegui,López-A.,202,FALSE,202,NA,4339,2614,Valencia Basket,Valencia Basket,VBC,43601,112,Entra Pista,Substitution - In,6,FALSE,3,5,38,00:05:38,55,52,0,0,70513,0,0,0,0,2,2,0,3,0,0,0,0,1,2
1,Liga Nacional,Liga Endesa,https://www.acb.com/Documentos/Cabeceras/logo-competicion-1b.png,https://www.acb.com/Documentos/Cabeceras/logo-competicion-4a.png,89,2024,107,104321,NA,NA,NA,NA,NA,NA,NA,NA,NA,NA,NA,NA,NA,NA,NA,NA,43701,416,IR - Challenge entrenador local,NA,NA,FALSE,3,5,38,00:05:38,55,52,0,0,70536,NA,NA,NA,NA,NA,NA,NA,NA,NA,NA,NA,NA,NA,NA
1,Liga Nacional,Liga Endesa,https://www.acb.com/Documentos/Cabeceras/logo-competicion-1b.png,https://www.acb.com/Documentos/Cabeceras/logo-competicion-4a.png,89,2024,107,104321,NA,NA,NA,NA,NA,NA,NA,NA,NA,NA,NA,4345,2620,Real Madrid,Real Madrid,RMB,43901,749,IR - Challenge perdido,IR - Challenge lost,NA,TRUE,3,5,38,00:05:38,55,52,0,0,70614,NA,NA,NA,NA,NA,NA,NA,NA,NA,NA,NA,NA,NA,NA
1,Liga Nacional,Liga Endesa,https://www.acb.com/Documentos/Cabeceras/logo-competicion-1b.png,https://www.acb.com/Documentos/Cabeceras/logo-competicion-4a.png,89,2024,107,104321,20210088,20210088,20210088,Alberto  Abalde Díaz,Alberto Abalde,A. Abalde,Abalde,202,FALSE,202,NA,4345,2620,Real Madrid,Real Madrid,RMB,44201,93,Canasta de 2,2-Point Shot Made,6,TRUE,3,5,32,00:05:32,57,52,857,1059,70635,1,2,1,1,0,0,1,2,1,0,0,0,0,5
1,Liga Nacional,Liga Endesa,https://www.acb.com/Documentos/Cabeceras/logo-competicion-1b.png,https://www.acb.com/Documentos/Cabeceras/logo-competicion-4a.png,89,2024,107,104321,30002811,30002811,21102420,Jesusemilore Talodabijesu Ojeleye ,Semi Ojeleye,S. Ojeleye,Ojeleye,202,FALSE,202,NA,4339,2614,Valencia Basket,Valencia Basket,VBC,44301,97,Intento fallado de 2,2-Point Shot Missed,37,FALSE,3,5,12,00:05:12,57,52,4763,-1387,70655,2,4,1,3,2,2,1,0,1,0,0,1,2,10
1,Liga Nacional,Liga Endesa,https://www.acb.com/Documentos/Cabeceras/logo-competicion-1b.png,https://www.acb.com/Documentos/Cabeceras/logo-competicion-4a.png,89,2024,107,104321,30003852,30003852,21103387,Bruno Afonso David Fernando ,Bruno Fernando,B. Fernando,Fernando,202,FALSE,202,NA,4345,2620,Real Madrid,Real Madrid,RMB,44401,104,Rebote Defensivo,Defensive Rebound,20,TRUE,3,5,12,00:05:12,57,52,0,0,70655,0,0,4,4,0,0,1,0,0,1,0,1,0,8
1,Liga Nacional,Liga Endesa,https://www.acb.com/Documentos/Cabeceras/logo-competicion-1b.png,https://www.acb.com/Documentos/Cabeceras/logo-competicion-4a.png,89,2024,107,104321,30000514,30000514,21100451,Jean Claudio Montero Berroa,Jean Montero,J. Montero,Montero,202,FALSE,202,NA,4339,2614,Valencia Basket,Valencia Basket,VBC,44801,159,Personal no TL,Foul No FT,8,FALSE,3,5,5,00:05:05,57,52,0,0,70663,1,3,2,4,0,0,3,5,1,2,0,2,2,7
1,Liga Nacional,Liga Endesa,https://www.acb.com/Documentos/Cabeceras/logo-competicion-1b.png,https://www.acb.com/Documentos/Cabeceras/logo-competicion-4a.png,89,2024,107,104321,20211331,20211331,20211331,Facundo  Campazzo Avedano,Facu Campazzo,F. Campazzo,Campazzo,202,FALSE,202,NA,4345,2620,Real Madrid,Real Madrid,RMB,44901,110,Falta recibida,Foul Received,7,TRUE,3,5,5,00:05:05,57,52,0,0,70663,2,5,1,2,2,2,1,3,1,1,0,1,3,10
1,Liga Nacional,Liga Endesa,https://www.acb.com/Documentos/Cabeceras/logo-competicion-1b.png,https://www.acb.com/Documentos/Cabeceras/logo-competicion-4a.png,89,2024,107,104321,30002811,30002811,21102420,Jesusemilore Talodabijesu Ojeleye ,Semi Ojeleye,S. Ojeleye,Ojeleye,202,FALSE,202,NA,4339,2614,Valencia Basket,Valencia Basket,VBC,45101,115,Sale Pista,Substitution - Out,37,FALSE,3,5,5,00:05:05,57,52,0,0,70669,2,4,1,3,2,2,1,0,1,0,0,1,2,10
1,Liga Nacional,Liga Endesa,https://www.acb.com/Documentos/Cabeceras/logo-competicion-1b.png,https://www.acb.com/Documentos/Cabeceras/logo-competicion-4a.png,89,2024,107,104321,20210392,20210392,20210392,Josep  Puerto Guaita,Josep Puerto,J. Puerto,Puerto,202,FALSE,202,NA,4339,2614,Valencia Basket,Valencia Basket,VBC,45201,112,Entra Pista,Substitution - In,2,FALSE,3,5,5,00:05:05,57,52,0,0,70669,1,3,0,0,0,0,1,1,1,0,0,0,0,3
1,Liga Nacional,Liga Endesa,https://www.acb.com/Documentos/Cabeceras/logo-competicion-1b.png,https://www.acb.com/Documentos/Cabeceras/logo-competicion-4a.png,89,2024,107,104321,30003852,30003852,21103387,Bruno Afonso David Fernando ,Bruno Fernando,B. Fernando,Fernando,202,FALSE,202,NA,4345,2620,Real Madrid,Real Madrid,RMB,45401,93,Canasta de 2,2-Point Shot Made,20,TRUE,3,4,47,00:04:47,59,52,1311,-25,70706,0,0,5,5,0,0,1,0,0,1,0,1,0,10
1,Liga Nacional,Liga Endesa,https://www.acb.com/Documentos/Cabeceras/logo-competicion-1b.png,https://www.acb.com/Documentos/Cabeceras/logo-competicion-4a.png,89,2024,107,104321,20211660,20211660,20211660,Xabier  López-Arostegui Eskauriaza,Xabi López-Arostegui,López-Arostegui,López-A.,202,FALSE,202,NA,4339,2614,Valencia Basket,Valencia Basket,VBC,45501,97,Intento fallado de 2,2-Point Shot Missed,6,FALSE,3,4,40,00:04:40,59,52,554,-883,70713,0,0,0,1,2,2,0,3,0,0,0,0,1,2
1,Liga Nacional,Liga Endesa,https://www.acb.com/Documentos/Cabeceras/logo-competicion-1b.png,https://www.acb.com/Documentos/Cabeceras/logo-competicion-4a.png,89,2024,107,104321,30003852,30003852,21103387,Bruno Afonso David Fernando ,Bruno Fernando,B. Fernando,Fernando,202,FALSE,202,NA,4345,2620,Real Madrid,Real Madrid,RMB,45601,104,Rebote Defensivo,Defensive Rebound,20,TRUE,3,4,40,00:04:40,59,52,0,0,70713,0,0,5,5,0,0,2,0,0,1,0,1,0,10
1,Liga Nacional,Liga Endesa,https://www.acb.com/Documentos/Cabeceras/logo-competicion-1b.png,https://www.acb.com/Documentos/Cabeceras/logo-competicion-4a.png,89,2024,107,104321,30001170,30001170,21100997,Dzanan  Musa ,Dzanan Musa,D. Musa,Musa,202,FALSE,202,NA,4345,2620,Real Madrid,Real Madrid,RMB,45801,93,Canasta de 2,2-Point Shot Made,13,TRUE,3,4,27,00:04:27,61,52,1865,-579,70728,2,6,2,3,3,3,2,0,1,1,0,2,3,13
1,Liga Nacional,Liga Endesa,https://www.acb.com/Documentos/Cabeceras/logo-competicion-1b.png,https://www.acb.com/Documentos/Cabeceras/logo-competicion-4a.png,89,2024,107,104321,20211660,20211660,20211660,Xabier  López-Arostegui Eskauriaza,Xabi López-Arostegui,López-Arostegui,López-A.,202,FALSE,202,NA,4339,2614,Valencia Basket,Valencia Basket,VBC,45901,160,Personal 1TL,Foul 1FT,6,FALSE,3,4,27,00:04:27,61,52,0,0,70731,0,0,0,1,2,2,0,3,0,0,0,1,1,2
1,Liga Nacional,Liga Endesa,https://www.acb.com/Documentos/Cabeceras/logo-competicion-1b.png,https://www.acb.com/Documentos/Cabeceras/logo-competicion-4a.png,89,2024,107,104321,30001170,30001170,21100997,Dzanan  Musa ,Dzanan Musa,D. Musa,Musa,202,FALSE,202,NA,4345,2620,Real Madrid,Real Madrid,RMB,46001,110,Falta recibida,Foul Received,13,TRUE,3,4,27,00:04:27,61,52,0,0,70731,2,6,2,3,3,3,2,0,1,1,0,2,4,13
1,Liga Nacional,Liga Endesa,https://www.acb.com/Documentos/Cabeceras/logo-competicion-1b.png,https://www.acb.com/Documentos/Cabeceras/logo-competicion-4a.png,89,2024,107,104321,20211129,20211129,20211129,Jaime  Pradilla Gayán,Jaime Pradilla,J. Pradilla,Pradilla,202,FALSE,202,NA,4339,2614,Valencia Basket,Valencia Basket,VBC,46201,115,Sale Pista,Substitution - Out,4,FALSE,3,4,27,00:04:27,61,52,0,0,70742,0,2,3,4,0,0,2,0,0,0,0,0,0,6
1,Liga Nacional,Liga Endesa,https://www.acb.com/Documentos/Cabeceras/logo-competicion-1b.png,https://www.acb.com/Documentos/Cabeceras/logo-competicion-4a.png,89,2024,107,104321,30003405,30003405,21102962,Nathan Michael Sestina ,Nate Sestina,N. Sestina,Sestina,202,FALSE,202,NA,4339,2614,Valencia Basket,Valencia Basket,VBC,46301,112,Entra Pista,Substitution - In,77,FALSE,3,4,27,00:04:27,61,52,0,0,70742,0,1,1,1,0,0,1,0,1,0,0,0,0,2
1,Liga Nacional,Liga Endesa,https://www.acb.com/Documentos/Cabeceras/logo-competicion-1b.png,https://www.acb.com/Documentos/Cabeceras/logo-competicion-4a.png,89,2024,107,104321,30001170,30001170,21100997,Dzanan  Musa ,Dzanan Musa,D. Musa,Musa,202,FALSE,202,NA,4345,2620,Real Madrid,Real Madrid,RMB,46401,92,Canasta de 1,Free Throw Made,13,TRUE,3,4,27,00:04:27,62,52,0,0,70767,2,6,2,3,4,4,2,0,1,1,0,2,4,14
1,Liga Nacional,Liga Endesa,https://www.acb.com/Documentos/Cabeceras/logo-competicion-1b.png,https://www.acb.com/Documentos/Cabeceras/logo-competicion-4a.png,89,2024,107,104321,30002724,30002724,21102352,Nathan Donald Reuvers ,Nate Reuvers,N. Reuvers,Reuvers,202,FALSE,202,NA,4339,2614,Valencia Basket,Valencia Basket,VBC,46801,100,Mate,Dunk,3,FALSE,3,4,12,00:04:12,62,54,0,0,70799,2,4,1,1,1,2,0,0,0,1,0,0,2,9
1,Liga Nacional,Liga Endesa,https://www.acb.com/Documentos/Cabeceras/logo-competicion-1b.png,https://www.acb.com/Documentos/Cabeceras/logo-competicion-4a.png,89,2024,107,104321,30000514,30000514,21100451,Jean Claudio Montero Berroa,Jean Montero,J. Montero,Montero,202,FALSE,202,NA,4339,2614,Valencia Basket,Valencia Basket,VBC,46901,107,Asistencia tiro de 2,Assist 2-Point Shot,8,FALSE,3,4,12,00:04:12,62,54,0,0,70799,1,3,2,4,0,0,3,6,1,2,0,2,2,7
1,Liga Nacional,Liga Endesa,https://www.acb.com/Documentos/Cabeceras/logo-competicion-1b.png,https://www.acb.com/Documentos/Cabeceras/logo-competicion-4a.png,89,2024,107,104321,30003852,30003852,21103387,Bruno Afonso David Fernando ,Bruno Fernando,B. Fernando,Fernando,202,FALSE,202,NA,4345,2620,Real Madrid,Real Madrid,RMB,47001,160,Personal 1TL,Foul 1FT,20,TRUE,3,4,12,00:04:12,62,54,0,0,70803,0,0,5,5,0,0,2,0,0,1,0,2,0,10
1,Liga Nacional,Liga Endesa,https://www.acb.com/Documentos/Cabeceras/logo-competicion-1b.png,https://www.acb.com/Documentos/Cabeceras/logo-competicion-4a.png,89,2024,107,104321,30002724,30002724,21102352,Nathan Donald Reuvers ,Nate Reuvers,N. Reuvers,Reuvers,202,FALSE,202,NA,4339,2614,Valencia Basket,Valencia Basket,VBC,47101,110,Falta recibida,Foul Received,3,FALSE,3,4,12,00:04:12,62,54,0,0,70803,2,4,1,1,1,2,0,0,0,1,0,0,3,9
1,Liga Nacional,Liga Endesa,https://www.acb.com/Documentos/Cabeceras/logo-competicion-1b.png,https://www.acb.com/Documentos/Cabeceras/logo-competicion-4a.png,89,2024,107,104321,30002724,30002724,21102352,Nathan Donald Reuvers ,Nate Reuvers,N. Reuvers,Reuvers,202,FALSE,202,NA,4339,2614,Valencia Basket,Valencia Basket,VBC,47201,92,Canasta de 1,Free Throw Made,3,FALSE,3,4,12,00:04:12,62,55,0,0,70818,2,4,1,1,2,3,0,0,0,1,0,0,3,10
1,Liga Nacional,Liga Endesa,https://www.acb.com/Documentos/Cabeceras/logo-competicion-1b.png,https://www.acb.com/Documentos/Cabeceras/logo-competicion-4a.png,89,2024,107,104321,30002724,30002724,21102352,Nathan Donald Reuvers ,Nate Reuvers,N. Reuvers,Reuvers,202,FALSE,202,NA,4339,2614,Valencia Basket,Valencia Basket,VBC,47601,161,Personal 2TL,Foul 2FT,3,FALSE,3,3,58,00:03:58,62,55,0,0,70838,2,4,1,1,2,3,0,0,0,1,0,1,3,10
1,Liga Nacional,Liga Endesa,https://www.acb.com/Documentos/Cabeceras/logo-competicion-1b.png,https://www.acb.com/Documentos/Cabeceras/logo-competicion-4a.png,89,2024,107,104321,30003852,30003852,21103387,Bruno Afonso David Fernando ,Bruno Fernando,B. Fernando,Fernando,202,FALSE,202,NA,4345,2620,Real Madrid,Real Madrid,RMB,47701,110,Falta recibida,Foul Received,20,TRUE,3,3,58,00:03:58,62,55,0,0,70838,0,0,5,5,0,0,2,0,0,1,0,2,1,10
1,Liga Nacional,Liga Endesa,https://www.acb.com/Documentos/Cabeceras/logo-competicion-1b.png,https://www.acb.com/Documentos/Cabeceras/logo-competicion-4a.png,89,2024,107,104321,30003852,30003852,21103387,Bruno Afonso David Fernando ,Bruno Fernando,B. Fernando,Fernando,202,FALSE,202,NA,4345,2620,Real Madrid,Real Madrid,RMB,47801,92,Canasta de 1,Free Throw Made,20,TRUE,3,3,58,00:03:58,63,55,0,0,70866,0,0,5,5,1,1,2,0,0,1,0,2,1,11
1,Liga Nacional,Liga Endesa,https://www.acb.com/Documentos/Cabeceras/logo-competicion-1b.png,https://www.acb.com/Documentos/Cabeceras/logo-competicion-4a.png,89,2024,107,104321,30003852,30003852,21103387,Bruno Afonso David Fernando ,Bruno Fernando,B. Fernando,Fernando,202,FALSE,202,NA,4345,2620,Real Madrid,Real Madrid,RMB,47901,92,Canasta de 1,Free Throw Made,20,TRUE,3,3,58,00:03:58,64,55,0,0,70884,0,0,5,5,2,2,2,0,0,1,0,2,1,12
1,Liga Nacional,Liga Endesa,https://www.acb.com/Documentos/Cabeceras/logo-competicion-1b.png,https://www.acb.com/Documentos/Cabeceras/logo-competicion-4a.png,89,2024,107,104321,20211331,20211331,20211331,Facundo  Campazzo Avedano,Facu Campazzo,F. Campazzo,Campazzo,202,FALSE,202,NA,4345,2620,Real Madrid,Real Madrid,RMB,48201,115,Sale Pista,Substitution - Out,7,TRUE,3,3,58,00:03:58,64,55,0,0,70886,2,5,1,2,2,2,1,3,1,1,0,1,3,10
1,Liga Nacional,Liga Endesa,https://www.acb.com/Documentos/Cabeceras/logo-competicion-1b.png,https://www.acb.com/Documentos/Cabeceras/logo-competicion-4a.png,89,2024,107,104321,30001114,30001114,21100955,Andres Rafael Feliz Sarita,Andrés Feliz,A. Feliz,Feliz,202,FALSE,202,NA,4345,2620,Real Madrid,Real Madrid,RMB,48301,112,Entra Pista,Substitution - In,24,TRUE,3,3,58,00:03:58,64,55,0,0,70886,1,1,1,2,1,1,0,2,0,0,0,1,1,6
1,Liga Nacional,Liga Endesa,https://www.acb.com/Documentos/Cabeceras/logo-competicion-1b.png,https://www.acb.com/Documentos/Cabeceras/logo-competicion-4a.png,89,2024,107,104321,30000514,30000514,21100451,Jean Claudio Montero Berroa,Jean Montero,J. Montero,Montero,202,FALSE,202,NA,4339,2614,Valencia Basket,Valencia Basket,VBC,48501,97,Intento fallado de 2,2-Point Shot Missed,8,FALSE,3,3,40,00:03:40,64,55,958,1336,70916,1,3,2,5,0,0,3,6,1,2,0,2,2,7
1,Liga Nacional,Liga Endesa,https://www.acb.com/Documentos/Cabeceras/logo-competicion-1b.png,https://www.acb.com/Documentos/Cabeceras/logo-competicion-4a.png,89,2024,107,104321,30000514,30000514,21100451,Jean Claudio Montero Berroa,Jean Montero,J. Montero,Montero,202,FALSE,202,NA,4339,2614,Valencia Basket,Valencia Basket,VBC,48601,105,Tapón Recibido,Block Received,8,FALSE,3,3,40,00:03:40,64,55,0,0,70916,1,3,2,5,0,0,3,6,1,2,0,2,2,7
1,Liga Nacional,Liga Endesa,https://www.acb.com/Documentos/Cabeceras/logo-competicion-1b.png,https://www.acb.com/Documentos/Cabeceras/logo-competicion-4a.png,89,2024,107,104321,30003852,30003852,21103387,Bruno Afonso David Fernando ,Bruno Fernando,B. Fernando,Fernando,202,FALSE,202,NA,4345,2620,Real Madrid,Real Madrid,RMB,48701,102,Tapón,Block,20,TRUE,3,3,40,00:03:40,64,55,0,0,70916,0,0,5,5,2,2,2,0,0,1,1,2,1,12
1,Liga Nacional,Liga Endesa,https://www.acb.com/Documentos/Cabeceras/logo-competicion-1b.png,https://www.acb.com/Documentos/Cabeceras/logo-competicion-4a.png,89,2024,107,104321,30001114,30001114,21100955,Andres Rafael Feliz Sarita,Andrés Feliz,A. Feliz,Feliz,202,FALSE,202,NA,4345,2620,Real Madrid,Real Madrid,RMB,48801,104,Rebote Defensivo,Defensive Rebound,24,TRUE,3,3,40,00:03:40,64,55,0,0,70916,1,1,1,2,1,1,1,2,0,0,0,1,1,6
1,Liga Nacional,Liga Endesa,https://www.acb.com/Documentos/Cabeceras/logo-competicion-1b.png,https://www.acb.com/Documentos/Cabeceras/logo-competicion-4a.png,89,2024,107,104321,30001114,30001114,21100955,Andres Rafael Feliz Sarita,Andrés Feliz,A. Feliz,Feliz,202,FALSE,202,NA,4345,2620,Real Madrid,Real Madrid,RMB,48901,97,Intento fallado de 2,2-Point Shot Missed,24,TRUE,3,3,34,00:03:34,64,55,756,-1411,70922,1,1,1,3,1,1,1,2,0,0,0,1,1,6
1,Liga Nacional,Liga Endesa,https://www.acb.com/Documentos/Cabeceras/logo-competicion-1b.png,https://www.acb.com/Documentos/Cabeceras/logo-competicion-4a.png,89,2024,107,104321,20211660,20211660,20211660,Xabier  López-Arostegui Eskauriaza,Xabi López-Arostegui,López-Arostegui,López-A.,202,FALSE,202,NA,4339,2614,Valencia Basket,Valencia Basket,VBC,49001,104,Rebote Defensivo,Defensive Rebound,6,FALSE,3,3,34,00:03:34,64,55,0,0,70922,0,0,0,1,2,2,1,3,0,0,0,1,1,2
1,Liga Nacional,Liga Endesa,https://www.acb.com/Documentos/Cabeceras/logo-competicion-1b.png,https://www.acb.com/Documentos/Cabeceras/logo-competicion-4a.png,89,2024,107,104321,30003852,30003852,21103387,Bruno Afonso David Fernando ,Bruno Fernando,B. Fernando,Fernando,202,FALSE,202,NA,4345,2620,Real Madrid,Real Madrid,RMB,49201,159,Personal no TL,Foul No FT,20,TRUE,3,3,32,00:03:32,64,55,0,0,70926,0,0,5,5,2,2,2,0,0,1,1,3,1,12
1,Liga Nacional,Liga Endesa,https://www.acb.com/Documentos/Cabeceras/logo-competicion-1b.png,https://www.acb.com/Documentos/Cabeceras/logo-competicion-4a.png,89,2024,107,104321,20211660,20211660,20211660,Xabier  López-Arostegui Eskauriaza,Xabi López-Arostegui,López-Arostegui,López-A.,202,FALSE,202,NA,4339,2614,Valencia Basket,Valencia Basket,VBC,49301,110,Falta recibida,Foul Received,6,FALSE,3,3,32,00:03:32,64,55,0,0,70926,0,0,0,1,2,2,1,3,0,0,0,1,2,2
1,Liga Nacional,Liga Endesa,https://www.acb.com/Documentos/Cabeceras/logo-competicion-1b.png,https://www.acb.com/Documentos/Cabeceras/logo-competicion-4a.png,89,2024,107,104321,20211660,20211660,20211660,Xabier  López-Arostegui Eskauriaza,Xabi López-Arostegui,López-Arostegui,López-A.,202,FALSE,202,NA,4339,2614,Valencia Basket,Valencia Basket,VBC,49501,115,Sale Pista,Substitution - Out,6,FALSE,3,3,32,00:03:32,64,55,0,0,70935,0,0,0,1,2,2,1,3,0,0,0,1,2,2
1,Liga Nacional,Liga Endesa,https://www.acb.com/Documentos/Cabeceras/logo-competicion-1b.png,https://www.acb.com/Documentos/Cabeceras/logo-competicion-4a.png,89,2024,107,104321,30000514,30000514,21100451,Jean Claudio Montero Berroa,Jean Montero,J. Montero,Montero,202,FALSE,202,NA,4339,2614,Valencia Basket,Valencia Basket,VBC,49601,115,Sale Pista,Substitution - Out,8,FALSE,3,3,32,00:03:32,64,55,0,0,70935,1,3,2,5,0,0,3,6,1,2,0,2,2,7
1,Liga Nacional,Liga Endesa,https://www.acb.com/Documentos/Cabeceras/logo-competicion-1b.png,https://www.acb.com/Documentos/Cabeceras/logo-competicion-4a.png,89,2024,107,104321,30000107,30000107,21100103,El Hadji Omar Brancou Badio ,Brancou Badio,B. Badio,Badio,202,FALSE,202,NA,4339,2614,Valencia Basket,Valencia Basket,VBC,49701,112,Entra Pista,Substitution - In,0,FALSE,3,3,32,00:03:32,64,55,0,0,70935,1,3,2,3,0,0,1,1,2,1,0,2,0,7
1,Liga Nacional,Liga Endesa,https://www.acb.com/Documentos/Cabeceras/logo-competicion-1b.png,https://www.acb.com/Documentos/Cabeceras/logo-competicion-4a.png,89,2024,107,104321,30002442,30002442,21102094,Stefan  Jovic ,Stefan Jovic,S. Jovic,Jovic,202,FALSE,202,NA,4339,2614,Valencia Basket,Valencia Basket,VBC,49801,112,Entra Pista,Substitution - In,16,FALSE,3,3,32,00:03:32,64,55,0,0,70935,0,0,1,2,0,0,1,1,0,2,0,1,0,2
1,Liga Nacional,Liga Endesa,https://www.acb.com/Documentos/Cabeceras/logo-competicion-1b.png,https://www.acb.com/Documentos/Cabeceras/logo-competicion-4a.png,89,2024,107,104321,30000107,30000107,21100103,El Hadji Omar Brancou Badio ,Brancou Badio,B. Badio,Badio,202,FALSE,202,NA,4339,2614,Valencia Basket,Valencia Basket,VBC,50001,97,Intento fallado de 2,2-Point Shot Missed,0,FALSE,3,3,23,00:03:23,64,55,529,-1362,70962,1,3,2,4,0,0,1,1,2,1,0,2,0,7
1,Liga Nacional,Liga Endesa,https://www.acb.com/Documentos/Cabeceras/logo-competicion-1b.png,https://www.acb.com/Documentos/Cabeceras/logo-competicion-4a.png,89,2024,107,104321,30002724,30002724,21102352,Nathan Donald Reuvers ,Nate Reuvers,N. Reuvers,Reuvers,202,FALSE,202,NA,4339,2614,Valencia Basket,Valencia Basket,VBC,50101,101,Rebote Ofensivo,Offensive Rebound,3,FALSE,3,3,23,00:03:23,64,55,0,0,70962,2,4,1,1,2,3,1,0,0,1,0,1,3,10
1,Liga Nacional,Liga Endesa,https://www.acb.com/Documentos/Cabeceras/logo-competicion-1b.png,https://www.acb.com/Documentos/Cabeceras/logo-competicion-4a.png,89,2024,107,104321,30002724,30002724,21102352,Nathan Donald Reuvers ,Nate Reuvers,N. Reuvers,Reuvers,202,FALSE,202,NA,4339,2614,Valencia Basket,Valencia Basket,VBC,50201,93,Canasta de 2,2-Point Shot Made,3,FALSE,3,3,19,00:03:19,64,57,151,630,71450,2,4,2,2,2,3,1,0,0,1,0,1,3,12
1,Liga Nacional,Liga Endesa,https://www.acb.com/Documentos/Cabeceras/logo-competicion-1b.png,https://www.acb.com/Documentos/Cabeceras/logo-competicion-4a.png,89,2024,107,104321,30001170,30001170,21100997,Dzanan  Musa ,Dzanan Musa,D. Musa,Musa,202,FALSE,202,NA,4345,2620,Real Madrid,Real Madrid,RMB,50301,106,Pérdida,Turnover,13,TRUE,3,3,4,00:03:04,64,57,0,0,70981,2,6,2,3,4,4,2,0,1,2,0,2,4,14
1,Liga Nacional,Liga Endesa,https://www.acb.com/Documentos/Cabeceras/logo-competicion-1b.png,https://www.acb.com/Documentos/Cabeceras/logo-competicion-4a.png,89,2024,107,104321,20210392,20210392,20210392,Josep  Puerto Guaita,Josep Puerto,J. Puerto,Puerto,202,FALSE,202,NA,4339,2614,Valencia Basket,Valencia Basket,VBC,50401,93,Canasta de 2,2-Point Shot Made,2,FALSE,3,2,58,00:02:58,64,59,25,958,70987,1,3,1,1,0,0,1,1,1,0,0,0,0,5
1,Liga Nacional,Liga Endesa,https://www.acb.com/Documentos/Cabeceras/logo-competicion-1b.png,https://www.acb.com/Documentos/Cabeceras/logo-competicion-4a.png,89,2024,107,104321,30000107,30000107,21100103,El Hadji Omar Brancou Badio ,Brancou Badio,B. Badio,Badio,202,FALSE,202,NA,4339,2614,Valencia Basket,Valencia Basket,VBC,50601,107,Asistencia tiro de 2,Assist 2-Point Shot,0,FALSE,3,2,58,00:02:58,64,59,0,0,71428,1,3,2,4,0,0,1,2,2,1,0,2,0,7
1,Liga Nacional,Liga Endesa,https://www.acb.com/Documentos/Cabeceras/logo-competicion-1b.png,https://www.acb.com/Documentos/Cabeceras/logo-competicion-4a.png,89,2024,107,104321,30001170,30001170,21100997,Dzanan  Musa ,Dzanan Musa,D. Musa,Musa,202,FALSE,202,NA,4345,2620,Real Madrid,Real Madrid,RMB,50602,98,Intento fallado de 3,3-Point Shot Missed,13,TRUE,3,2,39,00:02:39,64,59,202,-6932,71007,2,7,2,3,4,4,2,0,1,2,0,2,4,14
1,Liga Nacional,Liga Endesa,https://www.acb.com/Documentos/Cabeceras/logo-competicion-1b.png,https://www.acb.com/Documentos/Cabeceras/logo-competicion-4a.png,89,2024,107,104321,30003852,30003852,21103387,Bruno Afonso David Fernando ,Bruno Fernando,B. Fernando,Fernando,202,FALSE,202,NA,4345,2620,Real Madrid,Real Madrid,RMB,50701,101,Rebote Ofensivo,Offensive Rebound,20,TRUE,3,2,39,00:02:39,64,59,0,0,71007,0,0,5,5,2,2,3,0,0,1,1,3,1,12
1,Liga Nacional,Liga Endesa,https://www.acb.com/Documentos/Cabeceras/logo-competicion-1b.png,https://www.acb.com/Documentos/Cabeceras/logo-competicion-4a.png,89,2024,107,104321,30001114,30001114,21100955,Andres Rafael Feliz Sarita,Andrés Feliz,A. Feliz,Feliz,202,FALSE,202,NA,4345,2620,Real Madrid,Real Madrid,RMB,50801,93,Canasta de 2,2-Point Shot Made,24,TRUE,3,2,26,00:02:26,66,59,832,-378,71019,1,1,2,4,1,1,1,2,0,0,0,1,1,8
1,Liga Nacional,Liga Endesa,https://www.acb.com/Documentos/Cabeceras/logo-competicion-1b.png,https://www.acb.com/Documentos/Cabeceras/logo-competicion-4a.png,89,2024,107,104321,20210392,20210392,20210392,Josep  Puerto Guaita,Josep Puerto,J. Puerto,Puerto,202,FALSE,202,NA,4339,2614,Valencia Basket,Valencia Basket,VBC,50901,98,Intento fallado de 3,3-Point Shot Missed,2,FALSE,3,2,18,00:02:18,66,59,4209,-5471,71028,1,4,1,1,0,0,1,1,1,0,0,0,0,5
1,Liga Nacional,Liga Endesa,https://www.acb.com/Documentos/Cabeceras/logo-competicion-1b.png,https://www.acb.com/Documentos/Cabeceras/logo-competicion-4a.png,89,2024,107,104321,30001229,30001229,21101034,Eli John Ndiaye Faye,Eli John Ndiaye,E. Ndiaye,Ndiaye,202,FALSE,202,NA,4345,2620,Real Madrid,Real Madrid,RMB,51001,104,Rebote Defensivo,Defensive Rebound,30,TRUE,3,2,18,00:02:18,66,59,0,0,71028,0,0,2,2,0,0,7,0,0,0,0,1,0,4
1,Liga Nacional,Liga Endesa,https://www.acb.com/Documentos/Cabeceras/logo-competicion-1b.png,https://www.acb.com/Documentos/Cabeceras/logo-competicion-4a.png,89,2024,107,104321,20210088,20210088,20210088,Alberto  Abalde Díaz,Alberto Abalde,A. Abalde,Abalde,202,FALSE,202,NA,4345,2620,Real Madrid,Real Madrid,RMB,51101,98,Intento fallado de 3,3-Point Shot Missed,6,TRUE,3,1,58,00:01:58,66,59,25,7034,71048,1,3,1,1,0,0,1,2,1,0,0,0,0,5
1,Liga Nacional,Liga Endesa,https://www.acb.com/Documentos/Cabeceras/logo-competicion-1b.png,https://www.acb.com/Documentos/Cabeceras/logo-competicion-4a.png,89,2024,107,104321,30001114,30001114,21100955,Andres Rafael Feliz Sarita,Andrés Feliz,A. Feliz,Feliz,202,FALSE,202,NA,4345,2620,Real Madrid,Real Madrid,RMB,51201,101,Rebote Ofensivo,Offensive Rebound,24,TRUE,3,1,58,00:01:58,66,59,0,0,71048,1,1,2,4,1,1,2,2,0,0,0,1,1,8
1,Liga Nacional,Liga Endesa,https://www.acb.com/Documentos/Cabeceras/logo-competicion-1b.png,https://www.acb.com/Documentos/Cabeceras/logo-competicion-4a.png,89,2024,107,104321,20210088,20210088,20210088,Alberto  Abalde Díaz,Alberto Abalde,A. Abalde,Abalde,202,FALSE,202,NA,4345,2620,Real Madrid,Real Madrid,RMB,51301,93,Canasta de 2,2-Point Shot Made,6,TRUE,3,1,52,00:01:52,68,59,1991,26,71054,1,3,2,2,0,0,1,2,1,0,0,0,0,7
1,Liga Nacional,Liga Endesa,https://www.acb.com/Documentos/Cabeceras/logo-competicion-1b.png,https://www.acb.com/Documentos/Cabeceras/logo-competicion-4a.png,89,2024,107,104321,NA,NA,NA,NA,NA,NA,NA,NA,NA,NA,NA,4339,2614,Valencia Basket,Valencia Basket,VBC,51801,113,Tiempo Muerto,Timeout,NA,FALSE,3,1,52,00:01:52,68,59,0,0,71061,NA,NA,NA,NA,NA,NA,NA,NA,NA,NA,NA,NA,NA,NA
1,Liga Nacional,Liga Endesa,https://www.acb.com/Documentos/Cabeceras/logo-competicion-1b.png,https://www.acb.com/Documentos/Cabeceras/logo-competicion-4a.png,89,2024,107,104321,20210088,20210088,20210088,Alberto  Abalde Díaz,Alberto Abalde,A. Abalde,Abalde,202,FALSE,202,NA,4345,2620,Real Madrid,Real Madrid,RMB,52001,115,Sale Pista,Substitution - Out,6,TRUE,3,1,52,00:01:52,68,59,0,0,71134,1,3,2,2,0,0,1,2,1,0,0,0,0,7
1,Liga Nacional,Liga Endesa,https://www.acb.com/Documentos/Cabeceras/logo-competicion-1b.png,https://www.acb.com/Documentos/Cabeceras/logo-competicion-4a.png,89,2024,107,104321,20213252,20213252,20213252,Hugo  González Peña,Hugo González,H. González,González,202,FALSE,202,NA,4345,2620,Real Madrid,Real Madrid,RMB,52101,112,Entra Pista,Substitution - In,9,TRUE,3,1,52,00:01:52,68,59,0,0,71134,0,1,1,1,0,0,1,1,2,1,0,1,0,2
1,Liga Nacional,Liga Endesa,https://www.acb.com/Documentos/Cabeceras/logo-competicion-1b.png,https://www.acb.com/Documentos/Cabeceras/logo-competicion-4a.png,89,2024,107,104321,30002724,30002724,21102352,Nathan Donald Reuvers ,Nate Reuvers,N. Reuvers,Reuvers,202,FALSE,202,NA,4339,2614,Valencia Basket,Valencia Basket,VBC,52201,115,Sale Pista,Substitution - Out,3,FALSE,3,1,52,00:01:52,68,59,0,0,71134,2,4,2,2,2,3,1,0,0,1,0,1,3,12
1,Liga Nacional,Liga Endesa,https://www.acb.com/Documentos/Cabeceras/logo-competicion-1b.png,https://www.acb.com/Documentos/Cabeceras/logo-competicion-4a.png,89,2024,107,104321,30003505,30003505,21103049,Amida Abiola Brimah ,Amida Brimah,A. Brimah,Brimah,202,FALSE,202,NA,4339,2614,Valencia Basket,Valencia Basket,VBC,52301,112,Entra Pista,Substitution - In,35,FALSE,3,1,52,00:01:52,68,59,0,0,71134,0,0,1,1,0,0,0,0,0,0,0,0,0,2
1,Liga Nacional,Liga Endesa,https://www.acb.com/Documentos/Cabeceras/logo-competicion-1b.png,https://www.acb.com/Documentos/Cabeceras/logo-competicion-4a.png,89,2024,107,104321,30002442,30002442,21102094,Stefan  Jovic ,Stefan Jovic,S. Jovic,Jovic,202,FALSE,202,NA,4339,2614,Valencia Basket,Valencia Basket,VBC,52501,98,Intento fallado de 3,3-Point Shot Missed,16,FALSE,3,1,42,00:01:42,68,59,4536,5647,71170,0,1,1,2,0,0,1,1,0,2,0,1,0,2
1,Liga Nacional,Liga Endesa,https://www.acb.com/Documentos/Cabeceras/logo-competicion-1b.png,https://www.acb.com/Documentos/Cabeceras/logo-competicion-4a.png,89,2024,107,104321,30001170,30001170,21100997,Dzanan  Musa ,Dzanan Musa,D. Musa,Musa,202,FALSE,202,NA,4345,2620,Real Madrid,Real Madrid,RMB,52601,104,Rebote Defensivo,Defensive Rebound,13,TRUE,3,1,42,00:01:42,68,59,0,0,71170,2,7,2,3,4,4,3,0,1,2,0,2,4,14
1,Liga Nacional,Liga Endesa,https://www.acb.com/Documentos/Cabeceras/logo-competicion-1b.png,https://www.acb.com/Documentos/Cabeceras/logo-competicion-4a.png,89,2024,107,104321,30003852,30003852,21103387,Bruno Afonso David Fernando ,Bruno Fernando,B. Fernando,Fernando,202,FALSE,202,NA,4345,2620,Real Madrid,Real Madrid,RMB,52701,97,Intento fallado de 2,2-Point Shot Missed,20,TRUE,3,1,18,00:01:18,68,59,2193,958,71194,0,0,5,6,2,2,3,0,0,1,1,3,1,12
1,Liga Nacional,Liga Endesa,https://www.acb.com/Documentos/Cabeceras/logo-competicion-1b.png,https://www.acb.com/Documentos/Cabeceras/logo-competicion-4a.png,89,2024,107,104321,30001114,30001114,21100955,Andres Rafael Feliz Sarita,Andrés Feliz,A. Feliz,Feliz,202,FALSE,202,NA,4345,2620,Real Madrid,Real Madrid,RMB,52801,101,Rebote Ofensivo,Offensive Rebound,24,TRUE,3,1,18,00:01:18,68,59,0,0,71194,1,1,2,4,1,1,3,2,0,0,0,1,1,8
1,Liga Nacional,Liga Endesa,https://www.acb.com/Documentos/Cabeceras/logo-competicion-1b.png,https://www.acb.com/Documentos/Cabeceras/logo-competicion-4a.png,89,2024,107,104321,30001114,30001114,21100955,Andres Rafael Feliz Sarita,Andrés Feliz,A. Feliz,Feliz,202,FALSE,202,NA,4345,2620,Real Madrid,Real Madrid,RMB,52901,93,Canasta de 2,2-Point Shot Made,24,TRUE,3,1,15,00:01:15,70,59,0,-353,71197,1,1,3,5,1,1,3,2,0,0,0,1,1,10
1,Liga Nacional,Liga Endesa,https://www.acb.com/Documentos/Cabeceras/logo-competicion-1b.png,https://www.acb.com/Documentos/Cabeceras/logo-competicion-4a.png,89,2024,107,104321,30002442,30002442,21102094,Stefan  Jovic ,Stefan Jovic,S. Jovic,Jovic,202,FALSE,202,NA,4339,2614,Valencia Basket,Valencia Basket,VBC,53201,115,Sale Pista,Substitution - Out,16,FALSE,3,1,13,00:01:13,70,59,0,0,71206,0,1,1,2,0,0,1,1,0,2,0,1,0,2
1,Liga Nacional,Liga Endesa,https://www.acb.com/Documentos/Cabeceras/logo-competicion-1b.png,https://www.acb.com/Documentos/Cabeceras/logo-competicion-4a.png,89,2024,107,104321,30000514,30000514,21100451,Jean Claudio Montero Berroa,Jean Montero,J. Montero,Montero,202,FALSE,202,NA,4339,2614,Valencia Basket,Valencia Basket,VBC,53301,112,Entra Pista,Substitution - In,8,FALSE,3,1,13,00:01:13,70,59,0,0,71206,1,3,2,5,0,0,3,6,1,2,0,2,2,7
1,Liga Nacional,Liga Endesa,https://www.acb.com/Documentos/Cabeceras/logo-competicion-1b.png,https://www.acb.com/Documentos/Cabeceras/logo-competicion-4a.png,89,2024,107,104321,30003405,30003405,21102962,Nathan Michael Sestina ,Nate Sestina,N. Sestina,Sestina,202,FALSE,202,NA,4339,2614,Valencia Basket,Valencia Basket,VBC,53501,98,Intento fallado de 3,3-Point Shot Missed,77,FALSE,3,0,57,00:00:57,70,59,76,-6731,71235,0,2,1,1,0,0,1,0,1,0,0,0,0,2
1,Liga Nacional,Liga Endesa,https://www.acb.com/Documentos/Cabeceras/logo-competicion-1b.png,https://www.acb.com/Documentos/Cabeceras/logo-competicion-4a.png,89,2024,107,104321,30000514,30000514,21100451,Jean Claudio Montero Berroa,Jean Montero,J. Montero,Montero,202,FALSE,202,NA,4339,2614,Valencia Basket,Valencia Basket,VBC,53601,101,Rebote Ofensivo,Offensive Rebound,8,FALSE,3,0,57,00:00:57,70,59,0,0,71235,1,3,2,5,0,0,4,6,1,2,0,2,2,7
1,Liga Nacional,Liga Endesa,https://www.acb.com/Documentos/Cabeceras/logo-competicion-1b.png,https://www.acb.com/Documentos/Cabeceras/logo-competicion-4a.png,89,2024,107,104321,20213252,20213252,20213252,Hugo  González Peña,Hugo González,H. González,González,202,FALSE,202,NA,4345,2620,Real Madrid,Real Madrid,RMB,53801,161,Personal 2TL,Foul 2FT,9,TRUE,3,0,44,00:00:44,70,59,0,0,71250,0,1,1,1,0,0,1,1,2,1,0,2,0,2
1,Liga Nacional,Liga Endesa,https://www.acb.com/Documentos/Cabeceras/logo-competicion-1b.png,https://www.acb.com/Documentos/Cabeceras/logo-competicion-4a.png,89,2024,107,104321,30000107,30000107,21100103,El Hadji Omar Brancou Badio ,Brancou Badio,B. Badio,Badio,202,FALSE,202,NA,4339,2614,Valencia Basket,Valencia Basket,VBC,53901,110,Falta recibida,Foul Received,0,FALSE,3,0,44,00:00:44,70,59,0,0,71250,1,3,2,4,0,0,1,2,2,1,0,2,1,7
1,Liga Nacional,Liga Endesa,https://www.acb.com/Documentos/Cabeceras/logo-competicion-1b.png,https://www.acb.com/Documentos/Cabeceras/logo-competicion-4a.png,89,2024,107,104321,30000107,30000107,21100103,El Hadji Omar Brancou Badio ,Brancou Badio,B. Badio,Badio,202,FALSE,202,NA,4339,2614,Valencia Basket,Valencia Basket,VBC,54001,92,Canasta de 1,Free Throw Made,0,FALSE,3,0,44,00:00:44,70,60,0,0,71272,1,3,2,4,1,1,1,2,2,1,0,2,1,8
1,Liga Nacional,Liga Endesa,https://www.acb.com/Documentos/Cabeceras/logo-competicion-1b.png,https://www.acb.com/Documentos/Cabeceras/logo-competicion-4a.png,89,2024,107,104321,30000107,30000107,21100103,El Hadji Omar Brancou Badio ,Brancou Badio,B. Badio,Badio,202,FALSE,202,NA,4339,2614,Valencia Basket,Valencia Basket,VBC,54101,92,Canasta de 1,Free Throw Made,0,FALSE,3,0,44,00:00:44,70,61,0,0,71285,1,3,2,4,2,2,1,2,2,1,0,2,1,9
1,Liga Nacional,Liga Endesa,https://www.acb.com/Documentos/Cabeceras/logo-competicion-1b.png,https://www.acb.com/Documentos/Cabeceras/logo-competicion-4a.png,89,2024,107,104321,30001114,30001114,21100955,Andres Rafael Feliz Sarita,Andrés Feliz,A. Feliz,Feliz,202,FALSE,202,NA,4345,2620,Real Madrid,Real Madrid,RMB,54901,93,Canasta de 2,2-Point Shot Made,24,TRUE,3,0,33,00:00:33,72,61,252,-1336,71304,1,1,4,6,1,1,3,2,0,0,0,1,1,12
1,Liga Nacional,Liga Endesa,https://www.acb.com/Documentos/Cabeceras/logo-competicion-1b.png,https://www.acb.com/Documentos/Cabeceras/logo-competicion-4a.png,89,2024,107,104321,30003505,30003505,21103049,Amida Abiola Brimah ,Amida Brimah,A. Brimah,Brimah,202,FALSE,202,NA,4339,2614,Valencia Basket,Valencia Basket,VBC,55001,100,Mate,Dunk,35,FALSE,3,0,24,00:00:24,72,63,0,0,71313,0,0,2,2,0,0,0,0,0,0,0,0,0,4
1,Liga Nacional,Liga Endesa,https://www.acb.com/Documentos/Cabeceras/logo-competicion-1b.png,https://www.acb.com/Documentos/Cabeceras/logo-competicion-4a.png,89,2024,107,104321,30000514,30000514,21100451,Jean Claudio Montero Berroa,Jean Montero,J. Montero,Montero,202,FALSE,202,NA,4339,2614,Valencia Basket,Valencia Basket,VBC,55101,107,Asistencia tiro de 2,Assist 2-Point Shot,8,FALSE,3,0,24,00:00:24,72,63,0,0,71313,1,3,2,5,0,0,4,7,1,2,0,2,2,7
1,Liga Nacional,Liga Endesa,https://www.acb.com/Documentos/Cabeceras/logo-competicion-1b.png,https://www.acb.com/Documentos/Cabeceras/logo-competicion-4a.png,89,2024,107,104321,30001114,30001114,21100955,Andres Rafael Feliz Sarita,Andrés Feliz,A. Feliz,Feliz,202,FALSE,202,NA,4345,2620,Real Madrid,Real Madrid,RMB,55401,93,Canasta de 2,2-Point Shot Made,24,TRUE,3,0,2,00:00:02,74,63,353,1337,71333,1,1,5,7,1,1,3,2,0,0,0,1,1,14
1,Liga Nacional,Liga Endesa,https://www.acb.com/Documentos/Cabeceras/logo-competicion-1b.png,https://www.acb.com/Documentos/Cabeceras/logo-competicion-4a.png,89,2024,107,104321,NA,NA,NA,NA,NA,NA,NA,NA,NA,NA,NA,NA,NA,NA,NA,NA,55601,116,Final de Periodo,End of the Quarter,NA,FALSE,3,0,0,00:00:00,74,63,0,0,71338,NA,NA,NA,NA,NA,NA,NA,NA,NA,NA,NA,NA,NA,NA
1,Liga Nacional,Liga Endesa,https://www.acb.com/Documentos/Cabeceras/logo-competicion-1b.png,https://www.acb.com/Documentos/Cabeceras/logo-competicion-4a.png,89,2024,107,104321,NA,NA,NA,NA,NA,NA,NA,NA,NA,NA,NA,NA,NA,NA,NA,NA,55701,121,Inicio Periodo,Start of the Quarter,NA,FALSE,4,10,0,00:10:00,74,63,0,0,71338,NA,NA,NA,NA,NA,NA,NA,NA,NA,NA,NA,NA,NA,NA
1,Liga Nacional,Liga Endesa,https://www.acb.com/Documentos/Cabeceras/logo-competicion-1b.png,https://www.acb.com/Documentos/Cabeceras/logo-competicion-4a.png,89,2024,107,104321,30000107,30000107,21100103,El Hadji Omar Brancou Badio ,Brancou Badio,B. Badio,Badio,202,FALSE,202,NA,4339,2614,Valencia Basket,Valencia Basket,VBC,55901,115,Sale Pista,Substitution - Out,0,FALSE,4,10,0,00:10:00,74,63,0,0,71482,1,3,2,4,2,2,1,2,2,1,0,2,1,9
1,Liga Nacional,Liga Endesa,https://www.acb.com/Documentos/Cabeceras/logo-competicion-1b.png,https://www.acb.com/Documentos/Cabeceras/logo-competicion-4a.png,89,2024,107,104321,20211660,20211660,20211660,Xabier  López-Arostegui Eskauriaza,Xabi López-Arostegui,López-Arostegui,López-A.,202,FALSE,202,NA,4339,2614,Valencia Basket,Valencia Basket,VBC,56001,112,Entra Pista,Substitution - In,6,FALSE,4,10,0,00:10:00,74,63,0,0,71482,0,0,0,1,2,2,1,3,0,0,0,1,2,2
1,Liga Nacional,Liga Endesa,https://www.acb.com/Documentos/Cabeceras/logo-competicion-1b.png,https://www.acb.com/Documentos/Cabeceras/logo-competicion-4a.png,89,2024,107,104321,20213252,20213252,20213252,Hugo  González Peña,Hugo González,H. González,González,202,FALSE,202,NA,4345,2620,Real Madrid,Real Madrid,RMB,56701,93,Canasta de 2,2-Point Shot Made,9,TRUE,4,9,50,00:09:50,76,63,2067,429,71492,0,1,2,2,0,0,1,1,2,1,0,2,0,4
1,Liga Nacional,Liga Endesa,https://www.acb.com/Documentos/Cabeceras/logo-competicion-1b.png,https://www.acb.com/Documentos/Cabeceras/logo-competicion-4a.png,89,2024,107,104321,30003505,30003505,21103049,Amida Abiola Brimah ,Amida Brimah,A. Brimah,Brimah,202,FALSE,202,NA,4339,2614,Valencia Basket,Valencia Basket,VBC,57201,97,Intento fallado de 2,2-Point Shot Missed,35,FALSE,4,9,33,00:09:33,76,63,605,605,71508,0,0,2,3,0,0,0,0,0,0,0,0,0,4
1,Liga Nacional,Liga Endesa,https://www.acb.com/Documentos/Cabeceras/logo-competicion-1b.png,https://www.acb.com/Documentos/Cabeceras/logo-competicion-4a.png,89,2024,107,104321,20210392,20210392,20210392,Josep  Puerto Guaita,Josep Puerto,J. Puerto,Puerto,202,FALSE,202,NA,4339,2614,Valencia Basket,Valencia Basket,VBC,57301,101,Rebote Ofensivo,Offensive Rebound,2,FALSE,4,9,33,00:09:33,76,63,0,0,71508,1,4,1,1,0,0,2,1,1,0,0,0,0,5
1,Liga Nacional,Liga Endesa,https://www.acb.com/Documentos/Cabeceras/logo-competicion-1b.png,https://www.acb.com/Documentos/Cabeceras/logo-competicion-4a.png,89,2024,107,104321,20210392,20210392,20210392,Josep  Puerto Guaita,Josep Puerto,J. Puerto,Puerto,202,FALSE,202,NA,4339,2614,Valencia Basket,Valencia Basket,VBC,57401,97,Intento fallado de 2,2-Point Shot Missed,2,FALSE,4,9,31,00:09:31,76,63,454,579,71510,1,4,1,2,0,0,2,1,1,0,0,0,0,5
1,Liga Nacional,Liga Endesa,https://www.acb.com/Documentos/Cabeceras/logo-competicion-1b.png,https://www.acb.com/Documentos/Cabeceras/logo-competicion-4a.png,89,2024,107,104321,20210392,20210392,20210392,Josep  Puerto Guaita,Josep Puerto,J. Puerto,Puerto,202,FALSE,202,NA,4339,2614,Valencia Basket,Valencia Basket,VBC,57501,101,Rebote Ofensivo,Offensive Rebound,2,FALSE,4,9,31,00:09:31,76,63,0,0,71510,1,4,1,2,0,0,3,1,1,0,0,0,0,5
1,Liga Nacional,Liga Endesa,https://www.acb.com/Documentos/Cabeceras/logo-competicion-1b.png,https://www.acb.com/Documentos/Cabeceras/logo-competicion-4a.png,89,2024,107,104321,20210392,20210392,20210392,Josep  Puerto Guaita,Josep Puerto,J. Puerto,Puerto,202,FALSE,202,NA,4339,2614,Valencia Basket,Valencia Basket,VBC,57601,93,Canasta de 2,2-Point Shot Made,2,FALSE,4,9,26,00:09:26,76,65,0,-101,71515,1,4,2,3,0,0,3,1,1,0,0,0,0,7
1,Liga Nacional,Liga Endesa,https://www.acb.com/Documentos/Cabeceras/logo-competicion-1b.png,https://www.acb.com/Documentos/Cabeceras/logo-competicion-4a.png,89,2024,107,104321,30001170,30001170,21100997,Dzanan  Musa ,Dzanan Musa,D. Musa,Musa,202,FALSE,202,NA,4345,2620,Real Madrid,Real Madrid,RMB,57701,93,Canasta de 2,2-Point Shot Made,13,TRUE,4,9,16,00:09:16,78,65,2369,933,71525,2,7,3,4,4,4,3,0,1,2,0,2,4,16
1,Liga Nacional,Liga Endesa,https://www.acb.com/Documentos/Cabeceras/logo-competicion-1b.png,https://www.acb.com/Documentos/Cabeceras/logo-competicion-4a.png,89,2024,107,104321,20213252,20213252,20213252,Hugo  González Peña,Hugo González,H. González,González,202,FALSE,202,NA,4345,2620,Real Madrid,Real Madrid,RMB,57801,107,Asistencia tiro de 2,Assist 2-Point Shot,9,TRUE,4,9,16,00:09:16,78,65,0,0,71525,0,1,2,2,0,0,1,2,2,1,0,2,0,4
1,Liga Nacional,Liga Endesa,https://www.acb.com/Documentos/Cabeceras/logo-competicion-1b.png,https://www.acb.com/Documentos/Cabeceras/logo-competicion-4a.png,89,2024,107,104321,30000514,30000514,21100451,Jean Claudio Montero Berroa,Jean Montero,J. Montero,Montero,202,FALSE,202,NA,4339,2614,Valencia Basket,Valencia Basket,VBC,57901,93,Canasta de 2,2-Point Shot Made,8,FALSE,4,8,55,00:08:55,78,67,2067,-2093,71546,1,3,3,6,0,0,4,7,1,2,0,2,2,9
1,Liga Nacional,Liga Endesa,https://www.acb.com/Documentos/Cabeceras/logo-competicion-1b.png,https://www.acb.com/Documentos/Cabeceras/logo-competicion-4a.png,89,2024,107,104321,30001114,30001114,21100955,Andres Rafael Feliz Sarita,Andrés Feliz,A. Feliz,Feliz,202,FALSE,202,NA,4345,2620,Real Madrid,Real Madrid,RMB,58001,93,Canasta de 2,2-Point Shot Made,24,TRUE,4,8,34,00:08:34,80,67,2117,-705,71567,1,1,6,8,1,1,3,2,0,0,0,1,1,16
1,Liga Nacional,Liga Endesa,https://www.acb.com/Documentos/Cabeceras/logo-competicion-1b.png,https://www.acb.com/Documentos/Cabeceras/logo-competicion-4a.png,89,2024,107,104321,20213252,20213252,20213252,Hugo  González Peña,Hugo González,H. González,González,202,FALSE,202,NA,4345,2620,Real Madrid,Real Madrid,RMB,58301,161,Personal 2TL,Foul 2FT,9,TRUE,4,8,19,00:08:19,80,67,0,0,71584,0,1,2,2,0,0,1,2,2,1,0,3,0,4
1,Liga Nacional,Liga Endesa,https://www.acb.com/Documentos/Cabeceras/logo-competicion-1b.png,https://www.acb.com/Documentos/Cabeceras/logo-competicion-4a.png,89,2024,107,104321,30000514,30000514,21100451,Jean Claudio Montero Berroa,Jean Montero,J. Montero,Montero,202,FALSE,202,NA,4339,2614,Valencia Basket,Valencia Basket,VBC,58401,110,Falta recibida,Foul Received,8,FALSE,4,8,19,00:08:19,80,67,0,0,71584,1,3,3,6,0,0,4,7,1,2,0,2,3,9
1,Liga Nacional,Liga Endesa,https://www.acb.com/Documentos/Cabeceras/logo-competicion-1b.png,https://www.acb.com/Documentos/Cabeceras/logo-competicion-4a.png,89,2024,107,104321,30003852,30003852,21103387,Bruno Afonso David Fernando ,Bruno Fernando,B. Fernando,Fernando,202,FALSE,202,NA,4345,2620,Real Madrid,Real Madrid,RMB,58601,115,Sale Pista,Substitution - Out,20,TRUE,4,8,19,00:08:19,80,67,0,0,71591,0,0,5,6,2,2,3,0,0,1,1,3,1,12
1,Liga Nacional,Liga Endesa,https://www.acb.com/Documentos/Cabeceras/logo-competicion-1b.png,https://www.acb.com/Documentos/Cabeceras/logo-competicion-4a.png,89,2024,107,104321,20209407,20209407,20209407,Walter Samuel Tavares Da Veiga,Edy Tavares,W. Tavares,Tavares,202,FALSE,202,NA,4345,2620,Real Madrid,Real Madrid,RMB,58701,112,Entra Pista,Substitution - In,22,TRUE,4,8,19,00:08:19,80,67,0,0,71591,0,0,2,4,0,0,6,1,0,2,0,0,2,4
1,Liga Nacional,Liga Endesa,https://www.acb.com/Documentos/Cabeceras/logo-competicion-1b.png,https://www.acb.com/Documentos/Cabeceras/logo-competicion-4a.png,89,2024,107,104321,30000514,30000514,21100451,Jean Claudio Montero Berroa,Jean Montero,J. Montero,Montero,202,FALSE,202,NA,4339,2614,Valencia Basket,Valencia Basket,VBC,58801,92,Canasta de 1,Free Throw Made,8,FALSE,4,8,19,00:08:19,80,68,0,0,71615,1,3,3,6,1,1,4,7,1,2,0,2,3,10
1,Liga Nacional,Liga Endesa,https://www.acb.com/Documentos/Cabeceras/logo-competicion-1b.png,https://www.acb.com/Documentos/Cabeceras/logo-competicion-4a.png,89,2024,107,104321,30000514,30000514,21100451,Jean Claudio Montero Berroa,Jean Montero,J. Montero,Montero,202,FALSE,202,NA,4339,2614,Valencia Basket,Valencia Basket,VBC,58901,92,Canasta de 1,Free Throw Made,8,FALSE,4,8,19,00:08:19,80,69,0,0,71628,1,3,3,6,2,2,4,7,1,2,0,2,3,11
1,Liga Nacional,Liga Endesa,https://www.acb.com/Documentos/Cabeceras/logo-competicion-1b.png,https://www.acb.com/Documentos/Cabeceras/logo-competicion-4a.png,89,2024,107,104321,20211660,20211660,20211660,Xabier  López-Arostegui Eskauriaza,Xabi López-Arostegui,López-Arostegui,López-A.,202,FALSE,202,NA,4339,2614,Valencia Basket,Valencia Basket,VBC,59201,115,Sale Pista,Substitution - Out,6,FALSE,4,8,19,00:08:19,80,69,0,0,71631,0,0,0,1,2,2,1,3,0,0,0,1,2,2
1,Liga Nacional,Liga Endesa,https://www.acb.com/Documentos/Cabeceras/logo-competicion-1b.png,https://www.acb.com/Documentos/Cabeceras/logo-competicion-4a.png,89,2024,107,104321,30000514,30000514,21100451,Jean Claudio Montero Berroa,Jean Montero,J. Montero,Montero,202,FALSE,202,NA,4339,2614,Valencia Basket,Valencia Basket,VBC,59301,115,Sale Pista,Substitution - Out,8,FALSE,4,8,19,00:08:19,80,69,0,0,71631,1,3,3,6,2,2,4,7,1,2,0,2,3,11
1,Liga Nacional,Liga Endesa,https://www.acb.com/Documentos/Cabeceras/logo-competicion-1b.png,https://www.acb.com/Documentos/Cabeceras/logo-competicion-4a.png,89,2024,107,104321,30001360,30001360,21101130,Sergio de Larrea Asenjo,Sergio de Larrea,S. de Larrea,De Larrea ,202,FALSE,202,NA,4339,2614,Valencia Basket,Valencia Basket,VBC,59401,112,Entra Pista,Substitution - In,5,FALSE,4,8,19,00:08:19,80,69,0,0,71631,0,0,0,0,0,0,1,1,0,1,0,0,0,0
1,Liga Nacional,Liga Endesa,https://www.acb.com/Documentos/Cabeceras/logo-competicion-1b.png,https://www.acb.com/Documentos/Cabeceras/logo-competicion-4a.png,89,2024,107,104321,30000107,30000107,21100103,El Hadji Omar Brancou Badio ,Brancou Badio,B. Badio,Badio,202,FALSE,202,NA,4339,2614,Valencia Basket,Valencia Basket,VBC,59501,112,Entra Pista,Substitution - In,0,FALSE,4,8,19,00:08:19,80,69,0,0,71631,1,3,2,4,2,2,1,2,2,1,0,2,1,9
1,Liga Nacional,Liga Endesa,https://www.acb.com/Documentos/Cabeceras/logo-competicion-1b.png,https://www.acb.com/Documentos/Cabeceras/logo-competicion-4a.png,89,2024,107,104321,20209407,20209407,20209407,Walter Samuel Tavares Da Veiga,Edy Tavares,W. Tavares,Tavares,202,FALSE,202,NA,4345,2620,Real Madrid,Real Madrid,RMB,59701,93,Canasta de 2,2-Point Shot Made,22,TRUE,4,8,0,00:08:00,82,69,101,933,71661,0,0,3,5,0,0,6,1,0,2,0,0,2,6
1,Liga Nacional,Liga Endesa,https://www.acb.com/Documentos/Cabeceras/logo-competicion-1b.png,https://www.acb.com/Documentos/Cabeceras/logo-competicion-4a.png,89,2024,107,104321,30001114,30001114,21100955,Andres Rafael Feliz Sarita,Andrés Feliz,A. Feliz,Feliz,202,FALSE,202,NA,4345,2620,Real Madrid,Real Madrid,RMB,59801,107,Asistencia tiro de 2,Assist 2-Point Shot,24,TRUE,4,8,0,00:08:00,82,69,0,0,71661,1,1,6,8,1,1,3,3,0,0,0,1,1,16
1,Liga Nacional,Liga Endesa,https://www.acb.com/Documentos/Cabeceras/logo-competicion-1b.png,https://www.acb.com/Documentos/Cabeceras/logo-competicion-4a.png,89,2024,107,104321,30001170,30001170,21100997,Dzanan  Musa ,Dzanan Musa,D. Musa,Musa,202,FALSE,202,NA,4345,2620,Real Madrid,Real Madrid,RMB,60101,159,Personal no TL,Foul No FT,13,TRUE,4,7,49,00:07:49,82,69,0,0,71676,2,7,3,4,4,4,3,0,1,2,0,3,4,16
1,Liga Nacional,Liga Endesa,https://www.acb.com/Documentos/Cabeceras/logo-competicion-1b.png,https://www.acb.com/Documentos/Cabeceras/logo-competicion-4a.png,89,2024,107,104321,20210392,20210392,20210392,Josep  Puerto Guaita,Josep Puerto,J. Puerto,Puerto,202,FALSE,202,NA,4339,2614,Valencia Basket,Valencia Basket,VBC,60201,110,Falta recibida,Foul Received,2,FALSE,4,7,49,00:07:49,82,69,0,0,71676,1,4,2,3,0,0,3,1,1,0,0,0,1,7
1,Liga Nacional,Liga Endesa,https://www.acb.com/Documentos/Cabeceras/logo-competicion-1b.png,https://www.acb.com/Documentos/Cabeceras/logo-competicion-4a.png,89,2024,107,104321,30003505,30003505,21103049,Amida Abiola Brimah ,Amida Brimah,A. Brimah,Brimah,202,FALSE,202,NA,4339,2614,Valencia Basket,Valencia Basket,VBC,60401,115,Sale Pista,Substitution - Out,35,FALSE,4,7,49,00:07:49,82,69,0,0,71681,0,0,2,3,0,0,0,0,0,0,0,0,0,4
1,Liga Nacional,Liga Endesa,https://www.acb.com/Documentos/Cabeceras/logo-competicion-1b.png,https://www.acb.com/Documentos/Cabeceras/logo-competicion-4a.png,89,2024,107,104321,30000032,30000032,21100034,Matthew Tyler Costello ,Matt Costello,M. Costello,Costello,202,FALSE,202,NA,4339,2614,Valencia Basket,Valencia Basket,VBC,60501,112,Entra Pista,Substitution - In,24,FALSE,4,7,49,00:07:49,82,69,0,0,71681,0,0,2,2,0,0,5,1,0,1,0,3,0,4
1,Liga Nacional,Liga Endesa,https://www.acb.com/Documentos/Cabeceras/logo-competicion-1b.png,https://www.acb.com/Documentos/Cabeceras/logo-competicion-4a.png,89,2024,107,104321,30001360,30001360,21101130,Sergio de Larrea Asenjo,Sergio de Larrea,S. de Larrea,De Larrea ,202,FALSE,202,NA,4339,2614,Valencia Basket,Valencia Basket,VBC,60701,98,Intento fallado de 3,3-Point Shot Missed,5,FALSE,4,7,41,00:07:41,82,69,5645,4437,71703,0,1,0,0,0,0,1,1,0,1,0,0,0,0
1,Liga Nacional,Liga Endesa,https://www.acb.com/Documentos/Cabeceras/logo-competicion-1b.png,https://www.acb.com/Documentos/Cabeceras/logo-competicion-4a.png,89,2024,107,104321,30001229,30001229,21101034,Eli John Ndiaye Faye,Eli John Ndiaye,E. Ndiaye,Ndiaye,202,FALSE,202,NA,4345,2620,Real Madrid,Real Madrid,RMB,60801,104,Rebote Defensivo,Defensive Rebound,30,TRUE,4,7,41,00:07:41,82,69,0,0,71703,0,0,2,2,0,0,8,0,0,0,0,1,0,4
1,Liga Nacional,Liga Endesa,https://www.acb.com/Documentos/Cabeceras/logo-competicion-1b.png,https://www.acb.com/Documentos/Cabeceras/logo-competicion-4a.png,89,2024,107,104321,30001229,30001229,21101034,Eli John Ndiaye Faye,Eli John Ndiaye,E. Ndiaye,Ndiaye,202,FALSE,202,NA,4345,2620,Real Madrid,Real Madrid,RMB,60901,94,Canasta de 3,3-Point Shot Made,30,TRUE,4,7,20,00:07:20,85,69,151,6706,71724,1,1,2,2,0,0,8,0,0,0,0,1,0,7
1,Liga Nacional,Liga Endesa,https://www.acb.com/Documentos/Cabeceras/logo-competicion-1b.png,https://www.acb.com/Documentos/Cabeceras/logo-competicion-4a.png,89,2024,107,104321,30001114,30001114,21100955,Andres Rafael Feliz Sarita,Andrés Feliz,A. Feliz,Feliz,202,FALSE,202,NA,4345,2620,Real Madrid,Real Madrid,RMB,61001,108,Asistencia tiro de 3,Assist 3-Point Shot,24,TRUE,4,7,20,00:07:20,85,69,0,0,71724,1,1,6,8,1,1,3,4,0,0,0,1,1,16
1,Liga Nacional,Liga Endesa,https://www.acb.com/Documentos/Cabeceras/logo-competicion-1b.png,https://www.acb.com/Documentos/Cabeceras/logo-competicion-4a.png,89,2024,107,104321,30003405,30003405,21102962,Nathan Michael Sestina ,Nate Sestina,N. Sestina,Sestina,202,FALSE,202,NA,4339,2614,Valencia Basket,Valencia Basket,VBC,61101,98,Intento fallado de 3,3-Point Shot Missed,77,FALSE,4,6,58,00:06:58,85,69,3730,6075,71746,0,3,1,1,0,0,1,0,1,0,0,0,0,2
1,Liga Nacional,Liga Endesa,https://www.acb.com/Documentos/Cabeceras/logo-competicion-1b.png,https://www.acb.com/Documentos/Cabeceras/logo-competicion-4a.png,89,2024,107,104321,30000032,30000032,21100034,Matthew Tyler Costello ,Matt Costello,M. Costello,Costello,202,FALSE,202,NA,4339,2614,Valencia Basket,Valencia Basket,VBC,61201,101,Rebote Ofensivo,Offensive Rebound,24,FALSE,4,6,58,00:06:58,85,69,0,0,71746,0,0,2,2,0,0,6,1,0,1,0,3,0,4
1,Liga Nacional,Liga Endesa,https://www.acb.com/Documentos/Cabeceras/logo-competicion-1b.png,https://www.acb.com/Documentos/Cabeceras/logo-competicion-4a.png,89,2024,107,104321,30001360,30001360,21101130,Sergio de Larrea Asenjo,Sergio de Larrea,S. de Larrea,De Larrea ,202,FALSE,202,NA,4339,2614,Valencia Basket,Valencia Basket,VBC,61301,98,Intento fallado de 3,3-Point Shot Missed,5,FALSE,4,6,47,00:06:47,85,69,6149,-4639,71757,0,2,0,0,0,0,1,1,0,1,0,0,0,0
1,Liga Nacional,Liga Endesa,https://www.acb.com/Documentos/Cabeceras/logo-competicion-1b.png,https://www.acb.com/Documentos/Cabeceras/logo-competicion-4a.png,89,2024,107,104321,30003405,30003405,21102962,Nathan Michael Sestina ,Nate Sestina,N. Sestina,Sestina,202,FALSE,202,NA,4339,2614,Valencia Basket,Valencia Basket,VBC,61401,101,Rebote Ofensivo,Offensive Rebound,77,FALSE,4,6,47,00:06:47,85,69,0,0,71757,0,3,1,1,0,0,2,0,1,0,0,0,0,2
1,Liga Nacional,Liga Endesa,https://www.acb.com/Documentos/Cabeceras/logo-competicion-1b.png,https://www.acb.com/Documentos/Cabeceras/logo-competicion-4a.png,89,2024,107,104321,30000032,30000032,21100034,Matthew Tyler Costello ,Matt Costello,M. Costello,Costello,202,FALSE,202,NA,4339,2614,Valencia Basket,Valencia Basket,VBC,61601,93,Canasta de 2,2-Point Shot Made,24,FALSE,4,6,36,00:06:36,85,71,554,-908,71769,0,0,3,3,0,0,6,1,0,1,0,3,0,6
1,Liga Nacional,Liga Endesa,https://www.acb.com/Documentos/Cabeceras/logo-competicion-1b.png,https://www.acb.com/Documentos/Cabeceras/logo-competicion-4a.png,89,2024,107,104321,30001114,30001114,21100955,Andres Rafael Feliz Sarita,Andrés Feliz,A. Feliz,Feliz,202,FALSE,202,NA,4345,2620,Real Madrid,Real Madrid,RMB,61701,160,Personal 1TL,Foul 1FT,24,TRUE,4,6,36,00:06:36,85,71,0,0,71772,1,1,6,8,1,1,3,4,0,0,0,2,1,16
1,Liga Nacional,Liga Endesa,https://www.acb.com/Documentos/Cabeceras/logo-competicion-1b.png,https://www.acb.com/Documentos/Cabeceras/logo-competicion-4a.png,89,2024,107,104321,30000032,30000032,21100034,Matthew Tyler Costello ,Matt Costello,M. Costello,Costello,202,FALSE,202,NA,4339,2614,Valencia Basket,Valencia Basket,VBC,61801,110,Falta recibida,Foul Received,24,FALSE,4,6,36,00:06:36,85,71,0,0,71772,0,0,3,3,0,0,6,1,0,1,0,3,1,6
1,Liga Nacional,Liga Endesa,https://www.acb.com/Documentos/Cabeceras/logo-competicion-1b.png,https://www.acb.com/Documentos/Cabeceras/logo-competicion-4a.png,89,2024,107,104321,30001170,30001170,21100997,Dzanan  Musa ,Dzanan Musa,D. Musa,Musa,202,FALSE,202,NA,4345,2620,Real Madrid,Real Madrid,RMB,62001,115,Sale Pista,Substitution - Out,13,TRUE,4,6,36,00:06:36,85,71,0,0,71780,2,7,3,4,4,4,3,0,1,2,0,3,4,16
1,Liga Nacional,Liga Endesa,https://www.acb.com/Documentos/Cabeceras/logo-competicion-1b.png,https://www.acb.com/Documentos/Cabeceras/logo-competicion-4a.png,89,2024,107,104321,30003363,30003363,21102921,Xavier Andrew Rathan-Mayes,Xavier Rathan-Mayes,X. Rathan-Mayes,Rathan-Mayes,202,FALSE,202,NA,4345,2620,Real Madrid,Real Madrid,RMB,62101,112,Entra Pista,Substitution - In,8,TRUE,4,6,36,00:06:36,85,71,0,0,71780,0,1,0,0,0,0,0,1,1,2,0,0,0,0
1,Liga Nacional,Liga Endesa,https://www.acb.com/Documentos/Cabeceras/logo-competicion-1b.png,https://www.acb.com/Documentos/Cabeceras/logo-competicion-4a.png,89,2024,107,104321,20210392,20210392,20210392,Josep  Puerto Guaita,Josep Puerto,J. Puerto,Puerto,202,FALSE,202,NA,4339,2614,Valencia Basket,Valencia Basket,VBC,62301,115,Sale Pista,Substitution - Out,2,FALSE,4,6,36,00:06:36,85,71,0,0,71785,1,4,2,3,0,0,3,1,1,0,0,0,1,7
1,Liga Nacional,Liga Endesa,https://www.acb.com/Documentos/Cabeceras/logo-competicion-1b.png,https://www.acb.com/Documentos/Cabeceras/logo-competicion-4a.png,89,2024,107,104321,30002811,30002811,21102420,Jesusemilore Talodabijesu Ojeleye ,Semi Ojeleye,S. Ojeleye,Ojeleye,202,FALSE,202,NA,4339,2614,Valencia Basket,Valencia Basket,VBC,62401,112,Entra Pista,Substitution - In,37,FALSE,4,6,36,00:06:36,85,71,0,0,71785,2,4,1,3,2,2,1,0,1,0,0,1,2,10
1,Liga Nacional,Liga Endesa,https://www.acb.com/Documentos/Cabeceras/logo-competicion-1b.png,https://www.acb.com/Documentos/Cabeceras/logo-competicion-4a.png,89,2024,107,104321,30000032,30000032,21100034,Matthew Tyler Costello ,Matt Costello,M. Costello,Costello,202,FALSE,202,NA,4339,2614,Valencia Basket,Valencia Basket,VBC,62501,92,Canasta de 1,Free Throw Made,24,FALSE,4,6,36,00:06:36,85,72,0,0,71805,0,0,3,3,1,1,6,1,0,1,0,3,1,7
1,Liga Nacional,Liga Endesa,https://www.acb.com/Documentos/Cabeceras/logo-competicion-1b.png,https://www.acb.com/Documentos/Cabeceras/logo-competicion-4a.png,89,2024,107,104321,30000107,30000107,21100103,El Hadji Omar Brancou Badio ,Brancou Badio,B. Badio,Badio,202,FALSE,202,NA,4339,2614,Valencia Basket,Valencia Basket,VBC,63001,159,Personal no TL,Foul No FT,0,FALSE,4,6,28,00:06:28,85,72,0,0,71821,1,3,2,4,2,2,1,2,2,1,0,3,1,9
1,Liga Nacional,Liga Endesa,https://www.acb.com/Documentos/Cabeceras/logo-competicion-1b.png,https://www.acb.com/Documentos/Cabeceras/logo-competicion-4a.png,89,2024,107,104321,30003363,30003363,21102921,Xavier Andrew Rathan-Mayes,Xavier Rathan-Mayes,X. Rathan-Mayes,Rathan-Mayes,202,FALSE,202,NA,4345,2620,Real Madrid,Real Madrid,RMB,63101,110,Falta recibida,Foul Received,8,TRUE,4,6,28,00:06:28,85,72,0,0,71821,0,1,0,0,0,0,0,1,1,2,0,0,1,0
1,Liga Nacional,Liga Endesa,https://www.acb.com/Documentos/Cabeceras/logo-competicion-1b.png,https://www.acb.com/Documentos/Cabeceras/logo-competicion-4a.png,89,2024,107,104321,20209407,20209407,20209407,Walter Samuel Tavares Da Veiga,Edy Tavares,W. Tavares,Tavares,202,FALSE,202,NA,4345,2620,Real Madrid,Real Madrid,RMB,63301,93,Canasta de 2,2-Point Shot Made,22,TRUE,4,6,19,00:06:19,87,72,151,1185,71846,0,0,4,6,0,0,6,1,0,2,0,0,2,8
1,Liga Nacional,Liga Endesa,https://www.acb.com/Documentos/Cabeceras/logo-competicion-1b.png,https://www.acb.com/Documentos/Cabeceras/logo-competicion-4a.png,89,2024,107,104321,20213252,20213252,20213252,Hugo  González Peña,Hugo González,H. González,González,202,FALSE,202,NA,4345,2620,Real Madrid,Real Madrid,RMB,63401,107,Asistencia tiro de 2,Assist 2-Point Shot,9,TRUE,4,6,19,00:06:19,87,72,0,0,71846,0,1,2,2,0,0,1,3,2,1,0,3,0,4
1,Liga Nacional,Liga Endesa,https://www.acb.com/Documentos/Cabeceras/logo-competicion-1b.png,https://www.acb.com/Documentos/Cabeceras/logo-competicion-4a.png,89,2024,107,104321,30000032,30000032,21100034,Matthew Tyler Costello ,Matt Costello,M. Costello,Costello,202,FALSE,202,NA,4339,2614,Valencia Basket,Valencia Basket,VBC,63501,98,Intento fallado de 3,3-Point Shot Missed,24,FALSE,4,6,11,00:06:11,87,72,7384,-1639,71854,0,1,3,3,1,1,6,1,0,1,0,3,1,7
1,Liga Nacional,Liga Endesa,https://www.acb.com/Documentos/Cabeceras/logo-competicion-1b.png,https://www.acb.com/Documentos/Cabeceras/logo-competicion-4a.png,89,2024,107,104321,30001114,30001114,21100955,Andres Rafael Feliz Sarita,Andrés Feliz,A. Feliz,Feliz,202,FALSE,202,NA,4345,2620,Real Madrid,Real Madrid,RMB,63601,104,Rebote Defensivo,Defensive Rebound,24,TRUE,4,6,11,00:06:11,87,72,0,0,71854,1,1,6,8,1,1,4,4,0,0,0,2,1,16
1,Liga Nacional,Liga Endesa,https://www.acb.com/Documentos/Cabeceras/logo-competicion-1b.png,https://www.acb.com/Documentos/Cabeceras/logo-competicion-4a.png,89,2024,107,104321,30001114,30001114,21100955,Andres Rafael Feliz Sarita,Andrés Feliz,A. Feliz,Feliz,202,FALSE,202,NA,4345,2620,Real Madrid,Real Madrid,RMB,63701,93,Canasta de 2,2-Point Shot Made,24,TRUE,4,5,54,00:05:54,89,72,3680,505,71871,1,1,7,9,1,1,4,4,0,0,0,2,1,18
1,Liga Nacional,Liga Endesa,https://www.acb.com/Documentos/Cabeceras/logo-competicion-1b.png,https://www.acb.com/Documentos/Cabeceras/logo-competicion-4a.png,89,2024,107,104321,30000107,30000107,21100103,El Hadji Omar Brancou Badio ,Brancou Badio,B. Badio,Badio,202,FALSE,202,NA,4339,2614,Valencia Basket,Valencia Basket,VBC,63801,97,Intento fallado de 2,2-Point Shot Missed,0,FALSE,4,5,34,00:05:34,89,72,3201,907,71890,1,3,2,5,2,2,1,2,2,1,0,3,1,9
1,Liga Nacional,Liga Endesa,https://www.acb.com/Documentos/Cabeceras/logo-competicion-1b.png,https://www.acb.com/Documentos/Cabeceras/logo-competicion-4a.png,89,2024,107,104321,20209407,20209407,20209407,Walter Samuel Tavares Da Veiga,Edy Tavares,W. Tavares,Tavares,202,FALSE,202,NA,4345,2620,Real Madrid,Real Madrid,RMB,63901,104,Rebote Defensivo,Defensive Rebound,22,TRUE,4,5,34,00:05:34,89,72,0,0,71890,0,0,4,6,0,0,7,1,0,2,0,0,2,8
1,Liga Nacional,Liga Endesa,https://www.acb.com/Documentos/Cabeceras/logo-competicion-1b.png,https://www.acb.com/Documentos/Cabeceras/logo-competicion-4a.png,89,2024,107,104321,30003363,30003363,21102921,Xavier Andrew Rathan-Mayes,Xavier Rathan-Mayes,X. Rathan-Mayes,Rathan-Mayes,202,FALSE,202,NA,4345,2620,Real Madrid,Real Madrid,RMB,64001,97,Intento fallado de 2,2-Point Shot Missed,8,TRUE,4,5,12,00:05:12,89,72,932,3505,71913,0,1,0,1,0,0,0,1,1,2,0,0,1,0
1,Liga Nacional,Liga Endesa,https://www.acb.com/Documentos/Cabeceras/logo-competicion-1b.png,https://www.acb.com/Documentos/Cabeceras/logo-competicion-4a.png,89,2024,107,104321,30003405,30003405,21102962,Nathan Michael Sestina ,Nate Sestina,N. Sestina,Sestina,202,FALSE,202,NA,4339,2614,Valencia Basket,Valencia Basket,VBC,64101,104,Rebote Defensivo,Defensive Rebound,77,FALSE,4,5,12,00:05:12,89,72,0,0,71913,0,3,1,1,0,0,3,0,1,0,0,0,0,2
1,Liga Nacional,Liga Endesa,https://www.acb.com/Documentos/Cabeceras/logo-competicion-1b.png,https://www.acb.com/Documentos/Cabeceras/logo-competicion-4a.png,89,2024,107,104321,30003405,30003405,21102962,Nathan Michael Sestina ,Nate Sestina,N. Sestina,Sestina,202,FALSE,202,NA,4339,2614,Valencia Basket,Valencia Basket,VBC,64201,106,Pérdida,Turnover,77,FALSE,4,5,7,00:05:07,89,72,0,0,71917,0,3,1,1,0,0,3,0,1,1,0,0,0,2
1,Liga Nacional,Liga Endesa,https://www.acb.com/Documentos/Cabeceras/logo-competicion-1b.png,https://www.acb.com/Documentos/Cabeceras/logo-competicion-4a.png,89,2024,107,104321,30003363,30003363,21102921,Xavier Andrew Rathan-Mayes,Xavier Rathan-Mayes,X. Rathan-Mayes,Rathan-Mayes,202,FALSE,202,NA,4345,2620,Real Madrid,Real Madrid,RMB,64301,103,Recuperación,Steal,8,TRUE,4,5,7,00:05:07,89,72,0,0,71917,0,1,0,1,0,0,0,1,2,2,0,0,1,0
1,Liga Nacional,Liga Endesa,https://www.acb.com/Documentos/Cabeceras/logo-competicion-1b.png,https://www.acb.com/Documentos/Cabeceras/logo-competicion-4a.png,89,2024,107,104321,30001360,30001360,21101130,Sergio de Larrea Asenjo,Sergio de Larrea,S. de Larrea,De Larrea ,202,FALSE,202,NA,4339,2614,Valencia Basket,Valencia Basket,VBC,64601,159,Personal no TL,Foul No FT,5,FALSE,4,5,2,00:05:02,89,72,0,0,71924,0,2,0,0,0,0,1,1,0,1,0,1,0,0
1,Liga Nacional,Liga Endesa,https://www.acb.com/Documentos/Cabeceras/logo-competicion-1b.png,https://www.acb.com/Documentos/Cabeceras/logo-competicion-4a.png,89,2024,107,104321,30003363,30003363,21102921,Xavier Andrew Rathan-Mayes,Xavier Rathan-Mayes,X. Rathan-Mayes,Rathan-Mayes,202,FALSE,202,NA,4345,2620,Real Madrid,Real Madrid,RMB,64701,110,Falta recibida,Foul Received,8,TRUE,4,5,2,00:05:02,89,72,0,0,71924,0,1,0,1,0,0,0,1,2,2,0,0,2,0
1,Liga Nacional,Liga Endesa,https://www.acb.com/Documentos/Cabeceras/logo-competicion-1b.png,https://www.acb.com/Documentos/Cabeceras/logo-competicion-4a.png,89,2024,107,104321,20213252,20213252,20213252,Hugo  González Peña,Hugo González,H. González,González,202,FALSE,202,NA,4345,2620,Real Madrid,Real Madrid,RMB,64901,115,Sale Pista,Substitution - Out,9,TRUE,4,5,2,00:05:02,89,72,0,0,71933,0,1,2,2,0,0,1,3,2,1,0,3,0,4
1,Liga Nacional,Liga Endesa,https://www.acb.com/Documentos/Cabeceras/logo-competicion-1b.png,https://www.acb.com/Documentos/Cabeceras/logo-competicion-4a.png,89,2024,107,104321,20211331,20211331,20211331,Facundo  Campazzo Avedano,Facu Campazzo,F. Campazzo,Campazzo,202,FALSE,202,NA,4345,2620,Real Madrid,Real Madrid,RMB,65001,112,Entra Pista,Substitution - In,7,TRUE,4,5,2,00:05:02,89,72,0,0,71933,2,5,1,2,2,2,1,3,1,1,0,1,3,10
1,Liga Nacional,Liga Endesa,https://www.acb.com/Documentos/Cabeceras/logo-competicion-1b.png,https://www.acb.com/Documentos/Cabeceras/logo-competicion-4a.png,89,2024,107,104321,30003405,30003405,21102962,Nathan Michael Sestina ,Nate Sestina,N. Sestina,Sestina,202,FALSE,202,NA,4339,2614,Valencia Basket,Valencia Basket,VBC,65101,115,Sale Pista,Substitution - Out,77,FALSE,4,5,2,00:05:02,89,72,0,0,71933,0,3,1,1,0,0,3,0,1,1,0,0,0,2
1,Liga Nacional,Liga Endesa,https://www.acb.com/Documentos/Cabeceras/logo-competicion-1b.png,https://www.acb.com/Documentos/Cabeceras/logo-competicion-4a.png,89,2024,107,104321,20211129,20211129,20211129,Jaime  Pradilla Gayán,Jaime Pradilla,J. Pradilla,Pradilla,202,FALSE,202,NA,4339,2614,Valencia Basket,Valencia Basket,VBC,65201,112,Entra Pista,Substitution - In,4,FALSE,4,5,2,00:05:02,89,72,0,0,71933,0,2,3,4,0,0,2,0,0,0,0,0,0,6
1,Liga Nacional,Liga Endesa,https://www.acb.com/Documentos/Cabeceras/logo-competicion-1b.png,https://www.acb.com/Documentos/Cabeceras/logo-competicion-4a.png,89,2024,107,104321,30001114,30001114,21100955,Andres Rafael Feliz Sarita,Andrés Feliz,A. Feliz,Feliz,202,FALSE,202,NA,4345,2620,Real Madrid,Real Madrid,RMB,65401,97,Intento fallado de 2,2-Point Shot Missed,24,TRUE,4,4,49,00:04:49,89,72,1386,-1184,71960,1,1,7,10,1,1,4,4,0,0,0,2,1,18
1,Liga Nacional,Liga Endesa,https://www.acb.com/Documentos/Cabeceras/logo-competicion-1b.png,https://www.acb.com/Documentos/Cabeceras/logo-competicion-4a.png,89,2024,107,104321,20209407,20209407,20209407,Walter Samuel Tavares Da Veiga,Edy Tavares,W. Tavares,Tavares,202,FALSE,202,NA,4345,2620,Real Madrid,Real Madrid,RMB,65501,101,Rebote Ofensivo,Offensive Rebound,22,TRUE,4,4,49,00:04:49,89,72,0,0,71960,0,0,4,6,0,0,8,1,0,2,0,0,2,8
1,Liga Nacional,Liga Endesa,https://www.acb.com/Documentos/Cabeceras/logo-competicion-1b.png,https://www.acb.com/Documentos/Cabeceras/logo-competicion-4a.png,89,2024,107,104321,20209407,20209407,20209407,Walter Samuel Tavares Da Veiga,Edy Tavares,W. Tavares,Tavares,202,FALSE,202,NA,4345,2620,Real Madrid,Real Madrid,RMB,65601,100,Mate,Dunk,22,TRUE,4,4,46,00:04:46,91,72,0,0,71963,0,0,5,7,0,0,8,1,0,2,0,0,2,10
1,Liga Nacional,Liga Endesa,https://www.acb.com/Documentos/Cabeceras/logo-competicion-1b.png,https://www.acb.com/Documentos/Cabeceras/logo-competicion-4a.png,89,2024,107,104321,30000032,30000032,21100034,Matthew Tyler Costello ,Matt Costello,M. Costello,Costello,202,FALSE,202,NA,4339,2614,Valencia Basket,Valencia Basket,VBC,65701,94,Canasta de 3,3-Point Shot Made,24,FALSE,4,4,29,00:04:29,91,75,6301,3579,71980,1,2,3,3,1,1,6,1,0,1,0,3,1,10
1,Liga Nacional,Liga Endesa,https://www.acb.com/Documentos/Cabeceras/logo-competicion-1b.png,https://www.acb.com/Documentos/Cabeceras/logo-competicion-4a.png,89,2024,107,104321,30001360,30001360,21101130,Sergio de Larrea Asenjo,Sergio de Larrea,S. de Larrea,De Larrea ,202,FALSE,202,NA,4339,2614,Valencia Basket,Valencia Basket,VBC,65801,108,Asistencia tiro de 3,Assist 3-Point Shot,5,FALSE,4,4,29,00:04:29,91,75,0,0,71980,0,2,0,0,0,0,1,2,0,1,0,1,0,0
1,Liga Nacional,Liga Endesa,https://www.acb.com/Documentos/Cabeceras/logo-competicion-1b.png,https://www.acb.com/Documentos/Cabeceras/logo-competicion-4a.png,89,2024,107,104321,20211331,20211331,20211331,Facundo  Campazzo Avedano,Facu Campazzo,F. Campazzo,Campazzo,202,FALSE,202,NA,4345,2620,Real Madrid,Real Madrid,RMB,65901,106,Pérdida,Turnover,7,TRUE,4,4,8,00:04:08,91,75,0,0,72000,2,5,1,2,2,2,1,3,1,2,0,1,3,10
1,Liga Nacional,Liga Endesa,https://www.acb.com/Documentos/Cabeceras/logo-competicion-1b.png,https://www.acb.com/Documentos/Cabeceras/logo-competicion-4a.png,89,2024,107,104321,30000107,30000107,21100103,El Hadji Omar Brancou Badio ,Brancou Badio,B. Badio,Badio,202,FALSE,202,NA,4339,2614,Valencia Basket,Valencia Basket,VBC,66001,103,Recuperación,Steal,0,FALSE,4,4,8,00:04:08,91,75,0,0,72000,1,3,2,5,2,2,1,2,3,1,0,3,1,9
1,Liga Nacional,Liga Endesa,https://www.acb.com/Documentos/Cabeceras/logo-competicion-1b.png,https://www.acb.com/Documentos/Cabeceras/logo-competicion-4a.png,89,2024,107,104321,30002811,30002811,21102420,Jesusemilore Talodabijesu Ojeleye ,Semi Ojeleye,S. Ojeleye,Ojeleye,202,FALSE,202,NA,4339,2614,Valencia Basket,Valencia Basket,VBC,66101,100,Mate,Dunk,37,FALSE,4,4,2,00:04:02,91,77,0,0,72005,2,4,2,4,2,2,1,0,1,0,0,1,2,12
1,Liga Nacional,Liga Endesa,https://www.acb.com/Documentos/Cabeceras/logo-competicion-1b.png,https://www.acb.com/Documentos/Cabeceras/logo-competicion-4a.png,89,2024,107,104321,30000107,30000107,21100103,El Hadji Omar Brancou Badio ,Brancou Badio,B. Badio,Badio,202,FALSE,202,NA,4339,2614,Valencia Basket,Valencia Basket,VBC,66301,107,Asistencia tiro de 2,Assist 2-Point Shot,0,FALSE,4,4,2,00:04:02,91,77,0,0,72005,1,3,2,5,2,2,1,3,3,1,0,3,1,9
1,Liga Nacional,Liga Endesa,https://www.acb.com/Documentos/Cabeceras/logo-competicion-1b.png,https://www.acb.com/Documentos/Cabeceras/logo-competicion-4a.png,89,2024,107,104321,NA,NA,NA,NA,NA,NA,NA,NA,NA,NA,NA,4345,2620,Real Madrid,Real Madrid,RMB,66901,113,Tiempo Muerto,Timeout,NA,TRUE,4,4,2,00:04:02,91,77,0,0,72012,NA,NA,NA,NA,NA,NA,NA,NA,NA,NA,NA,NA,NA,NA
1,Liga Nacional,Liga Endesa,https://www.acb.com/Documentos/Cabeceras/logo-competicion-1b.png,https://www.acb.com/Documentos/Cabeceras/logo-competicion-4a.png,89,2024,107,104321,30001114,30001114,21100955,Andres Rafael Feliz Sarita,Andrés Feliz,A. Feliz,Feliz,202,FALSE,202,NA,4345,2620,Real Madrid,Real Madrid,RMB,67101,115,Sale Pista,Substitution - Out,24,TRUE,4,4,2,00:04:02,91,77,0,0,72085,1,1,7,10,1,1,4,4,0,0,0,2,1,18
1,Liga Nacional,Liga Endesa,https://www.acb.com/Documentos/Cabeceras/logo-competicion-1b.png,https://www.acb.com/Documentos/Cabeceras/logo-competicion-4a.png,89,2024,107,104321,20213252,20213252,20213252,Hugo  González Peña,Hugo González,H. González,González,202,FALSE,202,NA,4345,2620,Real Madrid,Real Madrid,RMB,67201,112,Entra Pista,Substitution - In,9,TRUE,4,4,2,00:04:02,91,77,0,0,72085,0,1,2,2,0,0,1,3,2,1,0,3,0,4
1,Liga Nacional,Liga Endesa,https://www.acb.com/Documentos/Cabeceras/logo-competicion-1b.png,https://www.acb.com/Documentos/Cabeceras/logo-competicion-4a.png,89,2024,107,104321,30002811,30002811,21102420,Jesusemilore Talodabijesu Ojeleye ,Semi Ojeleye,S. Ojeleye,Ojeleye,202,FALSE,202,NA,4339,2614,Valencia Basket,Valencia Basket,VBC,67301,115,Sale Pista,Substitution - Out,37,FALSE,4,4,2,00:04:02,91,77,0,0,72085,2,4,2,4,2,2,1,0,1,0,0,1,2,12
1,Liga Nacional,Liga Endesa,https://www.acb.com/Documentos/Cabeceras/logo-competicion-1b.png,https://www.acb.com/Documentos/Cabeceras/logo-competicion-4a.png,89,2024,107,104321,30001360,30001360,21101130,Sergio de Larrea Asenjo,Sergio de Larrea,S. de Larrea,De Larrea ,202,FALSE,202,NA,4339,2614,Valencia Basket,Valencia Basket,VBC,67401,115,Sale Pista,Substitution - Out,5,FALSE,4,4,2,00:04:02,91,77,0,0,72085,0,2,0,0,0,0,1,2,0,1,0,1,0,0
1,Liga Nacional,Liga Endesa,https://www.acb.com/Documentos/Cabeceras/logo-competicion-1b.png,https://www.acb.com/Documentos/Cabeceras/logo-competicion-4a.png,89,2024,107,104321,20211660,20211660,20211660,Xabier  López-Arostegui Eskauriaza,Xabi López-Arostegui,López-Arostegui,López-A.,202,FALSE,202,NA,4339,2614,Valencia Basket,Valencia Basket,VBC,67501,112,Entra Pista,Substitution - In,6,FALSE,4,4,2,00:04:02,91,77,0,0,72085,0,0,0,1,2,2,1,3,0,0,0,1,2,2
1,Liga Nacional,Liga Endesa,https://www.acb.com/Documentos/Cabeceras/logo-competicion-1b.png,https://www.acb.com/Documentos/Cabeceras/logo-competicion-4a.png,89,2024,107,104321,30000514,30000514,21100451,Jean Claudio Montero Berroa,Jean Montero,J. Montero,Montero,202,FALSE,202,NA,4339,2614,Valencia Basket,Valencia Basket,VBC,67601,112,Entra Pista,Substitution - In,8,FALSE,4,4,2,00:04:02,91,77,0,0,72085,1,3,3,6,2,2,4,7,1,2,0,2,3,11
1,Liga Nacional,Liga Endesa,https://www.acb.com/Documentos/Cabeceras/logo-competicion-1b.png,https://www.acb.com/Documentos/Cabeceras/logo-competicion-4a.png,89,2024,107,104321,20211660,20211660,20211660,Xabier  López-Arostegui Eskauriaza,Xabi López-Arostegui,López-Arostegui,López-A.,202,FALSE,202,NA,4339,2614,Valencia Basket,Valencia Basket,VBC,68001,161,Personal 2TL,Foul 2FT,6,FALSE,4,3,56,00:03:56,91,77,0,0,72117,0,0,0,1,2,2,1,3,0,0,0,2,2,2
1,Liga Nacional,Liga Endesa,https://www.acb.com/Documentos/Cabeceras/logo-competicion-1b.png,https://www.acb.com/Documentos/Cabeceras/logo-competicion-4a.png,89,2024,107,104321,20213252,20213252,20213252,Hugo  González Peña,Hugo González,H. González,González,202,FALSE,202,NA,4345,2620,Real Madrid,Real Madrid,RMB,68101,110,Falta recibida,Foul Received,9,TRUE,4,3,56,00:03:56,91,77,0,0,72117,0,1,2,2,0,0,1,3,2,1,0,3,1,4
1,Liga Nacional,Liga Endesa,https://www.acb.com/Documentos/Cabeceras/logo-competicion-1b.png,https://www.acb.com/Documentos/Cabeceras/logo-competicion-4a.png,89,2024,107,104321,20213252,20213252,20213252,Hugo  González Peña,Hugo González,H. González,González,202,FALSE,202,NA,4345,2620,Real Madrid,Real Madrid,RMB,68301,92,Canasta de 1,Free Throw Made,9,TRUE,4,3,56,00:03:56,92,77,0,0,72139,0,1,2,2,1,1,1,3,2,1,0,3,1,5
1,Liga Nacional,Liga Endesa,https://www.acb.com/Documentos/Cabeceras/logo-competicion-1b.png,https://www.acb.com/Documentos/Cabeceras/logo-competicion-4a.png,89,2024,107,104321,20213252,20213252,20213252,Hugo  González Peña,Hugo González,H. González,González,202,FALSE,202,NA,4345,2620,Real Madrid,Real Madrid,RMB,68401,96,Intento fallado de 1,Free Throw Missed,9,TRUE,4,3,56,00:03:56,92,77,0,0,72160,0,1,2,2,1,2,1,3,2,1,0,3,1,5
1,Liga Nacional,Liga Endesa,https://www.acb.com/Documentos/Cabeceras/logo-competicion-1b.png,https://www.acb.com/Documentos/Cabeceras/logo-competicion-4a.png,89,2024,107,104321,20211129,20211129,20211129,Jaime  Pradilla Gayán,Jaime Pradilla,J. Pradilla,Pradilla,202,FALSE,202,NA,4339,2614,Valencia Basket,Valencia Basket,VBC,68501,104,Rebote Defensivo,Defensive Rebound,4,FALSE,4,3,56,00:03:56,92,77,0,0,72160,0,2,3,4,0,0,3,0,0,0,0,0,0,6
1,Liga Nacional,Liga Endesa,https://www.acb.com/Documentos/Cabeceras/logo-competicion-1b.png,https://www.acb.com/Documentos/Cabeceras/logo-competicion-4a.png,89,2024,107,104321,30000107,30000107,21100103,El Hadji Omar Brancou Badio ,Brancou Badio,B. Badio,Badio,202,FALSE,202,NA,4339,2614,Valencia Basket,Valencia Basket,VBC,68701,93,Canasta de 2,2-Point Shot Made,0,FALSE,4,3,42,00:03:42,92,79,2848,2420,72176,1,3,3,6,2,2,1,3,3,1,0,3,1,11
1,Liga Nacional,Liga Endesa,https://www.acb.com/Documentos/Cabeceras/logo-competicion-1b.png,https://www.acb.com/Documentos/Cabeceras/logo-competicion-4a.png,89,2024,107,104321,30003363,30003363,21102921,Xavier Andrew Rathan-Mayes,Xavier Rathan-Mayes,X. Rathan-Mayes,Rathan-Mayes,202,FALSE,202,NA,4345,2620,Real Madrid,Real Madrid,RMB,68801,106,Pérdida,Turnover,8,TRUE,4,3,18,00:03:18,92,79,0,0,72201,0,1,0,1,0,0,0,1,2,3,0,0,2,0
1,Liga Nacional,Liga Endesa,https://www.acb.com/Documentos/Cabeceras/logo-competicion-1b.png,https://www.acb.com/Documentos/Cabeceras/logo-competicion-4a.png,89,2024,107,104321,30000032,30000032,21100034,Matthew Tyler Costello ,Matt Costello,M. Costello,Costello,202,FALSE,202,NA,4339,2614,Valencia Basket,Valencia Basket,VBC,68901,103,Recuperación,Steal,24,FALSE,4,3,18,00:03:18,92,79,0,0,72201,1,2,3,3,1,1,6,1,1,1,0,3,1,10
1,Liga Nacional,Liga Endesa,https://www.acb.com/Documentos/Cabeceras/logo-competicion-1b.png,https://www.acb.com/Documentos/Cabeceras/logo-competicion-4a.png,89,2024,107,104321,20211129,20211129,20211129,Jaime  Pradilla Gayán,Jaime Pradilla,J. Pradilla,Pradilla,202,FALSE,202,NA,4339,2614,Valencia Basket,Valencia Basket,VBC,69201,93,Canasta de 2,2-Point Shot Made,4,FALSE,4,3,11,00:03:11,92,81,428,226,72208,0,2,4,5,0,0,3,0,0,0,0,0,0,8
1,Liga Nacional,Liga Endesa,https://www.acb.com/Documentos/Cabeceras/logo-competicion-1b.png,https://www.acb.com/Documentos/Cabeceras/logo-competicion-4a.png,89,2024,107,104321,30000514,30000514,21100451,Jean Claudio Montero Berroa,Jean Montero,J. Montero,Montero,202,FALSE,202,NA,4339,2614,Valencia Basket,Valencia Basket,VBC,69401,107,Asistencia tiro de 2,Assist 2-Point Shot,8,FALSE,4,3,11,00:03:11,92,81,0,0,72208,1,3,3,6,2,2,4,8,1,2,0,2,3,11
1,Liga Nacional,Liga Endesa,https://www.acb.com/Documentos/Cabeceras/logo-competicion-1b.png,https://www.acb.com/Documentos/Cabeceras/logo-competicion-4a.png,89,2024,107,104321,20209407,20209407,20209407,Walter Samuel Tavares Da Veiga,Edy Tavares,W. Tavares,Tavares,202,FALSE,202,NA,4345,2620,Real Madrid,Real Madrid,RMB,69601,115,Sale Pista,Substitution - Out,22,TRUE,4,3,11,00:03:11,92,81,0,0,72212,0,0,5,7,0,0,8,1,0,2,0,0,2,10
1,Liga Nacional,Liga Endesa,https://www.acb.com/Documentos/Cabeceras/logo-competicion-1b.png,https://www.acb.com/Documentos/Cabeceras/logo-competicion-4a.png,89,2024,107,104321,30003852,30003852,21103387,Bruno Afonso David Fernando ,Bruno Fernando,B. Fernando,Fernando,202,FALSE,202,NA,4345,2620,Real Madrid,Real Madrid,RMB,69701,112,Entra Pista,Substitution - In,20,TRUE,4,3,11,00:03:11,92,81,0,0,72212,0,0,5,6,2,2,3,0,0,1,1,3,1,12
1,Liga Nacional,Liga Endesa,https://www.acb.com/Documentos/Cabeceras/logo-competicion-1b.png,https://www.acb.com/Documentos/Cabeceras/logo-competicion-4a.png,89,2024,107,104321,30001229,30001229,21101034,Eli John Ndiaye Faye,Eli John Ndiaye,E. Ndiaye,Ndiaye,202,FALSE,202,NA,4345,2620,Real Madrid,Real Madrid,RMB,69901,115,Sale Pista,Substitution - Out,30,TRUE,4,3,11,00:03:11,92,81,0,0,72225,1,1,2,2,0,0,8,0,0,0,0,1,0,7
1,Liga Nacional,Liga Endesa,https://www.acb.com/Documentos/Cabeceras/logo-competicion-1b.png,https://www.acb.com/Documentos/Cabeceras/logo-competicion-4a.png,89,2024,107,104321,20213252,20213252,20213252,Hugo  González Peña,Hugo González,H. González,González,202,FALSE,202,NA,4345,2620,Real Madrid,Real Madrid,RMB,70001,115,Sale Pista,Substitution - Out,9,TRUE,4,3,11,00:03:11,92,81,0,0,72225,0,1,2,2,1,2,1,3,2,1,0,3,1,5
1,Liga Nacional,Liga Endesa,https://www.acb.com/Documentos/Cabeceras/logo-competicion-1b.png,https://www.acb.com/Documentos/Cabeceras/logo-competicion-4a.png,89,2024,107,104321,30001114,30001114,21100955,Andres Rafael Feliz Sarita,Andrés Feliz,A. Feliz,Feliz,202,FALSE,202,NA,4345,2620,Real Madrid,Real Madrid,RMB,70101,112,Entra Pista,Substitution - In,24,TRUE,4,3,11,00:03:11,92,81,0,0,72225,1,1,7,10,1,1,4,4,0,0,0,2,1,18
1,Liga Nacional,Liga Endesa,https://www.acb.com/Documentos/Cabeceras/logo-competicion-1b.png,https://www.acb.com/Documentos/Cabeceras/logo-competicion-4a.png,89,2024,107,104321,20210088,20210088,20210088,Alberto  Abalde Díaz,Alberto Abalde,A. Abalde,Abalde,202,FALSE,202,NA,4345,2620,Real Madrid,Real Madrid,RMB,70201,112,Entra Pista,Substitution - In,6,TRUE,4,3,11,00:03:11,92,81,0,0,72225,1,3,2,2,0,0,1,2,1,0,0,0,0,7
1,Liga Nacional,Liga Endesa,https://www.acb.com/Documentos/Cabeceras/logo-competicion-1b.png,https://www.acb.com/Documentos/Cabeceras/logo-competicion-4a.png,89,2024,107,104321,30001114,30001114,21100955,Andres Rafael Feliz Sarita,Andrés Feliz,A. Feliz,Feliz,202,FALSE,202,NA,4345,2620,Real Madrid,Real Madrid,RMB,70401,93,Canasta de 2,2-Point Shot Made,24,TRUE,4,2,50,00:02:50,94,81,0,1362,72273,1,1,8,11,1,1,4,4,0,0,0,2,1,20
1,Liga Nacional,Liga Endesa,https://www.acb.com/Documentos/Cabeceras/logo-competicion-1b.png,https://www.acb.com/Documentos/Cabeceras/logo-competicion-4a.png,89,2024,107,104321,30003852,30003852,21103387,Bruno Afonso David Fernando ,Bruno Fernando,B. Fernando,Fernando,202,FALSE,202,NA,4345,2620,Real Madrid,Real Madrid,RMB,70601,161,Personal 2TL,Foul 2FT,20,TRUE,4,2,28,00:02:28,94,81,0,0,72302,0,0,5,6,2,2,3,0,0,1,1,4,1,12
1,Liga Nacional,Liga Endesa,https://www.acb.com/Documentos/Cabeceras/logo-competicion-1b.png,https://www.acb.com/Documentos/Cabeceras/logo-competicion-4a.png,89,2024,107,104321,20211129,20211129,20211129,Jaime  Pradilla Gayán,Jaime Pradilla,J. Pradilla,Pradilla,202,FALSE,202,NA,4339,2614,Valencia Basket,Valencia Basket,VBC,70701,110,Falta recibida,Foul Received,4,FALSE,4,2,28,00:02:28,94,81,0,0,72302,0,2,4,5,0,0,3,0,0,0,0,0,1,8
1,Liga Nacional,Liga Endesa,https://www.acb.com/Documentos/Cabeceras/logo-competicion-1b.png,https://www.acb.com/Documentos/Cabeceras/logo-competicion-4a.png,89,2024,107,104321,20211129,20211129,20211129,Jaime  Pradilla Gayán,Jaime Pradilla,J. Pradilla,Pradilla,202,FALSE,202,NA,4339,2614,Valencia Basket,Valencia Basket,VBC,70801,92,Canasta de 1,Free Throw Made,4,FALSE,4,2,28,00:02:28,94,82,0,0,72324,0,2,4,5,1,1,3,0,0,0,0,0,1,9
1,Liga Nacional,Liga Endesa,https://www.acb.com/Documentos/Cabeceras/logo-competicion-1b.png,https://www.acb.com/Documentos/Cabeceras/logo-competicion-4a.png,89,2024,107,104321,20211129,20211129,20211129,Jaime  Pradilla Gayán,Jaime Pradilla,J. Pradilla,Pradilla,202,FALSE,202,NA,4339,2614,Valencia Basket,Valencia Basket,VBC,70901,92,Canasta de 1,Free Throw Made,4,FALSE,4,2,28,00:02:28,94,83,0,0,72347,0,2,4,5,2,2,3,0,0,0,0,0,1,10
1,Liga Nacional,Liga Endesa,https://www.acb.com/Documentos/Cabeceras/logo-competicion-1b.png,https://www.acb.com/Documentos/Cabeceras/logo-competicion-4a.png,89,2024,107,104321,30003363,30003363,21102921,Xavier Andrew Rathan-Mayes,Xavier Rathan-Mayes,X. Rathan-Mayes,Rathan-Mayes,202,FALSE,202,NA,4345,2620,Real Madrid,Real Madrid,RMB,71201,98,Intento fallado de 3,3-Point Shot Missed,8,TRUE,4,2,14,00:02:14,94,83,580,6883,72367,0,2,0,1,0,0,0,1,2,3,0,0,2,0
1,Liga Nacional,Liga Endesa,https://www.acb.com/Documentos/Cabeceras/logo-competicion-1b.png,https://www.acb.com/Documentos/Cabeceras/logo-competicion-4a.png,89,2024,107,104321,20211660,20211660,20211660,Xabier  López-Arostegui Eskauriaza,Xabi López-Arostegui,López-Arostegui,López-A.,202,FALSE,202,NA,4339,2614,Valencia Basket,Valencia Basket,VBC,71301,104,Rebote Defensivo,Defensive Rebound,6,FALSE,4,2,14,00:02:14,94,83,0,0,72367,0,0,0,1,2,2,2,3,0,0,0,2,2,2
1,Liga Nacional,Liga Endesa,https://www.acb.com/Documentos/Cabeceras/logo-competicion-1b.png,https://www.acb.com/Documentos/Cabeceras/logo-competicion-4a.png,89,2024,107,104321,20211129,20211129,20211129,Jaime  Pradilla Gayán,Jaime Pradilla,J. Pradilla,Pradilla,202,FALSE,202,NA,4339,2614,Valencia Basket,Valencia Basket,VBC,71401,93,Canasta de 2,2-Point Shot Made,4,FALSE,4,1,58,00:01:58,94,85,2142,1008,72383,0,2,5,6,2,2,3,0,0,0,0,0,1,12
1,Liga Nacional,Liga Endesa,https://www.acb.com/Documentos/Cabeceras/logo-competicion-1b.png,https://www.acb.com/Documentos/Cabeceras/logo-competicion-4a.png,89,2024,107,104321,20211331,20211331,20211331,Facundo  Campazzo Avedano,Facu Campazzo,F. Campazzo,Campazzo,202,FALSE,202,NA,4345,2620,Real Madrid,Real Madrid,RMB,71501,106,Pérdida,Turnover,7,TRUE,4,1,37,00:01:37,94,85,0,0,72404,2,5,1,2,2,2,1,3,1,3,0,1,3,10
1,Liga Nacional,Liga Endesa,https://www.acb.com/Documentos/Cabeceras/logo-competicion-1b.png,https://www.acb.com/Documentos/Cabeceras/logo-competicion-4a.png,89,2024,107,104321,20211129,20211129,20211129,Jaime  Pradilla Gayán,Jaime Pradilla,J. Pradilla,Pradilla,202,FALSE,202,NA,4339,2614,Valencia Basket,Valencia Basket,VBC,71601,103,Recuperación,Steal,4,FALSE,4,1,37,00:01:37,94,85,0,0,72404,0,2,5,6,2,2,3,0,1,0,0,0,1,12
1,Liga Nacional,Liga Endesa,https://www.acb.com/Documentos/Cabeceras/logo-competicion-1b.png,https://www.acb.com/Documentos/Cabeceras/logo-competicion-4a.png,89,2024,107,104321,30000107,30000107,21100103,El Hadji Omar Brancou Badio ,Brancou Badio,B. Badio,Badio,202,FALSE,202,NA,4339,2614,Valencia Basket,Valencia Basket,VBC,71701,97,Intento fallado de 2,2-Point Shot Missed,0,FALSE,4,1,15,00:01:15,94,85,5368,-3328,72427,1,3,3,7,2,2,1,3,3,1,0,3,1,11
1,Liga Nacional,Liga Endesa,https://www.acb.com/Documentos/Cabeceras/logo-competicion-1b.png,https://www.acb.com/Documentos/Cabeceras/logo-competicion-4a.png,89,2024,107,104321,30001114,30001114,21100955,Andres Rafael Feliz Sarita,Andrés Feliz,A. Feliz,Feliz,202,FALSE,202,NA,4345,2620,Real Madrid,Real Madrid,RMB,71801,104,Rebote Defensivo,Defensive Rebound,24,TRUE,4,1,15,00:01:15,94,85,0,0,72427,1,1,8,11,1,1,5,4,0,0,0,2,1,20
1,Liga Nacional,Liga Endesa,https://www.acb.com/Documentos/Cabeceras/logo-competicion-1b.png,https://www.acb.com/Documentos/Cabeceras/logo-competicion-4a.png,89,2024,107,104321,30000032,30000032,21100034,Matthew Tyler Costello ,Matt Costello,M. Costello,Costello,202,FALSE,202,NA,4339,2614,Valencia Basket,Valencia Basket,VBC,72301,159,Personal no TL,Foul No FT,24,FALSE,4,1,4,00:01:04,94,85,0,0,72445,1,2,3,3,1,1,6,1,1,1,0,4,1,10
1,Liga Nacional,Liga Endesa,https://www.acb.com/Documentos/Cabeceras/logo-competicion-1b.png,https://www.acb.com/Documentos/Cabeceras/logo-competicion-4a.png,89,2024,107,104321,30001114,30001114,21100955,Andres Rafael Feliz Sarita,Andrés Feliz,A. Feliz,Feliz,202,FALSE,202,NA,4345,2620,Real Madrid,Real Madrid,RMB,72401,110,Falta recibida,Foul Received,24,TRUE,4,1,4,00:01:04,94,85,0,0,72445,1,1,8,11,1,1,5,4,0,0,0,2,2,20
1,Liga Nacional,Liga Endesa,https://www.acb.com/Documentos/Cabeceras/logo-competicion-1b.png,https://www.acb.com/Documentos/Cabeceras/logo-competicion-4a.png,89,2024,107,104321,30001114,30001114,21100955,Andres Rafael Feliz Sarita,Andrés Feliz,A. Feliz,Feliz,202,FALSE,202,NA,4345,2620,Real Madrid,Real Madrid,RMB,72601,115,Sale Pista,Substitution - Out,24,TRUE,4,1,4,00:01:04,94,85,0,0,72451,1,1,8,11,1,1,5,4,0,0,0,2,2,20
1,Liga Nacional,Liga Endesa,https://www.acb.com/Documentos/Cabeceras/logo-competicion-1b.png,https://www.acb.com/Documentos/Cabeceras/logo-competicion-4a.png,89,2024,107,104321,30001229,30001229,21101034,Eli John Ndiaye Faye,Eli John Ndiaye,E. Ndiaye,Ndiaye,202,FALSE,202,NA,4345,2620,Real Madrid,Real Madrid,RMB,72701,112,Entra Pista,Substitution - In,30,TRUE,4,1,4,00:01:04,94,85,0,0,72451,1,1,2,2,0,0,8,0,0,0,0,1,0,7
1,Liga Nacional,Liga Endesa,https://www.acb.com/Documentos/Cabeceras/logo-competicion-1b.png,https://www.acb.com/Documentos/Cabeceras/logo-competicion-4a.png,89,2024,107,104321,30000032,30000032,21100034,Matthew Tyler Costello ,Matt Costello,M. Costello,Costello,202,FALSE,202,NA,4339,2614,Valencia Basket,Valencia Basket,VBC,72801,115,Sale Pista,Substitution - Out,24,FALSE,4,1,4,00:01:04,94,85,0,0,72451,1,2,3,3,1,1,6,1,1,1,0,4,1,10
1,Liga Nacional,Liga Endesa,https://www.acb.com/Documentos/Cabeceras/logo-competicion-1b.png,https://www.acb.com/Documentos/Cabeceras/logo-competicion-4a.png,89,2024,107,104321,30002724,30002724,21102352,Nathan Donald Reuvers ,Nate Reuvers,N. Reuvers,Reuvers,202,FALSE,202,NA,4339,2614,Valencia Basket,Valencia Basket,VBC,72901,112,Entra Pista,Substitution - In,3,FALSE,4,1,4,00:01:04,94,85,0,0,72451,2,4,2,2,2,3,1,0,0,1,0,1,3,12
1,Liga Nacional,Liga Endesa,https://www.acb.com/Documentos/Cabeceras/logo-competicion-1b.png,https://www.acb.com/Documentos/Cabeceras/logo-competicion-4a.png,89,2024,107,104321,30000107,30000107,21100103,El Hadji Omar Brancou Badio ,Brancou Badio,B. Badio,Badio,202,FALSE,202,NA,4339,2614,Valencia Basket,Valencia Basket,VBC,73301,161,Personal 2TL,Foul 2FT,0,FALSE,4,1,0,00:01:00,94,85,0,0,72475,1,3,3,7,2,2,1,3,3,1,0,4,1,11
1,Liga Nacional,Liga Endesa,https://www.acb.com/Documentos/Cabeceras/logo-competicion-1b.png,https://www.acb.com/Documentos/Cabeceras/logo-competicion-4a.png,89,2024,107,104321,30003363,30003363,21102921,Xavier Andrew Rathan-Mayes,Xavier Rathan-Mayes,X. Rathan-Mayes,Rathan-Mayes,202,FALSE,202,NA,4345,2620,Real Madrid,Real Madrid,RMB,73401,110,Falta recibida,Foul Received,8,TRUE,4,1,0,00:01:00,94,85,0,0,72475,0,2,0,1,0,0,0,1,2,3,0,0,3,0
1,Liga Nacional,Liga Endesa,https://www.acb.com/Documentos/Cabeceras/logo-competicion-1b.png,https://www.acb.com/Documentos/Cabeceras/logo-competicion-4a.png,89,2024,107,104321,30003363,30003363,21102921,Xavier Andrew Rathan-Mayes,Xavier Rathan-Mayes,X. Rathan-Mayes,Rathan-Mayes,202,FALSE,202,NA,4345,2620,Real Madrid,Real Madrid,RMB,73501,92,Canasta de 1,Free Throw Made,8,TRUE,4,1,0,00:01:00,95,85,0,0,72497,0,2,0,1,1,1,0,1,2,3,0,0,3,1
1,Liga Nacional,Liga Endesa,https://www.acb.com/Documentos/Cabeceras/logo-competicion-1b.png,https://www.acb.com/Documentos/Cabeceras/logo-competicion-4a.png,89,2024,107,104321,30003363,30003363,21102921,Xavier Andrew Rathan-Mayes,Xavier Rathan-Mayes,X. Rathan-Mayes,Rathan-Mayes,202,FALSE,202,NA,4345,2620,Real Madrid,Real Madrid,RMB,73601,92,Canasta de 1,Free Throw Made,8,TRUE,4,1,0,00:01:00,96,85,0,0,72510,0,2,0,1,2,2,0,1,2,3,0,0,3,2
1,Liga Nacional,Liga Endesa,https://www.acb.com/Documentos/Cabeceras/logo-competicion-1b.png,https://www.acb.com/Documentos/Cabeceras/logo-competicion-4a.png,89,2024,107,104321,30000514,30000514,21100451,Jean Claudio Montero Berroa,Jean Montero,J. Montero,Montero,202,FALSE,202,NA,4339,2614,Valencia Basket,Valencia Basket,VBC,73901,106,Pérdida,Turnover,8,FALSE,4,0,54,00:00:54,96,85,0,0,72519,1,3,3,6,2,2,4,8,1,3,0,2,3,11
1,Liga Nacional,Liga Endesa,https://www.acb.com/Documentos/Cabeceras/logo-competicion-1b.png,https://www.acb.com/Documentos/Cabeceras/logo-competicion-4a.png,89,2024,107,104321,20211331,20211331,20211331,Facundo  Campazzo Avedano,Facu Campazzo,F. Campazzo,Campazzo,202,FALSE,202,NA,4345,2620,Real Madrid,Real Madrid,RMB,74001,103,Recuperación,Steal,7,TRUE,4,0,54,00:00:54,96,85,0,0,72519,2,5,1,2,2,2,1,3,2,3,0,1,3,10
1,Liga Nacional,Liga Endesa,https://www.acb.com/Documentos/Cabeceras/logo-competicion-1b.png,https://www.acb.com/Documentos/Cabeceras/logo-competicion-4a.png,89,2024,107,104321,30003363,30003363,21102921,Xavier Andrew Rathan-Mayes,Xavier Rathan-Mayes,X. Rathan-Mayes,Rathan-Mayes,202,FALSE,202,NA,4345,2620,Real Madrid,Real Madrid,RMB,74101,98,Intento fallado de 3,3-Point Shot Missed,8,TRUE,4,0,37,00:00:37,96,85,5494,-5445,72536,0,3,0,1,2,2,0,1,2,3,0,0,3,2
1,Liga Nacional,Liga Endesa,https://www.acb.com/Documentos/Cabeceras/logo-competicion-1b.png,https://www.acb.com/Documentos/Cabeceras/logo-competicion-4a.png,89,2024,107,104321,20211129,20211129,20211129,Jaime  Pradilla Gayán,Jaime Pradilla,J. Pradilla,Pradilla,202,FALSE,202,NA,4339,2614,Valencia Basket,Valencia Basket,VBC,74201,104,Rebote Defensivo,Defensive Rebound,4,FALSE,4,0,37,00:00:37,96,85,0,0,72536,0,2,5,6,2,2,4,0,1,0,0,0,1,12
1,Liga Nacional,Liga Endesa,https://www.acb.com/Documentos/Cabeceras/logo-competicion-1b.png,https://www.acb.com/Documentos/Cabeceras/logo-competicion-4a.png,89,2024,107,104321,30003363,30003363,21102921,Xavier Andrew Rathan-Mayes,Xavier Rathan-Mayes,X. Rathan-Mayes,Rathan-Mayes,202,FALSE,202,NA,4345,2620,Real Madrid,Real Madrid,RMB,74401,161,Personal 2TL,Foul 2FT,8,TRUE,4,0,24,00:00:24,96,85,0,0,72551,0,3,0,1,2,2,0,1,2,3,0,1,3,2
1,Liga Nacional,Liga Endesa,https://www.acb.com/Documentos/Cabeceras/logo-competicion-1b.png,https://www.acb.com/Documentos/Cabeceras/logo-competicion-4a.png,89,2024,107,104321,30002724,30002724,21102352,Nathan Donald Reuvers ,Nate Reuvers,N. Reuvers,Reuvers,202,FALSE,202,NA,4339,2614,Valencia Basket,Valencia Basket,VBC,74501,110,Falta recibida,Foul Received,3,FALSE,4,0,24,00:00:24,96,85,0,0,72551,2,4,2,2,2,3,1,0,0,1,0,1,4,12
1,Liga Nacional,Liga Endesa,https://www.acb.com/Documentos/Cabeceras/logo-competicion-1b.png,https://www.acb.com/Documentos/Cabeceras/logo-competicion-4a.png,89,2024,107,104321,30000514,30000514,21100451,Jean Claudio Montero Berroa,Jean Montero,J. Montero,Montero,202,FALSE,202,NA,4339,2614,Valencia Basket,Valencia Basket,VBC,74601,119,Asistencia Falta Recibida,Assist Foul Received,8,FALSE,4,0,24,00:00:24,96,85,0,0,72551,1,3,3,6,2,2,4,9,1,3,0,2,3,11
1,Liga Nacional,Liga Endesa,https://www.acb.com/Documentos/Cabeceras/logo-competicion-1b.png,https://www.acb.com/Documentos/Cabeceras/logo-competicion-4a.png,89,2024,107,104321,30002724,30002724,21102352,Nathan Donald Reuvers ,Nate Reuvers,N. Reuvers,Reuvers,202,FALSE,202,NA,4339,2614,Valencia Basket,Valencia Basket,VBC,74701,96,Intento fallado de 1,Free Throw Missed,3,FALSE,4,0,24,00:00:24,96,85,0,0,72576,2,4,2,2,2,4,1,0,0,1,0,1,4,12
1,Liga Nacional,Liga Endesa,https://www.acb.com/Documentos/Cabeceras/logo-competicion-1b.png,https://www.acb.com/Documentos/Cabeceras/logo-competicion-4a.png,89,2024,107,104321,30002724,30002724,21102352,Nathan Donald Reuvers ,Nate Reuvers,N. Reuvers,Reuvers,202,FALSE,202,NA,4339,2614,Valencia Basket,Valencia Basket,VBC,74801,92,Canasta de 1,Free Throw Made,3,FALSE,4,0,24,00:00:24,96,86,0,0,72594,2,4,2,2,3,5,1,0,0,1,0,1,4,13
1,Liga Nacional,Liga Endesa,https://www.acb.com/Documentos/Cabeceras/logo-competicion-1b.png,https://www.acb.com/Documentos/Cabeceras/logo-competicion-4a.png,89,2024,107,104321,30001229,30001229,21101034,Eli John Ndiaye Faye,Eli John Ndiaye,E. Ndiaye,Ndiaye,202,FALSE,202,NA,4345,2620,Real Madrid,Real Madrid,RMB,75101,98,Intento fallado de 3,3-Point Shot Missed,30,TRUE,4,0,13,00:00:13,96,86,0,-6857,72609,1,2,2,2,0,0,8,0,0,0,0,1,0,7
1,Liga Nacional,Liga Endesa,https://www.acb.com/Documentos/Cabeceras/logo-competicion-1b.png,https://www.acb.com/Documentos/Cabeceras/logo-competicion-4a.png,89,2024,107,104321,30003363,30003363,21102921,Xavier Andrew Rathan-Mayes,Xavier Rathan-Mayes,X. Rathan-Mayes,Rathan-Mayes,202,FALSE,202,NA,4345,2620,Real Madrid,Real Madrid,RMB,75201,101,Rebote Ofensivo,Offensive Rebound,8,TRUE,4,0,13,00:00:13,96,86,0,0,72609,0,3,0,1,2,2,1,1,2,3,0,1,3,2
1,Liga Nacional,Liga Endesa,https://www.acb.com/Documentos/Cabeceras/logo-competicion-1b.png,https://www.acb.com/Documentos/Cabeceras/logo-competicion-4a.png,89,2024,107,104321,30003363,30003363,21102921,Xavier Andrew Rathan-Mayes,Xavier Rathan-Mayes,X. Rathan-Mayes,Rathan-Mayes,202,FALSE,202,NA,4345,2620,Real Madrid,Real Madrid,RMB,75301,97,Intento fallado de 2,2-Point Shot Missed,8,TRUE,4,0,8,00:00:08,96,86,76,1664,72613,0,3,0,2,2,2,1,1,2,3,0,1,3,2
1,Liga Nacional,Liga Endesa,https://www.acb.com/Documentos/Cabeceras/logo-competicion-1b.png,https://www.acb.com/Documentos/Cabeceras/logo-competicion-4a.png,89,2024,107,104321,20211129,20211129,20211129,Jaime  Pradilla Gayán,Jaime Pradilla,J. Pradilla,Pradilla,202,FALSE,202,NA,4339,2614,Valencia Basket,Valencia Basket,VBC,75401,104,Rebote Defensivo,Defensive Rebound,4,FALSE,4,0,8,00:00:08,96,86,0,0,72613,0,2,5,6,2,2,5,0,1,0,0,0,1,12
1,Liga Nacional,Liga Endesa,https://www.acb.com/Documentos/Cabeceras/logo-competicion-1b.png,https://www.acb.com/Documentos/Cabeceras/logo-competicion-4a.png,89,2024,107,104321,20211660,20211660,20211660,Xabier  López-Arostegui Eskauriaza,Xabi López-Arostegui,López-Arostegui,López-A.,202,FALSE,202,NA,4339,2614,Valencia Basket,Valencia Basket,VBC,75801,94,Canasta de 3,3-Point Shot Made,6,FALSE,4,0,0,00:00:00,96,89,4083,5798,72623,1,1,0,1,2,2,2,3,0,0,0,2,2,5
1,Liga Nacional,Liga Endesa,https://www.acb.com/Documentos/Cabeceras/logo-competicion-1b.png,https://www.acb.com/Documentos/Cabeceras/logo-competicion-4a.png,89,2024,107,104321,20211129,20211129,20211129,Jaime  Pradilla Gayán,Jaime Pradilla,J. Pradilla,Pradilla,202,FALSE,202,NA,4339,2614,Valencia Basket,Valencia Basket,VBC,76001,108,Asistencia tiro de 3,Assist 3-Point Shot,4,FALSE,4,0,0,00:00:00,96,89,0,0,72623,0,2,5,6,2,2,5,1,1,0,0,0,1,12
1,Liga Nacional,Liga Endesa,https://www.acb.com/Documentos/Cabeceras/logo-competicion-1b.png,https://www.acb.com/Documentos/Cabeceras/logo-competicion-4a.png,89,2024,107,104321,NA,NA,NA,NA,NA,NA,NA,NA,NA,NA,NA,NA,NA,NA,NA,NA,76301,116,Final de Periodo,End of the Quarter,NA,FALSE,4,0,0,00:00:00,96,89,0,0,72630,NA,NA,NA,NA,NA,NA,NA,NA,NA,NA,NA,NA,NA,NA
1,Liga Nacional,Liga Endesa,https://www.acb.com/Documentos/Cabeceras/logo-competicion-1b.png,https://www.acb.com/Documentos/Cabeceras/logo-competicion-4a.png,89,2024,107,104321,NA,NA,NA,NA,NA,NA,NA,NA,NA,NA,NA,NA,NA,NA,NA,NA,76401,123,Final Partido,End of the Game,NA,FALSE,4,0,0,00:00:00,96,89,0,0,72631,NA,NA,NA,NA,NA,NA,NA,NA,NA,NA,NA,NA,NA,NA
